URL handle,Title,Tags,Status
10-2-in-stainless-steel-frying-pan-with-glass-lid,10.2 in Stainless Steel Frying Pan with Glass Lid,"Borosilicate glass lid; stainless steel construction, cat:kitchen, cat:new-arrivals, Christmas, Classic/Heritage, Cooking & Baking, Cooking Together, Everyday Use, Frying Pan with Lid, Gifting, Glass, Housewarming, Minimalist, OLLAS ACERO INOXIDABLE, Organic Modern, seg:the-first-kitchen, seg:weeknight-ceremony, Self-Gift, Silver, Stainless steel, The Dinner Party, The Housewarming, Wedding, Wedding Season, kit:eligible",Active
12-cup-black-moka-pot-coffee-maker,12-Cup Black Moka Pot Coffee Maker,"12-cup capacity; aluminum body with polypropylene handle; hand-wash care helps preserve flavor., Aluminum, Black, cat:new-arrivals, cat:tabletop, Christmas, Coffee & Tea, Everyday Use, Father's Day, Gifting, Holiday Gift, Housewarming, Minimalist, MOKA, Moka Pot, Mother's Day, Organic Modern, Polypropylene, Scandinavian, seg:weeknight-ceremony, Self-Gift, Slow Mornings, The Coffee Ritual, The Overnight Guest, kit:eligible",Active
12-inch-stainless-steel-balloon-whisk,12-Inch Stainless Steel Balloon Whisk,"Balloon Whisk, cat:kitchen, cat:new-arrivals, Cooking & Baking, Cooking Together, Dishwasher-safe stainless steel; hanging loop for utensil hooks, Everyday Use, Gifting, Hostess Gift, Housewarming, Minimalist, Scandinavian, Self-Gift, Silver, Stainless steel, The Host's Touch, Wedding Season, Weekend Brunch, kit:eligible",Active
13-8-in-35-cm-artificial-pine-tree-with-jute-base,13.8 in (35 cm) Artificial Pine Tree with Jute Base,"Abeto, Artificial Tree, cat:decor, cat:new-arrivals, Chino, Christmas, Décor & Styling, Gifting, Green, Holiday Gift, Holiday Traditions, Hostess Gift, Housewarming, Japandi, Jute, New Year, No water or sunlight required; indoor use with dry-cloth care, Organic Modern, Polietileno, Scandinavian, Seasonal Tables, seg:someone-in-mind, Special Occasion, Thanksgiving, The Collected Home, kit:eligible",Active
15-cavity-silicone-heart-mold-in-gray,15-Cavity Silicone Heart Mold in Gray,"15 heart-shaped cavities; non-toxic silicone; freezer- and dishwasher-safe., Candy Mold, cat:kitchen, cat:new-arrivals, Cooking & Baking, Entertaining, Gifting, Gray, Hostess Gift, Hostess Gifts, Housewarming, Just Because, Minimalist, Mother's Day, Organic Modern, Scandinavian, Silicone, The Host's Touch, Valentine's Day, Wedding Season, kit:eligible",Active
15-cavity-star-silicone-mold-for-candy,15-Cavity Star Silicone Mold for Candy,"Bar & Barware, Candy Mold, cat:kitchen, cat:new-arrivals, Christmas, Cocktail Hour, Cooking & Baking, Fourth of July, Gifting, Gray, Holiday Gift, Holiday Traditions, Hostess Gift, Housewarming, Minimalist, New Year, Non-toxic silicone; freezer- and dishwasher-safe; heat-resistant, Organic Modern, Scandinavian, seg:season-opener, Silicone, The Tea Ritual, with no direct flame or hot-oil contact., kit:eligible",Active
17-7-in-faux-pine-tree-with-trunk-and-jute-base,17.7 in Faux Pine Tree with Trunk and Jute Base,"Abeto, and real Chinese fir; easy to clean with a dry cloth for indoor use., Artificial Tree, cat:decor, cat:new-arrivals, Chino, Christmas, Décor & Styling, Gifting, Green, Holiday Gift, Holiday Traditions, Hostess Gift, Housewarming, Jute, Made with polyethylene greenery, Minimalist, New Year, Organic Modern, Polietileno, Scandinavian, Seasonal Tables, seg:someone-in-mind, Special Occasion, Thanksgiving, The Host's Touch, kit:eligible",Active
22-fl-oz-acrylic-wine-glass-with-bamboo-stem,22 fl oz Acrylic Wine Glass with Bamboo Stem,"22 fl oz (650 mL) capacity; clear acrylic with bamboo stem, ACRILICO BAMBU, Acrylic, Bar & Barware, cat:new-arrivals, cat:outdoor, Clear, Coastal, Entertaining, Fourth of July, Hostess Gift, Housewarming, Minimalist, Organic Modern, Outdoor & Patio, Outdoor Living, Self-Gift, The Well-Set Bar, Wedding Season, Wine Glass, Wine Night, kit:eligible",Active
5-piece-bamboo-cooking-utensil-set,5-Piece Bamboo Cooking Utensil Set,"100% bamboo; gentle on nonstick cookware, Bamboo, BAMBU, cat:gifts, cat:kitchen, cat:new-arrivals, Cooking & Baking, Cooking Together, Cooking Utensil Set, Everyday Use, Gifting, Graduation Season, Hostess Gift, Hostess Gifts, Housewarming, Japandi, Minimalist, Natural Wood, Organic Modern, seg:first-dinner-party, Self-Gift, The Sunday Table, Wedding Season, kit:eligible",Active
5-piece-wine-tool-set-in-round-bamboo-box,5-Piece Wine Tool Set in Round Bamboo Box,"Aleacion, and silicone tools, Bamboo, Bamboo storage box; stainless steel, Bar & Barware, cat:bar-glassware, cat:gifts, cat:new-arrivals, Christmas, Entertaining, Father's Day, Gifting, Hostess Gift, Housewarming, Japandi, Minimalist, Organic Modern, seg:first-dinner-party, seg:the-full-table, Silicone, Silver, Stainless steel, The Dinner Party, The Well-Set Bar, Wedding, Wedding Season, Wine Night, Wine Tool Set, Zinc, zinc alloy, kit:eligible",Active
6-cup-nonstick-muffin-pan,6-Cup Nonstick Muffin Pan,"Al, Antiadherente, Black, Carbono, cat:kitchen, cat:new-arrivals, Christmas, Cooking & Baking, Everyday Use, Gifting, Hostess Gift, Hostess Gifts, Housewarming, Minimalist, Mother's Day, Muffin Pan, Nonstick coating; carbon steel construction for even heating, Organic Modern, Revestimiento, Self-Gift, Steel, Thanksgiving, The Sunday Table, Weekend Brunch, kit:eligible",Active
8-piece-stainless-steel-nonstick-cookware-set,8-Piece Stainless Steel Nonstick Cookware Set,"cat:gifts, cat:kitchen, cat:new-arrivals, Classic/Heritage, Cooking & Baking, Cooking Together, Cookware Set, Everyday Use, Gifting, Glass, Graduation, Graduation Season, Housewarming, Minimalist, Nonstick interiors; glass lids for covered cooking, OLLAS ACERO INOXIDABLE, Organic Modern, seg:first-dinner-party, seg:the-first-kitchen, seg:weeknight-ceremony, Silver, Stainless steel, The Dinner Party, The Housewarming, Wedding, Wedding Season, kit:eligible",Active
abe-silver-large-stainless-steel-serving-spoon,Abe Silver Large Stainless Steel Serving Spoon,"ABE, cat:kitchen, cat:new-arrivals, Christmas, Classic/Heritage, Entertaining, Everyday Use, Hostess Gift, Housewarming, Minimalist, Organic Modern, seg:the-first-kitchen, seg:the-full-table, Serving, Serving Spoon, Silver, Stainless steel, Stainless steel; dishwasher-safe when dried immediately, Thanksgiving, The Dinner Party, The Host's Touch, Wedding, Wedding Season, Weekend Gatherings, kit:eligible",Active
abe-silver-pasta-server-spoon,Abe Silver Pasta Server Spoon,"ABE, cat:kitchen, cat:new-arrivals, Cooking & Baking, Cooking Together, Entertaining, Hostess Gift, Hostess Gifts, Housewarming, Minimalist, Organic Modern, Pasta Server Spoon, Scandinavian, Self-Gift, Serving, Silver, Stainless steel, Stainless steel; dishwasher-safe with immediate drying., The Sunday Table, Wedding Season, kit:eligible",Active
abe-silver-stainless-steel-ladle,Abe Silver Stainless Steel Ladle,"ABE, cat:kitchen, cat:new-arrivals, Christmas, Classic/Heritage, Cooking Together, Entertaining, Everyday Use, Hostess Gift, Housewarming, Ladle, Minimalist, Scandinavian, seg:the-first-kitchen, Serving, Silver, Stainless steel, Stainless steel construction; dishwasher safe with immediate drying after washing, Thanksgiving, The Host's Touch, The Sunday Table, Wedding, Wedding Season, kit:eligible",Active
abe-silver-stainless-steel-potato-masher,Abe Silver Stainless Steel Potato Masher,"ABE, cat:kitchen, cat:new-arrivals, Christmas, Cooking & Baking, Cooking Together, Dishwasher-safe stainless steel; perforated round plate; compact 8.7 in (22 cm) length., Everyday Use, Gifting, Hostess Gift, Housewarming, Minimalist, Organic Modern, Potato Masher, Scandinavian, seg:weeknight-ceremony, Self-Gift, Silver, Stainless steel, Thanksgiving, The Sunday Table, Wedding Season, kit:eligible",Active
abe-silver-stainless-steel-skimmer-spoon,Abe Silver Stainless Steel Skimmer Spoon,"ABE, cat:kitchen, cat:new-arrivals, Christmas, Classic/Heritage, Cooking & Baking, Cooking Together, Everyday Use, Hostess Gift, Housewarming, Minimalist, Serving, Silver, Skimmer Spoon, Stainless steel, Stainless steel; dishwasher-safe with immediate drying, Thanksgiving, The Dinner Party, Wedding, Wedding Season, Weekend Gatherings, kit:eligible",Active
acacia-and-stainless-steel-bbq-tongs,Acacia and Stainless Steel BBQ Tongs,"BBQ, BBQ Tongs, cat:new-arrivals, cat:outdoor, Cooking & Baking, Entertaining, Father's Day, Fourth of July, Hostess Gift, Housewarming, Minimalist, Natural Wood, Organic Modern, Outdoor & Patio, Outdoor Living, Scandinavian, seg:the-first-kitchen, Silver, Stainless steel, Stainless steel construction; extra-long reach; natural wood handles, The Backyard BBQ, The Host's Touch, Wedding, Wedding Season, kit:eligible",Active
acacia-and-white-silicone-pastry-brush,Acacia and White Silicone Pastry Brush,"Acacia, cat:kitchen, cat:new-arrivals, Christmas, Cooking & Baking, Cooking Together, Everyday Use, Gifting, Heat-resistant silicone rated 5°F to 356°F (-15°C to 180°C); acacia wood handle with stainless steel collar; non-shedding silicone bristles, Hostess Gift, Housewarming, Japandi, Minimalist, Organic Modern, Pastry Brush, Recipes Worth Passing Down, Self-Gift, SILICONA ACACIA, Silicone, Stainless steel, Thanksgiving, The Sunday Table, Wedding Season, White, Wood, kit:eligible",Active
acacia-bbq-knife-and-fork-set,Acacia BBQ Knife and Fork Set,"Acacia, BBQ, BBQ Knife & Fork Set, Birthday, cat:gifts, cat:new-arrivals, cat:outdoor, Entertaining, Father's Day, Fourth of July, Holiday Gift, Housewarming, Minimalist, Natural Wood, Organic Modern, Outdoor & Patio, Outdoor Living, seg:season-opener, Serving, Stainless steel, Stainless steel and acacia wood; extra-long reach, Thanksgiving, The Backyard BBQ, Wabi-Sabi, Weekend Gatherings, Wood, kit:eligible",Active
acacia-corn-skewers-set-of-6,"Acacia Corn Skewers, Set of 6","Acacia wood handles with stainless steel tips; set of 6 for three ears of corn., BBQ, cat:gifts, cat:new-arrivals, cat:outdoor, Coastal, Corn Holder, Entertaining, Father's Day, Fourth of July, Hostess Gift, Housewarming, Just Because, Minimalist, Natural Wood, Organic Modern, Outdoor & Patio, Outdoor Living, seg:someone-in-mind, Serving, Stainless steel, Summer Entertaining, The Backyard BBQ, Wood, kit:eligible",Active
acacia-gray-silicone-soup-ladle,Acacia & Gray Silicone Soup Ladle,"Acacia, cat:kitchen, cat:new-arrivals, Cooking & Baking, Cooking Together, Everyday Use, Gray, Heat-resistant silicone; dishwasher-safe, Hostess Gift, Housewarming, Japandi, Minimalist, Open-Door Hospitality, Organic Modern, Self-Gift, Serving, SILICONA ACACIA, Silicone, Soup Ladle, Thanksgiving, The Sunday Table, kit:eligible",Active
acacia-handle-cut-and-serve-pie-server,Acacia Handle Cut and Serve Pie Server,"Acacia, cat:kitchen, cat:new-arrivals, Christmas, Classic/Heritage, Cut-and-serve stainless steel head; acacia wood handle., Entertaining, Everyday Use, Holiday Traditions, Hostess Gift, Housewarming, Minimalist, Organic Modern, Pie Server, Plastic, seg:the-first-kitchen, Serving, Silver, Stainless steel, Thanksgiving, The Host's Touch, The Sunday Table, Wedding, Wedding Season, Wood, kit:eligible",Active
acacia-handle-ice-cream-scoop,Acacia Handle Ice Cream Scoop,"A Gift with a Story, Acacia, Aleacion, cat:kitchen, cat:new-arrivals, Classic/Heritage, Entertaining, Everyday Use, Gifting, Hostess Gift, Housewarming, Ice Cream Scoop, Just Because, Minimalist, Organic Modern, seg:first-dinner-party, Silver, The Dinner Party, Wedding Season, Weekend Gatherings, Wood, Zinc, Zinc alloy head with acacia wood handle, kit:eligible",Active
acacia-handle-steak-knife-fork-set-8-piece,"Acacia Handle Steak Knife & Fork Set, 8-Piece","Acacia, BBQ, Birthday, cat:gifts, cat:new-arrivals, cat:outdoor, Classic/Heritage, Coordinated 8-piece fork-and-knife set; acacia wood handles with stainless steel heads, Entertaining, Father's Day, Fourth of July, Hostess Gift, Housewarming, Natural Wood, Organic Modern, Outdoor & Patio, Outdoor Living, seg:season-opener, Serving, Stainless steel, Steak Knife & Fork Set, The Backyard BBQ, Wabi-Sabi, Weekend Gatherings, kit:eligible",Active
acacia-herringbone-cutting-serving-board,Acacia Herringbone Cutting & Serving Board,"100% acacia wood; natural herringbone pattern; compact cutting and serving surface, Acacia, cat:new-arrivals, cat:tabletop, Christmas, Cutting & Serving Board, Entertaining, Everyday Use, Hostess Gift, Hostess Gifts, Housewarming, Japandi, Natural Wood, Organic Modern, seg:season-opener, seg:the-first-kitchen, seg:the-full-table, Serving, Thanksgiving, The Dinner Party, Wabi-Sabi, Wedding, Wedding Season, Weekend Gatherings, Wood, kit:eligible",Active
acacia-pizza-cutter-serving-board-set,Acacia Pizza Cutter & Serving Board Set,"Acacia, Acacia wood board with stainless steel pizza wheel; radial slice guides., cat:gifts, cat:new-arrivals, cat:tabletop, Entertaining, Everyday Use, Game Night, Hostess Gift, Housewarming, Japandi, Minimalist, Natural Wood, Organic Modern, Pizza Cutter & Board Set, seg:first-dinner-party, Self-Gift, Serving, Stainless steel, The Host's Touch, Wedding Season, Weekend Gatherings, Wood, kit:eligible",Active
acacia-wood-and-white-silicone-whisk,Acacia Wood and White Silicone Whisk,"Acacia, cat:kitchen, cat:new-arrivals, Christmas, Cooking & Baking, Cooking Together, Entertaining, Everyday Use, Hostess Gift, Housewarming, Japandi, Mother's Day, Nonstick-safe silicone wires; acacia wood handle; heat-resistant silicone rated from 5°F to 356°F (-15°C to 180°C)., Organic Modern, Polypropylene, Scandinavian, seg:the-first-kitchen, SILICONA ACACIA, Silicone, Stainless steel, The Housewarming, The Sunday Table, Wedding, Wedding Season, Whisk, White, Wood, kit:eligible",Active
acacia-wood-egg-tray-for-6,Acacia Wood Egg Tray for 6,"100% wood construction; carved six-egg organization, ACACIA, cat:kitchen, cat:new-arrivals, Cooking & Baking, Cooking Together, Décor & Styling, Easter, Egg Tray, Everyday Use, Hostess Gift, Housewarming, Japandi, Minimalist, Mother's Day, Natural, Organic Modern, seg:weeknight-ceremony, Self-Gift, Slow Mornings, The Host's Touch, Wood, kit:eligible",Active
acacia-wood-footed-tray,Acacia Wood Footed Tray,"A Gift with a Story, Acacia, Acacia wood construction; compact raised-foot design, Brown, cat:new-arrivals, cat:tabletop, Christmas, Cocktail Hour, Entertaining, Gifting, Hostess Gift, Housewarming, Japandi, Minimalist, Organic Modern, seg:season-opener, Serving, Serving Tray, Thank-You, Thanksgiving, The Host's Touch, Wedding Season, Wood, kit:eligible",Active
acacia-wood-gray-silicone-rolling-pin,Acacia Wood & Gray Silicone Rolling Pin,"Acacia, cat:kitchen, cat:new-arrivals, Christmas, Cooking & Baking, Cooking Together, Everyday Use, Gifting, Gray, Holiday Gift, Holiday Traditions, Hostess Gift, Housewarming, Minimalist, Nonstick silicone surface; acacia wood handles; easy hand-clean care, Organic Modern, Recipes Worth Passing Down, Rolling Pin, Scandinavian, SILICONA ACACIA, Silicone, Thanksgiving, Wedding Season, Wood, kit:eligible",Active
acacia-wood-handle-manual-can-opener,Acacia Wood Handle Manual Can Opener,"Acacia, Acacia wood handle; compact manual design, Can Opener, cat:kitchen, cat:new-arrivals, Classic/Heritage, Cooking & Baking, Cooking Together, Everyday Use, Gifting, Graduation Season, Hostess Gift, Housewarming, Iron, Minimalist, Organic Modern, Plastic, Self-Gift, Silver, Stainless steel, The Collected Home, The Host's Touch, Wedding Season, Wood, kit:eligible",Active
acacia-wood-salad-servers-with-ribbon-set-of-2,"Acacia Wood Salad Servers with Ribbon, Set of 2","100% acacia wood; ribbon-tied set of 2, Acacia, cat:gifts, cat:new-arrivals, cat:tabletop, Christmas, Entertaining, Everyday Use, Hostess Gift, Hostess Gifts, Housewarming, Japandi, Minimalist, Natural, Organic Modern, Salad Servers, Serving, Thank-You, Thanksgiving, The Sunday Table, Wedding Season, Weekend Gatherings, Wood, kit:eligible",Active
acacia-wood-salt-shaker-7-9-in,"Acacia Wood Salt Shaker, 7.9 in","100% acacia wood; natural finish, Acacia, cat:new-arrivals, cat:tabletop, Christmas, Entertaining, Everyday Use, Hostess Gift, Housewarming, Japandi, Minimalist, Natural, Organic Modern, Salt Shaker, seg:the-full-table, Serving, Thank-You, Thanksgiving, The Dinner Party, The Host's Touch, The Sunday Table, Wedding Season, Wood, kit:eligible",Active
acacia-wood-spoon-rest,Acacia Wood Spoon Rest,"100% wood; natural acacia wood grain; made to keep cooking utensils off clean counters., ACACIA, cat:kitchen, cat:new-arrivals, Cooking & Baking, Cooking Together, Everyday Use, Gifting, Hostess Gift, Housewarming, Japandi, Just Because, Minimalist, Mother's Day, Natural, Organic Modern, Spoon Rest, The Host's Touch, The Sunday Table, Wedding Season, Wood, kit:eligible",Active
adesia-gray-abs-garlic-chopper,Adesia Gray ABS Garlic Chopper,"Abs, cat:kitchen, cat:new-arrivals, Cooking & Baking, Cooking Together, Dishwasher-safe; compact 100% ABS construction, Everyday Use, Gifting, Gray, Hostess Gift, Hostess Gifts, Housewarming, Manual Garlic Chopper, Minimalist, Organic Modern, Scandinavian, SLATE, Thank-You, The Sunday Table, Wedding Season, kit:eligible",Active
adesia-gray-handheld-spiral-grater,Adesia Gray Handheld Spiral Grater,"Abs, cat:kitchen, cat:new-arrivals, Cooking & Baking, Cooking Together, Dishwasher safe; compact handheld format; stainless steel cutting edge, Everyday Use, Gifting, Gray, Hostess Gift, Hostess Gifts, Housewarming, Just Because, Minimalist, Organic Modern, Scandinavian, SLATE, Spiral Grater, Stainless steel, Wedding Season, Weekend Gatherings, kit:eligible",Active
adesia-gray-mandoline-slicer-with-container,Adesia Gray Mandoline Slicer with Container,"Abs, cat:gifts, cat:kitchen, cat:new-arrivals, Christmas, Cooking & Baking, Cooking Together, Dishwasher-safe; 4 interchangeable blade plates; 60.9 fl oz (1.8 L) catch container, Everyday Use, Gifting, Gray, Hostess Gift, Hostess Gifts, Housewarming, Mandoline Slicer, Minimalist, Organic Modern, Plastic, Poliestireno, Scandinavian, seg:first-dinner-party, seg:weeknight-ceremony, Self-Gift, SLATE, Stainless steel, Thanksgiving, The Sunday Table, Tpe, Wedding Season, kit:eligible",Active
adesia-gray-multi-function-vegetable-chopper,Adesia Gray Multi-Function Vegetable Chopper,"Abs, cat:kitchen, cat:new-arrivals, Cooking & Baking, Cooking Together, Dishwasher-safe; stainless steel blades., Everyday Use, Gifting, Gray, Hostess Gift, Hostess Gifts, Housewarming, Minimalist, Organic Modern, Poliestireno, Polypropylene, Scandinavian, Self-Gift, SLATE, Stainless steel, Thanksgiving, The Sunday Table, Tpe, Vegetable Chopper, Wedding Season, kit:eligible",Active
adesia-gray-paring-knife-with-cover,Adesia Gray Paring Knife with Cover,"cat:kitchen, cat:new-arrivals, Cooking & Baking, Cooking Together, Everyday Use, Gifting, Gray, Hostess Gift, Housewarming, Minimalist, Organic Modern, Paring Knife, Plastic, Scandinavian, Self-Gift, Stainless steel, Stainless steel blade; fitted blade cover, The Host's Touch, The Housewarming, Wedding Season, kit:eligible",Active
adesia-gray-salad-vegetable-spinner,Adesia Gray Salad & Vegetable Spinner,"Abs, cat:kitchen, cat:new-arrivals, Cooking & Baking, Cooking Together, Dishwasher-safe; removable colander basket; 101.4 fl oz (3 L) capacity, Everyday Use, Gifting, Gray, Hostess Gift, Housewarming, Minimalist, Organic Modern, Plastic, Poliestireno, Polioximetileno, Polypropylene, Salad Spinner, Scandinavian, SLATE, Thanksgiving, The Host's Touch, The Sunday Table, Tpe, Wedding, Wedding Season, kit:eligible",Active
adesia-pull-cord-food-chopper-30-oz-gray,"Adesia Pull Cord Food Chopper, 30 oz Gray","Abs, and beater; stainless steel cutting blade; no outlet required., blade, cat:kitchen, cat:new-arrivals, Christmas, Cooking & Baking, Cooking Together, Dishwasher-safe bowl, Entertaining, Everyday Use, Gray, Hostess Gift, Housewarming, Manual Food Chopper, Minimalist, Organic Modern, Poliestireno, Polypropylene, Scandinavian, seg:the-full-table, Self-Gift, SLATE, Stainless steel, Thanksgiving, The Dinner Party, Tpe, Wedding Season, Weekend Gatherings, kit:eligible",Active
airtight-wine-bottle-stoppers-set-of-2,"Airtight Wine Bottle Stoppers, Set of 2","Abs, Airtight pressure seal; reusable set of 2 that fits most standard bottles, Bar & Barware, Bauhaus, Black, cat:bar-glassware, cat:gifts, cat:new-arrivals, Elastomero, Entertaining, Gifting, Hostess Gift, Hostess Gifts, Housewarming, Minimalist, New Year, Scandinavian, seg:first-dinner-party, seg:someone-in-mind, seg:the-full-table, Termoplástico, Thank-You, Thanksgiving, The Dinner Party, Wedding Season, Wine Bottle Stopper, Wine Night, kit:eligible",Active
alma-silvestre-porcelain-cup-saucer-set-of-4,Alma Silvestre Porcelain Cup & Saucer Set of 4,"ALMA SILVESTRE, cat:gifts, cat:new-arrivals, cat:tabletop, Certified lead- and cadmium-free; microwave- and dishwasher-safe, Christmas, Classic/Heritage, Coffee & Tea, Cup & Saucer Set, Entertaining, Gifting, Hostess Gift, Hostess Gifts, Housewarming, Mother's Day, Multicolor, Organic Modern, Porcelain, seg:weeknight-ceremony, The Coffee Ritual, The Tea Ritual, Wedding, Wedding Season, kit:eligible",Active
alton-copper-16-piece-stainless-steel-flatware-set,Alton Copper 16-Piece Stainless Steel Flatware Set,"ALTON, cat:gifts, cat:new-arrivals, cat:tabletop, Christmas, Copper, Dinner Party, Dishwasher-safe stainless steel; complete 16-piece service for four, Entertaining, Everyday Use, Flatware Set, Hostess Gift, Housewarming, Mid-Century, Minimalist, Organic Modern, seg:the-first-kitchen, seg:the-full-table, Stainless steel, Thanksgiving, The Dinner Party, The Housewarming, The Sunday Table, Wedding, Wedding Season, kit:eligible",Active
alton-matte-black-16-piece-flatware-set,Alton Matte Black 16-Piece Flatware Set,"ALTON, Black, cat:gifts, cat:new-arrivals, cat:tabletop, Christmas, Dishwasher-safe stainless steel; matte black finish., Entertaining, Everyday Use, Flatware Set, Gifting, Hostess Gift, Housewarming, Japandi, Minimalist, Organic Modern, seg:the-first-kitchen, seg:the-full-table, Stainless steel, Thanksgiving, The Art of the Table, The Dinner Party, The Housewarming, Wedding, Wedding Season, kit:eligible",Active
alton-silver-16-piece-stainless-steel-flatware-set,Alton Silver 16-Piece Stainless Steel Flatware Set,"ALTON, cat:gifts, cat:new-arrivals, cat:tabletop, Christmas, Classic/Heritage, Entertaining, Everyday Use, Flatware Set, Hostess Gift, Housewarming, Minimalist, Open-Door Hospitality, Scandinavian, seg:first-dinner-party, seg:the-full-table, Serving, Silver, Stainless steel, Stainless steel; dishwasher-safe., Thanksgiving, The Dinner Party, The Sunday Table, Wedding, Wedding Season, kit:eligible",Active
aluminum-ice-scoop,Aluminum Ice Scoop,"Aleacion, Aluminum, Bar & Barware, cat:bar-glassware, cat:new-arrivals, Christmas, Cocktail Hour, Entertaining, Father's Day, Gifting, Hostess Gift, Hostess Gifts, Housewarming, Ice Scoop, Lightweight aluminum alloy; compact 7.3 in (18.5 cm) length, Minimalist, New Year, Organic Modern, seg:season-opener, Self-Gift, Silver, The Well-Set Bar, kit:eligible",Active
aluna-textured-beige-ceramic-vase-12-2-in,"Aluna Textured Beige Ceramic Vase, 12.2 in","100% ceramic; indoor decorative use; hand wash recommended, Beige, cat:decor, cat:new-arrivals, Ceramic, Christmas, Decorative Vase, Décor & Styling, Entertaining, Flowers on the Table, Gifting, Hostess Gift, Housewarming, Minimalist, Mother's Day, Organic Modern, seg:the-first-kitchen, The Collected Home, The Host's Touch, Wabi-Sabi, Wedding, Wedding Season, kit:eligible",Active
alyssa-16-piece-stainless-steel-flatware-set,Alyssa 16-Piece Stainless Steel Flatware Set,"ALYSSA, cat:gifts, cat:new-arrivals, cat:tabletop, Christmas, Classic/Heritage, Cucharas, Cuchillo, Dinner Party, Dishwasher-safe; 18/10 stainless steel forks and spoons, Entertaining, Everyday Use, Flatware Set, Hostess Gift, Housewarming, Minimalist, Scandinavian, seg:first-dinner-party, seg:the-first-kitchen, seg:the-full-table, Silver, Ss, Stainless steel, Tenedor, Thanksgiving, The Art of the Table, The Dinner Party, Wedding, Wedding Season, Weekend Gatherings, kit:eligible",Active
ambiente-gift-wrap-paper-250-flat-sheets,"Ambiente Gift Wrap Paper, 250 Flat Sheets","250-count pack; pre-cut flat sheets, A Gift with a Story, cat:gifts, cat:new-arrivals, Christmas, Classic/Heritage, Corporate/Client, Entertaining, Everyday Use, Gift Wrap Paper, Gifting, Graduation Season, Hostess Gift, Hostess Gifts, Minimalist, Neutral, Organic Modern, Thank-You, The Host's Touch, Wedding Season, kit:eligible",Active
ambiente-large-paper-bag,Ambiente Large Paper Bag,"A Gift with a Story, cat:gifts, cat:new-arrivals, Christmas, Classic/Heritage, Décor & Styling, Entertaining, Gifting, Graduation Season, Hostess Gift, Hostess Gifts, Housewarming, Minimalist, Neutral, Organic Modern, Paper construction; generous 17.7 x 15.7 in (45 x 40 cm) format, Paper Shopping Bag, Thank-You, The Housewarming, Wedding Season, kit:eligible",Active
ambiente-large-paper-bag-15-7-x-12-6-in-40-x-32-cm,"Ambiente Large Paper Bag, 15.7 x 12.6 in (40 x 32 cm)","cat:gifts, cat:new-arrivals, Christmas, Entertaining, Gift Bag, Gifting, Hostess Gift, Hostess Gifts, Housewarming, Large paper format; crisp paper construction, Minimalist, Neutral, Organic Modern, Special Occasion, Thank-You, The Housewarming, The Thoughtful Thank-You, Wedding Season, kit:eligible",Active
ambiente-paper-bag-large,"Ambiente Paper Bag, Large","A Gift with a Story, cat:gifts, cat:new-arrivals, Christmas, Entertaining, Gifting, Hostess Gift, Hostess Gifts, Housewarming, Minimalist, Neutral, Organic Modern, Paper construction; large 19.7 x 20.1 in (50 x 51 cm) format, Paper Gift Bag, Special Occasion, Thank-You, The Housewarming, Wedding Season, kit:eligible",Active
apetice-mini-porcelain-sauce-bowl-with-handle-1-fl-oz,"Apetice Mini Porcelain Sauce Bowl with Handle, 1 fl oz","cat:new-arrivals, cat:tabletop, Christmas, Classic/Heritage, Cocktail Hour, Dishwasher- and microwave-safe porcelain; nonporous surface resists odors and flavors., Entertaining, Gifting, Hostess Gift, Housewarming, Mini Sauce Bowl, Minimalist, Porcelain, Scandinavian, seg:someone-in-mind, seg:the-full-table, Serving, Thank-You, Thanksgiving, The Art of the Table, The Host's Touch, White, kit:eligible",Active
arena-collection-porcelain-soup-bowls-set-of-4,"Arena Collection Porcelain Soup Bowls, Set of 4","ARENA, cat:gifts, cat:new-arrivals, cat:tabletop, Christmas, Coastal, Entertaining, Everyday Use, Hostess Gift, Housewarming, Minimalist, Multicolor, Organic Modern, Porcelain, Porcelain; 20.3 fl oz (600 mL) capacity per bowl, seg:the-first-kitchen, Serving, Slow Evenings, Soup Bowl, Thanksgiving, The Housewarming, The Sunday Table, Wedding, Wedding Season, kit:eligible",Active
arena-natural-paper-napkin-rings-set-of-4,"Arena Natural Paper Napkin Rings, Set of 4","cat:gifts, cat:new-arrivals, cat:tabletop, Christmas, Coastal, Dinner Party, Entertaining, Hostess Gift, Hostess Gifts, Housewarming, Minimalist, Napkin Ring, Natural, Natural paper; dry-cloth care, Organic Modern, Papel, seg:someone-in-mind, seg:the-full-table, Serving, Thank-You, Thanksgiving, The Art of the Table, Wedding Season, Weekend Gatherings, kit:eligible",Active
arena-porcelain-bowl-set-of-2,Arena Porcelain Bowl Set of 2,"and oven-safe up to 356°F (180°C)., ARENA, Bowl, cat:gifts, cat:new-arrivals, cat:tabletop, dishwasher-, Entertaining, Everyday Use, Hostess Gift, Housewarming, Minimalist, Multicolor, Organic Modern, Porcelain, Porcelain; microwave-, Self-Gift, Serving, The Host's Touch, The Sunday Table, Wabi-Sabi, Wedding Season, Weekend Brunch, kit:eligible",Active
arena-porcelain-dinner-plates-10-5-in-set-of-4,"Arena Porcelain Dinner Plates, 10.5 in, Set of 4","ARENA, cat:gifts, cat:new-arrivals, cat:tabletop, Christmas, Dinner Party, Dinner Plate, Entertaining, Everyday Celebrations, Everyday Use, Hostess Gift, Housewarming, Minimalist, Multicolor, Organic Modern, Porcelain, Porcelain construction; coordinated set of 4, seg:the-first-kitchen, Thanksgiving, The Dinner Party, The Sunday Table, Wabi-Sabi, Wedding, Wedding Season, kit:eligible",Active
arena-porcelain-salad-plates-8-in-20-2-cm-set-of-4,"Arena Porcelain Salad Plates, 8 in (20.2 cm), Set of 4","ARENA, cat:gifts, cat:new-arrivals, cat:tabletop, Entertaining, Everyday Use, Hostess Gift, Housewarming, Minimalist, Multicolor, Organic Modern, Porcelain, Porcelain; Set of 4, Salad Plate, seg:first-dinner-party, Serving, Thanksgiving, The Dinner Party, The Host's Touch, Wabi-Sabi, Wedding, Wedding Season, Weekend Brunch, kit:eligible",Active
arena-porcelain-serving-tray-13-3-in,"Arena Porcelain Serving Tray, 13.3 in","and oven-safe up to 356°F (180°C)., ARENA, cat:new-arrivals, cat:tabletop, Christmas, dishwasher-, Entertaining, Gifting, Hostess Gift, Hostess Gifts, Housewarming, Minimalist, Multicolor, Organic Modern, Porcelain, Porcelain; microwave-, Serving, Serving Tray, Thanksgiving, The Art of the Table, Wabi-Sabi, Wedding, Wedding Season, Weekend Gatherings, kit:eligible",Active
armata-gray-glass-vase,Armata Gray Glass Vase,"100% soda-lime glass; 84.5 fl oz (2500 mL) capacity., cat:decor, cat:new-arrivals, Coastal, Decorative Vase, Décor & Styling, Everyday Use, Flowers on the Table, Gifting, Glass, Gray, Hostess Gift, Housewarming, Lime, Minimalist, Organic Modern, Soda, Thank-You, The Art of the Table, The Collected Home, Wedding Season, kit:eligible",Active
aros-ribbed-borosilicate-glass-tumblers-set-of-2,"Aros Ribbed Borosilicate Glass Tumblers, Set of 2","100% borosilicate glass; lightweight feel, AROS, Bar & Barware, cat:bar-glassware, cat:gifts, cat:new-arrivals, Clear, Cocktail Hour, Entertaining, Glass, Hostess Gift, Housewarming, Minimalist, New Year, Organic Modern, seg:season-opener, Thank-You, The Nightcap, The Well-Set Bar, Tumbler, Wabi-Sabi, Wedding Season, gift-glass",Active
aros-wide-mouth-borosilicate-glass-pitcher-with-lid-57-5-fl-oz,"Aros Wide Mouth Borosilicate Glass Pitcher with Lid, 57.5 fl oz","AROS, Borosilicate glass with stainless steel lid; wide mouth with controlled-pour spout, cat:new-arrivals, cat:tabletop, Clear, Entertaining, Everyday Use, Glass, Glass Pitcher, Hostess Gift, Housewarming, Minimalist, Open-Door Hospitality, Organic Modern, Outdoor Living, Scandinavian, seg:the-first-kitchen, Serving, Stainless steel, Thanksgiving, Wedding, Wedding Season, Weekend Brunch, kit:eligible",Active
artificial-pine-tree-with-jute-base-23-6-in,"Artificial Pine Tree with Jute Base, 23.6 in","Abeto, Artificial Tree, cat:decor, cat:new-arrivals, Chino, Christmas, Décor & Styling, Gifting, Green, Holiday Gift, Holiday Traditions, Hostess Gift, Housewarming, Japandi, Jute, New Year, No watering, or needle cleanup; indoor-only polyethylene pine with jute and Chinese fir details., Organic Modern, Polietileno, Scandinavian, Seasonal Tables, Special Occasion, sunlight, Thanksgiving, The Collected Home, kit:eligible",Active
artificial-round-eucalyptus-branch-33-9-in,"Artificial Round Eucalyptus Branch, 33.9 in","Artificial Branch, cat:decor, cat:new-arrivals, Christmas, Décor & Styling, Entertaining, EUCALIPTO, Flowers on the Table, Gifting, Green, Hostess Gift, Housewarming, Iron, Japandi, Just Because, Minimalist, Mother's Day, or special treatments., Organic Modern, Polietileno, Polyester, Realistic appearance; bendable stem; no water, sun, Thanksgiving, The Host's Touch, The Housewarming, kit:eligible",Active
artificial-snow-pine-decorative-tree-with-metal-base-36-6-in-93-cm,"Artificial Snow Pine Decorative Tree with Metal Base, 36.6 in (93 cm)","Abeto, Artificial Christmas Tree, cat:decor, cat:new-arrivals, Chino, Christmas, Décor & Styling, Gifting, Green, Holiday Gift, Holiday Traditions, Hostess Gift, Housewarming, Metal, Minimalist, New Year, Organic Modern, Polietileno, Polyethylene needles with Chinese fir wood and metal; indoor use only., Scandinavian, Seasonal Tables, Special Occasion, The Host's Touch, kit:eligible",Active
atlantis-acrylic-tumblers-11-8-fl-oz-set-of-2,"Atlantis Acrylic Tumblers, 11.8 fl oz, Set of 2","Acrylic Tumbler, ATLANTIS, Break-resistant acrylic; outdoor-friendly set of 2, cat:gifts, cat:new-arrivals, cat:outdoor, Clear, Coastal, Entertaining, Everyday Use, Fourth of July, Hostess Gift, Housewarming, Just Because, Minimalist, Organic Modern, Outdoor & Patio, Outdoor Living, Poolside, seg:first-dinner-party, seg:season-opener, Weekend Gatherings, kit:eligible",Active
atlantis-clear-blue-acrylic-goblet-16-9-fl-oz,"Atlantis Clear Blue Acrylic Goblet, 16.9 fl oz","Acrylic, Acrylic Wine Glass, As, AS acrylic for outdoor dining; 16.9 fl oz (500 mL) capacity; clear bowl with blue detailing., ATLANTIS, Bar & Barware, cat:new-arrivals, cat:outdoor, Clear, Coastal, Entertaining, Fourth of July, Hostess Gift, Housewarming, Just Because, Mediterranean, Organic Modern, Outdoor & Patio, Outdoor Living, Poolside, seg:season-opener, The Well-Set Bar, Wedding Season, kit:eligible",Active
austin-silver-20-piece-stainless-steel-flatware-set,Austin Silver 20-Piece Stainless Steel Flatware Set,"AUSTIN, cat:gifts, cat:new-arrivals, cat:tabletop, Christmas, Dinner Party, Entertaining, Everyday Use, Flatware Set, Hostess Gift, Housewarming, Minimalist, Open-Door Hospitality, Organic Modern, Scandinavian, seg:first-dinner-party, seg:the-first-kitchen, Silver, Stainless steel, Stainless steel; dishwasher-safe with proper care; complete service for four, Thanksgiving, The Dinner Party, The Sunday Table, Wedding, Wedding Season, kit:eligible",Active
austin-stainless-steel-cocktail-forks-set-of-4,Austin Stainless Steel Cocktail Forks Set of 4,"AUSTIN, Bar & Barware, cat:gifts, cat:new-arrivals, cat:tabletop, Classic/Heritage, Cocktail Fork, Cocktail Hour, Dishwasher-safe; 100% 18/0 stainless steel., Entertaining, Hostess Gift, Hostess Gifts, Housewarming, Minimalist, New Year, seg:season-opener, Serving, Silver, Ss, Stainless steel, Thank-You, The Well-Set Bar, Wedding Season, kit:eligible",Active
austin-stainless-steel-dessert-spoons-set-of-4,"Austin Stainless Steel Dessert Spoons, Set of 4","100% 18/0 stainless steel; dishwasher-safe; set of 4, AUSTIN, cat:gifts, cat:new-arrivals, cat:tabletop, Dessert Spoon, Entertaining, Everyday Use, Hostess Gift, Housewarming, Minimalist, Organic Modern, Scandinavian, seg:first-dinner-party, seg:the-first-kitchen, seg:the-full-table, Serving, Silver, Ss, Stainless steel, The Dinner Party, The Host's Touch, The Sunday Table, Wedding, Wedding Season, kit:eligible",Active
austin-stainless-steel-long-serving-spoon-set-of-4,Austin Stainless Steel Long Serving Spoon Set of 4,"18/0 stainless steel; dishwasher-safe when dried promptly, AUSTIN, cat:gifts, cat:new-arrivals, cat:tabletop, Cocktail Hour, Coffee & Tea, Hostess Gift, Hostess Gifts, Housewarming, Long Serving Spoon, Minimalist, Organic Modern, Scandinavian, seg:first-dinner-party, seg:season-opener, seg:weeknight-ceremony, Serving, Silver, Ss, Stainless steel, Thank-You, The Tea Ritual, Wedding Season, kit:eligible",Active
austin-stainless-steel-small-fork-set-of-4,Austin Stainless Steel Small Fork Set of 4,"Appetizer Fork, AUSTIN, cat:gifts, cat:new-arrivals, cat:tabletop, Classic/Heritage, Cocktail Hour, Dinner Party, Dishwasher-safe; 100% 18/0 stainless steel, Entertaining, Hostess Gift, Hostess Gifts, Housewarming, Minimalist, Organic Modern, seg:first-dinner-party, seg:someone-in-mind, seg:the-full-table, Serving, Silver, Ss, Stainless steel, Thank-You, The Dinner Party, Wedding Season, kit:eligible",Active
avant-crystal-wine-glasses-set-of-2,Avant Crystal Wine Glasses Set of 2,"100% crystal; clear finish; matched set of 2, AVANT, Bar & Barware, cat:bar-glassware, cat:gifts, cat:new-arrivals, Classic/Heritage, Clear, Cristal, Dinner Party, Entertaining, Hostess Gift, Housewarming, Minimalist, New Year, Organic Modern, The Dinner Party, The Well-Set Bar, Wedding, Wedding Season, Wine Glass, Wine Night, gift-glass",Active
avesa-dinner-forks-set-of-4,Avesa Dinner Forks Set of 4,"AVESA, cat:gifts, cat:new-arrivals, cat:tabletop, Christmas, Classic/Heritage, Dinner Fork, Dinner Party, Entertaining, Everyday Celebrations, Everyday Use, Hostess Gift, Housewarming, Minimalist, Scandinavian, seg:first-dinner-party, seg:the-first-kitchen, seg:the-full-table, Silver, Stainless steel, Stainless steel; dishwasher-safe with prompt drying recommended., Thanksgiving, The Dinner Party, Wedding, Wedding Season, Weekend Gatherings, kit:eligible",Active
avesa-stainless-steel-dessert-forks-set-of-4,"Avesa Stainless Steel Dessert Forks, Set of 4","AVESA, cat:gifts, cat:new-arrivals, cat:tabletop, Christmas, Dessert Fork, Dishwasher-safe; 100% 18/0 stainless steel, Entertaining, Everyday Use, Gifting, Hostess Gift, Hostess Gifts, Housewarming, Minimalist, Organic Modern, Scandinavian, seg:first-dinner-party, seg:the-full-table, Silver, Ss, Stainless steel, Thank-You, Thanksgiving, The Dinner Party, Wedding Season, Weekend Gatherings, kit:eligible",Active
avesa-stainless-steel-dessert-spoons-set-of-4,"Avesa Stainless Steel Dessert Spoons, Set of 4","AVESA, cat:gifts, cat:new-arrivals, cat:tabletop, Christmas, Classic/Heritage, Coffee & Tea, Dessert Spoon, Entertaining, Everyday Use, Hostess Gift, Housewarming, Minimalist, Mother's Day, Scandinavian, seg:weeknight-ceremony, Silver, Stainless steel, Stainless steel; dishwasher-safe with immediate drying., Thank-You, The Coffee Ritual, The Host's Touch, The Tea Ritual, Wedding Season, kit:eligible",Active
avesa-stainless-steel-dinner-knives-set-of-4,"Avesa Stainless Steel Dinner Knives, Set of 4","AVESA, cat:gifts, cat:new-arrivals, cat:tabletop, Christmas, Classic/Heritage, Dinner Knife, Dinner Party, Dishwasher-safe stainless steel; set of 4., Entertaining, Everyday Use, Hostess Gift, Housewarming, Minimalist, Open-Door Hospitality, Scandinavian, seg:first-dinner-party, seg:the-first-kitchen, Silver, Stainless steel, Thanksgiving, The Dinner Party, The Sunday Table, Wedding, Wedding Season, kit:eligible",Active
avesa-stainless-steel-dinner-spoons-set-of-4,"Avesa Stainless Steel Dinner Spoons, Set of 4","AVESA, cat:gifts, cat:new-arrivals, cat:tabletop, Dinner Party, Dinner Spoon, Dishwasher-safe stainless steel; set of 4 matching dinner spoons., Entertaining, Everyday Use, Hostess Gift, Housewarming, Just Because, Minimalist, Organic Modern, Scandinavian, seg:first-dinner-party, Silver, Stainless steel, The Dinner Party, The Sunday Table, Wedding Season, Weekend Gatherings, kit:eligible",Active
bamboo-and-stainless-steel-pasta-ladle,Bamboo and Stainless Steel Pasta Ladle,"Aceoro, Bamboo head with stainless steel handle; 14.2 in (36 cm) reach, Black, cat:kitchen, cat:new-arrivals, Cooking & Baking, Cooking Together, Gifting, Hostess Gift, Hostess Gifts, Housewarming, Inoxidable, Japandi, Minimalist, Organic Modern, Pasta Ladle, Self-Gift, Serving, The Sunday Table, Wedding Season, Wood, kit:eligible",Active
bamboo-bottle-brush-with-long-handle,Bamboo Bottle Brush with Long Handle,"ASEO BAMBU, Bamboo, Bamboo handle; polypropylene head with sponge cleaning surface; hanging hole for air-drying, Beige, Bottle Brush, cat:bath, cat:new-arrivals, Coffee & Tea, Esponja, Everyday Use, Gifting, Graduation Season, Hostess Gift, Housewarming, Minimalist, Open-Door Hospitality, Organic Modern, Polypropylene, Scandinavian, seg:weeknight-ceremony, Self-Gift, The Coffee Ritual, The Tea Ritual, Wedding Season, White, kit:eligible",Active
bamboo-cocktail-picks-set-of-100,"Bamboo Cocktail Picks, Set of 100","100% bamboo; renewable and biodegradable; free from harmful chemicals and toxins, Bamboo, BAMBU, cat:gifts, cat:new-arrivals, cat:tabletop, Cocktail Hour, Cocktail Pick, Entertaining, Hostess Gift, Housewarming, Minimalist, Natural Wood, New Year, Organic Modern, Scandinavian, seg:first-dinner-party, seg:season-opener, Serving, Thank-You, The Dinner Party, Wedding Season, Weekend Gatherings, kit:eligible",Active
bamboo-flatware-tray-4-compartments,"Bamboo Flatware Tray, 4 Compartments","100% bamboo with 4 fixed compartments, Bamboo, BAMBU, cat:kitchen, cat:new-arrivals, Cutlery Organizer, Entertaining, Everyday Beauty, Everyday Use, Gifting, Housewarming, Japandi, Minimalist, Natural, Organic Modern, seg:the-first-kitchen, Thank-You, The Collected Home, The Host's Touch, Wedding, Wedding Season, kit:eligible",Active
bamboo-handle-broom-and-dustpan-set,Bamboo Handle Broom and Dustpan Set,"Adjustable bamboo handles; two-piece long-handled cleaning set., ASEO BAMBU, Bamboo, Beige, Broom and Dustpan Set, cat:bath, cat:gifts, cat:new-arrivals, Caucho, Décor & Styling, Everyday Beauty, Everyday Use, Gifting, Housewarming, Japandi, Minimalist, Natural Wood, Open-Door Hospitality, Organic Modern, Pet, Polietileno, Polypropylene, seg:first-dinner-party, Self-Gift, Tereftalato, Termoplástico, Thank-You, The Overnight Guest, TPR, kit:eligible",Active
bamboo-handle-drain-plunger-17-7-in,"Bamboo Handle Drain Plunger, 17.7 in","ASEO BAMBU, Bamboo, Beige, cat:bath, cat:new-arrivals, Drain Plunger, Durable PVC cup; bamboo handle for controlled pressure, Everyday Use, Gifting, Graduation, Housewarming, Japandi, Minimalist, Natural Wood, Open-Door Hospitality, Organic Modern, Polypropylene, Pvc, Self-Gift, The Housewarming, The Overnight Guest, kit:eligible",Active
bamboo-handle-feather-duster-for-blinds-and-shelves,Bamboo Handle Feather Duster for Blinds and Shelves,"and narrow shelf gaps., ASEO BAMBU, Bamboo, Beige, cat:bath, cat:new-arrivals, Décor & Styling, electronics, Everyday Use, Feather Duster, Gifting, Graduation Season, Gray, Hostess Gift, Housewarming, Japandi, Minimalist, Open-Door Hospitality, Organic Modern, Polypropylene, Polypropylene dusting head with bamboo handle; slim handheld reach for blinds, Self-Gift, The Host's Touch, The Overnight Guest, Wedding Season, kit:eligible",Active
bamboo-handle-multi-purpose-dish-brush,Bamboo Handle Multi-Purpose Dish Brush,"and plates., ASEO BAMBU, Bamboo, Beige, cat:bath, cat:new-arrivals, Cooking & Baking, Cooking Together, Dish Brush, Ergonomic bamboo handle; polypropylene bristles for pots, Everyday Use, Gifting, Hostess Gift, Housewarming, Minimalist, Open-Door Hospitality, Organic Modern, pans, Polypropylene, Scandinavian, Self-Gift, The Host's Touch, kit:eligible",Active
bamboo-handle-stainless-steel-flatware-set-16-piece,"Bamboo-Handle Stainless Steel Flatware Set, 16-Piece","Bamboo, BAMBU, cat:gifts, cat:new-arrivals, cat:tabletop, Coastal, Entertaining, Everyday Use, Flatware Set, Gifting, Hostess Gift, Housewarming, Japandi, Metal, Natural Wood, Organic Modern, Silver, Stainless steel, Stainless steel with bamboo handles; 16-piece service for four, The Housewarming, The Sunday Table, Wedding, Wedding Season, Weekend Gatherings, kit:eligible",Active
bamboo-handle-toilet-brush-with-stand,Bamboo Handle Toilet Brush with Stand,"ASEO BAMBU, Bamboo, Beige, cat:bath, cat:gifts, cat:new-arrivals, Caucho, Compact freestanding stand; bamboo handle; easy-clean polypropylene construction., Décor & Styling, Everyday Use, Gifting, Gray, Housewarming, Minimalist, Organic Modern, Polypropylene, Scandinavian, seg:first-dinner-party, Self-Gift, Termoplástico, Thank-You, The Host's Touch, The Housewarming, The Overnight Guest, Toilet Brush, TPR, White, kit:eligible",Active
bamboo-handle-window-squeegee-for-shower-glass,Bamboo Handle Window Squeegee for Shower Glass,"Anti-slip bamboo handle; TPR strip for streak-free cleaning, ASEO BAMBU, Bamboo, Beige, cat:bath, cat:new-arrivals, Caucho, Décor & Styling, Everyday Use, Gifting, Gray, Hostess Gift, Housewarming, Minimalist, Organic Modern, Polypropylene, Scandinavian, Self-Gift, Termoplástico, The Host's Touch, The Housewarming, The Overnight Guest, TPR, Window Squeegee, kit:eligible",Active
bamboo-lid-stainless-steel-ice-bucket-54-1-fl-oz,"Bamboo Lid Stainless Steel Ice Bucket, 54.1 fl oz","Bamboo, Bar & Barware, cat:bar-glassware, cat:new-arrivals, Cocktail Hour, Entertaining, Father's Day, Gifting, Hostess Gift, Hostess Gifts, Housewarming, Ice Bucket, Minimalist, New Year, Organic Modern, Scandinavian, seg:season-opener, Self-Gift, Silver, Stainless steel, Stainless steel with bamboo lid; 54.1 fl oz (1600 mL) capacity, The Well-Set Bar, Wedding Season, kit:eligible",Active
bamboo-measuring-spoons-set-of-4,"Bamboo Measuring Spoons, Set of 4","100% bamboo; marked in milliliters, Bamboo, BAMBU, cat:gifts, cat:kitchen, cat:new-arrivals, Coffee & Tea, Cooking & Baking, Cooking Together, Gifting, Hostess Gift, Housewarming, Japandi, Measuring Spoon Set, Minimalist, Natural, Organic Modern, Recipes Worth Passing Down, seg:first-dinner-party, seg:weeknight-ceremony, Self-Gift, The Tea Ritual, Wedding Season, kit:eligible",Active
bamboo-mini-broom-standing-dustpan-set,Bamboo Mini Broom & Standing Dustpan Set,"Adjustable bamboo handles; two-piece set with broom and dustpan, ASEO BAMBU, Bamboo, Beige, Broom & Dustpan Set, cat:bath, cat:gifts, cat:new-arrivals, Entertaining, Everyday Use, Gifting, Hostess Gift, Housewarming, Minimalist, Open-Door Hospitality, Organic Modern, Pet, Polietileno, Polypropylene, Scandinavian, seg:first-dinner-party, Self-Gift, Tereftalato, The Host's Touch, The Housewarming, Wedding Season, kit:eligible",Active
bamboo-pepper-mill-5-1-in,"Bamboo Pepper Mill, 5.1 in","Aluminum, Bamboo, cat:new-arrivals, cat:tabletop, Christmas, Cooking Together, Copper, Everyday Use, Gifting, Hostess Gift, Hostess Gifts, Housewarming, Japandi, Natural Wood, Organic Modern, Pepper Mill, Polypropylene, Refillable compact size; natural bamboo body, Scandinavian, Serving, Stainless steel, Thank-You, Thanksgiving, The Sunday Table, Wedding Season, kit:eligible",Active
bamboo-ring-dish-brush-for-pots-pans,Bamboo Ring Dish Brush for Pots & Pans,"72% bamboo with an ergonomic ring handle; polypropylene bristles for pots, and plates., ASEO BAMBU, Bamboo, Beige, cat:bath, cat:new-arrivals, Cooking & Baking, Cooking Together, Dish Brush, Everyday Use, Gifting, Hostess Gift, Housewarming, Japandi, Just Because, Minimalist, Natural, Open-Door Hospitality, Organic Modern, pans, Polypropylene, The Host's Touch, Wedding Season, kit:eligible",Active
bamboo-rotating-chip-dip-dish-5-section-lazy-susan,"Bamboo Rotating Chip & Dip Dish, 5-Section Lazy Susan","Bamboo, BAMBU, Carbonizado, cat:new-arrivals, cat:tabletop, Chip and Dip Dish, Christmas, Cocktail Hour, Entertaining, Five-section bamboo server with rotating base, Gifting, Hostess Gift, Housewarming, Iron, Japandi, Minimalist, New Year, Organic Modern, Polypropylene, seg:season-opener, Serving, Stainless steel, Thanksgiving, The Host's Touch, Wedding, Weekend Gatherings, kit:eligible",Active
bamboo-serving-tongs,Bamboo Serving Tongs,"100% bamboo; sustainable and biodegradable; gentle grip for delicate foods, Bamboo, BAMBU, cat:new-arrivals, cat:tabletop, Christmas, Entertaining, Gifting, Hostess Gift, Housewarming, Japandi, Natural Wood, Organic Modern, Scandinavian, seg:someone-in-mind, seg:the-full-table, Serving, Serving Tongs, Thank-You, Thanksgiving, The Dinner Party, The Host's Touch, Wedding Season, Weekend Gatherings, kit:eligible",Active
bamboo-serving-tray-with-3-sauce-bowls,Bamboo Serving Tray with 3 Sauce Bowls,"100% bamboo construction; three sauce bowls included; hand wash only., Bamboo, BAMBU, cat:gifts, cat:new-arrivals, cat:tabletop, Christmas, Cocktail Hour, Entertaining, Gifting, Hostess Gift, Housewarming, Japandi, Minimalist, Natural, New Year, Organic Modern, seg:first-dinner-party, seg:season-opener, seg:someone-in-mind, seg:the-full-table, Serving, Serving Tray Set, Thank-You, Thanksgiving, The Dinner Party, The Host's Touch, kit:eligible",Active
bamboo-slotted-spoon-with-stainless-steel-handle,Bamboo Slotted Spoon with Stainless Steel Handle,"Aceoro, Bamboo head with stainless steel handle; hand-wash care helps preserve the wood., Black, cat:kitchen, cat:new-arrivals, Cooking & Baking, Cooking Together, Everyday Use, Hostess Gift, Hostess Gifts, Housewarming, Inoxidable, Japandi, Minimalist, Organic Modern, Self-Gift, Serving, Slotted Spoon, Wedding Season, Weekend Gatherings, Wood, kit:eligible",Active
bamboo-spoons-set-of-6,Bamboo Spoons Set of 6,"100% bamboo; reusable, Bamboo, BAMBU, cat:gifts, cat:new-arrivals, cat:tabletop, Coastal, Cocktail Hour, Dessert Spoon, Entertaining, Everyday Use, Fourth of July, Hostess Gift, Housewarming, Japandi, Natural Wood, Organic Modern, Outdoor Living, Serving, Thank-You, Thanksgiving, The Tea Ritual, kit:eligible",Active
bamboo-tea-box-with-clear-lid-6-compartments,"Bamboo Tea Box with Clear Lid, 6 Compartments","77% bamboo construction; clear acrylic lid; six divided compartments, Acrylic, Bamboo, BAMBU, cat:kitchen, cat:new-arrivals, Christmas, Coffee & Tea, Décor & Styling, Gifting, Hostess Gift, Housewarming, Japandi, MDF, Minimalist, Mother's Day, Natural Wood, Organic Modern, seg:someone-in-mind, seg:weeknight-ceremony, Slow Mornings, Stainless steel, Tea Box, Thank-You, The Overnight Guest, The Tea Ritual, Wood, kit:eligible",Active
batea-pietra-porcelain-mini-sauce-dish-2-5-fl-oz,"Batea Pietra Porcelain Mini Sauce Dish, 2.5 fl oz","Brown, cat:new-arrivals, cat:tabletop, Christmas, Entertaining, Everyday Celebrations, Everyday Use, Hostess Gift, Housewarming, Just Because, Mediterranean, Microwave-safe porcelain; dishwasher-safe for daily care, Mini Sauce Dish, Organic Modern, PIETRA, Porcelain, seg:the-full-table, Serving, Thanksgiving, The Art of the Table, The Host's Touch, Wabi-Sabi, kit:eligible",Active
bbq-utensil-set-with-acacia-handles-3-piece,"BBQ Utensil Set with Acacia Handles, 3 Piece","Acacia, BBQ, BBQ Tool Set, cat:gifts, cat:new-arrivals, cat:outdoor, Coastal, Cooking & Baking, Entertaining, Father's Day, Fourth of July, Hostess Gift, Housewarming, Minimalist, Natural Wood, Organic Modern, Outdoor & Patio, Outdoor Living, seg:season-opener, Self-Gift, Stainless steel, Stainless steel heads; acacia wood handles; long reach for safer grill-side handling., The Backyard BBQ, Weekend Gatherings, Wood, kit:eligible",Active
beige-30-4-fl-oz-tumbler-with-handle-and-straw,Beige 30.4 fl oz Tumbler with Handle and Straw,"Beige, BPA-free tumbler; double-wall stainless steel with reusable straw and handle, cat:new-arrivals, cat:outdoor, Caucho, Coastal, Everyday Use, Gifting, Graduation, Graduation Season, Insulated Tumbler, Minimalist, Organic Modern, Outdoor & Patio, Outdoor Living, Polypropylene, Poolside, Self-Gift, Slow Mornings, Stainless steel, Termoplástico, Thank-You, kit:eligible",Active
beige-and-gray-striped-cotton-linen-apron,Beige and Gray Striped Cotton Linen Apron,"70% cotton and 30% linen; wash up to 104°F (40°C)., Beige, cat:kitchen, cat:new-arrivals, Cooking & Baking, Cooking Together, Cotton, Everyday Use, Gifting, Hostess Gift, Housewarming, Kitchen Apron, Linen, Minimalist, Organic Modern, Scandinavian, Self-Gift, The Host's Touch, The Sunday Table, Wedding Season, kit:eligible",Active
beige-ceramic-16-piece-dinnerware-set-service-for-4,"Beige Ceramic 16-Piece Dinnerware Set, Service for 4","100% ceramic; microwave- and dishwasher-safe., BASICS, Beige, cat:gifts, cat:new-arrivals, cat:tabletop, Ceramic, Christmas, Dinnerware Set, Entertaining, Everyday Use, Hostess Gift, Housewarming, Minimalist, Organic Modern, seg:first-dinner-party, seg:season-opener, seg:the-first-kitchen, seg:the-full-table, Serving, Thanksgiving, The Dinner Party, The Sunday Table, Wabi-Sabi, Wedding, Wedding Season, Weekend Gatherings, kit:eligible",Active
beige-cotton-cloth-napkins-set-of-2,"Beige Cotton Cloth Napkins, Set of 2","100% cotton; reusable table linen, Beige, cat:gifts, cat:new-arrivals, cat:tabletop, Christmas, Cloth Napkin, Cotton, Entertaining, Everyday Celebrations, Everyday Use, Gifting, Gr, Hostess Gift, Housewarming, Minimalist, Organic Modern, Scandinavian, seg:first-dinner-party, seg:the-full-table, Thank-You, Thanksgiving, The Dinner Party, The Sunday Table, Wedding Season, kit:eligible",Active
beige-cotton-rectangular-dining-tablecloth-55-1-x-94-5-in,"Beige Cotton Rectangular Dining Tablecloth, 55.1 x 94.5 in","100% cotton; washable care; neutral beige color, Beige, cat:new-arrivals, cat:tabletop, Christmas, Cotton, Dinner Party, Entertaining, Everyday Use, Hostess Gift, Housewarming, Minimalist, Organic Modern, Scandinavian, Tablecloth, Thanksgiving, The Art of the Table, The Dinner Party, The Sunday Table, Wedding, Wedding Season, kit:eligible",Active
beige-fringed-cotton-tablecloth-55-x-94-in,"Beige Fringed Cotton Tablecloth, 55 x 94 in","100% cotton; 200 GSM weight; fringed border, Beige, cat:new-arrivals, cat:tabletop, Christmas, Cotton, Décor & Styling, Easter, Entertaining, Everyday Use, Gsm, Hostess Gift, Housewarming, Minimalist, Organic Modern, Scandinavian, seg:the-first-kitchen, Tablecloth, Thanksgiving, The Host's Touch, The Sunday Table, Wedding, Weekend Gatherings, kit:eligible",Active
beige-fringed-placemat,Beige Fringed Placemat,"50% polyester and 50% cotton; neutral beige with fringed edges, Beige, cat:new-arrivals, cat:tabletop, Coastal, Cotton, Dinner Party, Entertaining, Everyday Use, Hostess Gift, Housewarming, Minimalist, Organic Modern, Placemat, Polyester, Self-Gift, Thanksgiving, The Host's Touch, The Sunday Table, Wedding Season, Weekend Gatherings, kit:eligible",Active
beige-lunch-box-bag-with-shoulder-strap,Beige Lunch Box Bag with Shoulder Strap,"and front pocket, Beige, Birthday, cat:kitchen, cat:new-arrivals, Everyday Use, Gifting, Graduation, Graduation Season, Just Because, Lunch Bag, Minimalist, Organic Modern, Outdoor & Patio, Outdoor Living, Scandinavian, Self-Gift, Slow Mornings, Soft-sided 9.1 in (23 cm) form with shoulder strap, top handle, zip closure, kit:eligible",Active
beige-ribbed-pillar-candle-unscented-5-9-in,"Beige Ribbed Pillar Candle, Unscented 5.9 in","Beige, Candlelit Dinners, cat:home-fragrance, cat:new-arrivals, Cera, Christmas, Décor & Styling, Entertaining, Gifting, Hostess Gift, Housewarming, Japandi, Just Because, Minimalist, New Year, Organic Modern, Paraffin, Pillar Candle, ROMANO, seg:someone-in-mind, Slow Evenings, Soja, Thanksgiving, The Host's Touch, Unscented; 50% paraffin and 50% soy wax blend., kit:eligible",Active
beige-spiral-taper-candles-9-8-in-set-of-2,"Beige Spiral Taper Candles, 9.8 in, Set of 2","Beige, Candlelit Dinners, cat:gifts, cat:home-fragrance, cat:new-arrivals, Cera, Christmas, Décor & Styling, Entertaining, ESPIRAL, Gifting, Hostess Gift, Housewarming, Just Because, Minimalist, Organic Modern, Paraffin, Slow Evenings, Soja, Taper Candle, Thanksgiving, The Host's Touch, Unscented; paraffin-soy wax blend, Wabi-Sabi, Wedding Season, kit:eligible",Active
belina-brown-glass-candle-holder,Belina Brown Glass Candle Holder,"100% soda-lime glass; compact sculptural profile; indoor decorative use, Brown, Candle Holder, Candlelit Dinners, cat:decor, cat:new-arrivals, Christmas, Décor & Styling, Entertaining, Gifting, Glass, Hostess Gift, Housewarming, Lime, Minimalist, Organic Modern, Self-Gift, Slow Evenings, Soda, Thanksgiving, The Host's Touch, Wabi-Sabi, Wedding Season, kit:eligible",Active
belina-gray-glass-candle-holder,Belina Gray Glass Candle Holder,"100% soda-lime glass; hand wash with cool water and dry immediately, Candle Holder, Candlelit Dinners, cat:decor, cat:new-arrivals, Christmas, Décor & Styling, Everyday Use, Gifting, Glass, Gray, Hostess Gift, Housewarming, Lime, Minimalist, New Year, Organic Modern, Self-Gift, Slow Evenings, Soda, Thanksgiving, The Host's Touch, Wabi-Sabi, kit:eligible",Active
berlin-clear-glass-tumblers-14-2-fl-oz-set-of-2,"Berlin Clear Glass Tumblers, 14.2 fl oz, Set of 2","Bar & Barware, cat:bar-glassware, cat:gifts, cat:new-arrivals, Clear, Clear 100% glass; set of 2, Cocktail Hour, Everyday Use, Gifting, Glass, Hostess Gift, Hostess Gifts, Housewarming, Just Because, Minimalist, Organic Modern, Scandinavian, seg:season-opener, seg:the-first-kitchen, The Well-Set Bar, Tumbler Glass, Wedding Season, gift-glass",Active
berry-artificial-garland-70-9-in-180-cm,"Berry Artificial Garland, 70.9 in (180 cm)","Artificial Garland, cat:decor, cat:new-arrivals, Christmas, Classic/Heritage, Décor & Styling, Easy dry-cloth cleaning; no watering or extra care required., Entertaining, Gifting, Green, Holiday Gift, Holiday Traditions, Hostess Gift, Housewarming, Organic Modern, Polietileno, Scandinavian, Seasonal Tables, seg:someone-in-mind, Thanksgiving, The Host's Touch, kit:eligible",Active
beta-ivory-ribbed-unscented-candle,Beta Ivory Ribbed Unscented Candle,"BETA, Candlelit Dinners, cat:home-fragrance, cat:new-arrivals, Cera, Christmas, Décor & Styling, Entertaining, Everyday Beauty, Gifting, Hostess Gift, Housewarming, Ivory, Japandi, Minimalist, New Year, Organic Modern, Paraffin, Pillar Candle, seg:someone-in-mind, Soja, Thank-You, Thanksgiving, The Host's Touch, Unscented; 50% paraffin and 50% soy wax blend; ribbed sculptural form, kit:eligible",Active
bettina-clear-acrylic-pepper-mill-with-ceramic-grinder,Bettina Clear Acrylic Pepper Mill with Ceramic Grinder,"Abs, Acrylic, Aluminum, BETTINA, cat:new-arrivals, cat:tabletop, Ceramic, Christmas, Clear, Clear acrylic body; ceramic grinder, Copper, Entertaining, Everyday Celebrations, Everyday Use, Hostess Gift, Housewarming, Minimalist, Organic Modern, Pepper Mill, Scandinavian, seg:the-full-table, Serving, Stainless steel, Thank-You, Thanksgiving, The Dinner Party, The Host's Touch, Wedding Season, kit:eligible",Active
bettina-clear-acrylic-salt-shaker,Bettina Clear Acrylic Salt Shaker,"Abs, Acrylic, BETTINA, cat:new-arrivals, cat:tabletop, Classic/Heritage, Clear, Clear fill-level view; adjustable mill-style top; refillable design, Cooking Together, Everyday Use, Gifting, Hostess Gift, Housewarming, Just Because, Minimalist, Organic Modern, Salt Shaker, Serving, Stainless steel, The Host's Touch, The Sunday Table, kit:eligible",Active
beverage-dispenser-with-cork-lid-101-4-fl-oz-3-l,"Beverage Dispenser with Cork Lid, 101.4 fl oz (3 L)","Bar & Barware, Beverage Dispenser, cat:new-arrivals, cat:tabletop, Christmas, Clear, Cocktail Hour, Corcho, Dishwasher-safe; clear soda-lime glass; cork lid, Entertaining, Fourth of July, Glass, Hostess Gift, Housewarming, Minimalist, Open-Door Hospitality, Organic Modern, Polypropylene, Scandinavian, seg:season-opener, seg:the-first-kitchen, Serving, Sodalime, Thanksgiving, Wedding, Weekend Gatherings, kit:eligible",Active
black-12-piece-glass-spice-rack-set,Black 12-Piece Glass Spice Rack Set,"Black, cat:gifts, cat:kitchen, cat:new-arrivals, Cooking & Baking, Cooking Together, Dishwasher-safe 12-piece organization; clear soda-lime glass jars, ESPECIAS NEGRO, Everyday Use, Gifting, Glass, Graduation Season, Hostess Gift, Housewarming, Minimalist, Mother's Day, Organic Modern, Pp, Scandinavian, seg:first-dinner-party, seg:weeknight-ceremony, Self-Gift, Sodocalcico, Spice Rack Set, Stainless steel, The Housewarming, The Sunday Table, Wedding Season, kit:eligible",Active
black-6-jar-rotating-spice-rack-set,Black 6-Jar Rotating Spice Rack Set,"Bauhaus, Black, cat:gifts, cat:kitchen, cat:new-arrivals, Christmas, Cooking & Baking, Cooking Together, Dishwasher-safe; six glass jars with a rotating base, ESPECIAS NEGRO, Everyday Use, Gifting, Glass, Hostess Gift, Housewarming, Japandi, Minimalist, Mother's Day, Pp, seg:first-dinner-party, seg:weeknight-ceremony, Sodocalcico, Spice Jar Set, Stainless steel, The Housewarming, The Sunday Table, Wedding, Wedding Season, kit:eligible",Active
black-9-cup-aluminum-moka-pot,Black 9 Cup Aluminum Moka Pot,"9-cup capacity; aluminum construction for concentrated stovetop coffee, Aluminum, Black, cat:new-arrivals, cat:tabletop, Christmas, Coffee & Tea, Everyday Use, Father's Day, Gifting, Housewarming, Minimalist, MOKA, Moka Pot, Mother's Day, Organic Modern, Polypropylene, Scandinavian, seg:weeknight-ceremony, Self-Gift, Slow Mornings, The Coffee Ritual, The Housewarming, Wedding, kit:eligible",Active
black-aluminum-frying-pan-with-glass-lid-7-1-in-18-cm,"Black Aluminum Frying Pan with Glass Lid, 7.1 in (18 cm)","A Table for One, ALUMINIO NEGRO, Aluminum, Aluminum body with coated cooking surface; borosilicate glass lid, Baquelita, Black, cat:kitchen, cat:new-arrivals, Cooking & Baking, Cooking Together, Everyday Use, Frying Pan, Gifting, Glass, Hostess Gift, Housewarming, Japandi, Minimalist, Organic Modern, seg:weeknight-ceremony, Self-Gift, Silicone, The Overnight Guest, Wedding Season, kit:eligible",Active
black-aluminum-frying-pan-with-lid-8-7-in-22-cm,"Black Aluminum Frying Pan with Lid, 8.7 in (22 cm)","ALUMINIO NEGRO, Aluminum, Baquelita, Black, cat:kitchen, cat:new-arrivals, Cooking & Baking, Cooking Together, Everyday Use, Frying Pan with Lid, Gifting, Glass, Housewarming, Japandi, Minimalist, Organic Modern, Quick-heating aluminum body; clear borosilicate glass lid, seg:weeknight-ceremony, Self-Gift, Silicone, Slow Mornings, The Housewarming, Wedding, Wedding Season, kit:eligible",Active
black-and-white-marble-and-slate-picture-frame-8-3-in-21-cm,"Black and White Marble and Slate Picture Frame, 8.3 in (21 cm)","50% marble and 50% slate; black-and-white line design, A Gift with a Story, BLANCO Y NEGRO, cat:decor, cat:new-arrivals, Décor & Styling, Everyday Use, Gifting, Hostess Gift, Housewarming, Marble, Minimalist, Organic Modern, Picture Frame, Pizarra, The Collected Home, The Host's Touch, Wabi-Sabi, Wedding, Wedding Season, White, kit:eligible",Active
black-and-white-marble-slate-coasters-set-of-4,"Black and White Marble & Slate Coasters, Set of 4","Bar & Barware, BLANCO Y NEGRO, cat:gifts, cat:new-arrivals, cat:tabletop, Christmas, Coaster Set, Cocktail Hour, Entertaining, Everyday Use, Hostess Gift, Housewarming, Japandi, Marble, Minimalist, Natural marble and slate; set of 4, New Year, Organic Modern, Pizarra, Thank-You, Thanksgiving, The Housewarming, The Well-Set Bar, White, kit:eligible",Active
black-and-white-marble-slate-picture-frame,Black and White Marble & Slate Picture Frame,"BLANCO Y NEGRO, cat:decor, cat:new-arrivals, Décor & Styling, Everyday Use, Gifting, Hostess Gifts, Housewarming, Made with 50% marble and 50% slate; crisp black-and-white stone design, Marble, Minimalist, Mother's Day, Objects with Stories, Organic Modern, Picture Frame, Pizarra, Thank-You, The Collected Home, Wabi-Sabi, Wedding, Wedding Season, White, kit:eligible",Active
black-and-white-marble-slate-picture-frame-10-2-in,"Black and White Marble Slate Picture Frame, 10.2 in","50% marble and 50% slate; black-and-white line design, BLANCO Y NEGRO, cat:decor, cat:new-arrivals, Décor & Styling, Everyday Use, Gifting, Housewarming, Marble, Minimalist, Objects with Stories, Organic Modern, Picture Frame, Pizarra, Thank-You, The Collected Home, The Housewarming, Wabi-Sabi, Wedding, Wedding Season, White, kit:eligible",Active
black-and-white-marble-slate-picture-frame-8-3-x-6-3-in-21-x-16-cm,"Black-and-White Marble & Slate Picture Frame, 8.3 x 6.3 in (21 x 16 cm)","50% marble and 50% slate; black-and-white natural stone., BLANCO Y NEGRO, cat:decor, cat:new-arrivals, Christmas, Classic/Heritage, Décor & Styling, Everyday Use, Gifting, Housewarming, Marble, Minimalist, Mother's Day, Objects with Stories, Organic Modern, Picture Frame, Pizarra, Thank-You, The Collected Home, The Housewarming, Wedding, Wedding Season, White, kit:eligible",Active
black-blade-meat-tenderizer-with-stainless-steel-blades,Black Blade Meat Tenderizer with Stainless Steel Blades,"Abs, Black, cat:kitchen, cat:new-arrivals, Cooking & Baking, Cooking Together, Dishwasher-safe; stainless steel prongs; compact push-down design, Everyday Use, Father's Day, Gifting, Hostess Gift, Housewarming, Meat Tenderizer, Minimalist, Organic Modern, Plastic, Polypropylene, Scandinavian, Self-Gift, Stainless steel, Thanksgiving, The Backyard BBQ, The Host's Touch, kit:eligible",Active
black-borosilicate-glass-french-press-20-3-fl-oz,"Black Borosilicate Glass French Press, 20.3 fl oz","BASICS, Black, Borosilicate glass body; reusable metal filter, cat:new-arrivals, cat:tabletop, Christmas, Coffee & Tea, Entertaining, Everyday Use, French Press, Glass, Hostess Gift, Housewarming, Minimalist, Mother's Day, Organic Modern, Polypropylene, Scandinavian, seg:weeknight-ceremony, Slow Mornings, Stainless steel, Thank-You, The Coffee Ritual, The Overnight Guest, Wedding Season, kit:eligible",Active
black-cast-iron-burger-press-with-wood-handle,Black Cast Iron Burger Press with Wood Handle,"90% cast iron construction; hardwood handle, BBQ, Black, Burger Press, cat:new-arrivals, cat:outdoor, Classic/Heritage, Cooking & Baking, Dura, Entertaining, Father's Day, Fourth of July, Fundido, Game Day, Hostess Gift, Housewarming, Iron, Minimalist, Organic Modern, Outdoor & Patio, Outdoor Living, Self-Gift, The Backyard BBQ, Wood, kit:eligible",Active
black-cast-iron-fondue-set,Black Cast Iron Fondue Set,"Black, Cast iron heat retention; 40.6 fl oz (1200 mL) capacity; hand wash recommended, cat:new-arrivals, cat:tabletop, Christmas, Dinner Party, Entertaining, Fondue Set, Fundido, Hostess Gift, Housewarming, Iron, Minimalist, New Year, Organic Modern, Plastic, Scandinavian, seg:the-full-table, Serving, The Dinner Party, The Gift That Becomes a Tradition, The Host's Touch, Valentine's Day, Wedding, kit:eligible",Active
black-copper-nonstick-saucepan-with-lid,Black Copper Nonstick Saucepan with Lid,"Abrasion-resistant nonstick; quick, Aluminum, Bauhaus, Black, cat:kitchen, cat:new-arrivals, Cooking & Baking, Cooking Together, even-heating aluminum body, Everyday Use, Gifting, Glass, Graduation Season, Housewarming, MANGO COPPER, Minimalist, Organic Modern, Saucepan, seg:the-first-kitchen, seg:weeknight-ceremony, Self-Gift, Slow Evenings, Stainless steel, The Host's Touch, Wedding, Wedding Season, kit:eligible",Active
black-double-dish-drainer-with-utensil-holder,Black Double Dish Drainer with Utensil Holder,"Aluminum, Black, cat:kitchen, cat:new-arrivals, Cooking & Baking, Cooking Together, Dish Drying Rack, Entertaining, Everyday Use, Graduation Season, Housewarming, Minimalist, Open-Door Hospitality, Polypropylene, Scandinavian, seg:first-dinner-party, seg:the-first-kitchen, Self-Gift, The Host's Touch, Two-tier storage; divided utensil holder; aluminum and polypropylene construction, Wedding, Wedding Season, kit:eligible",Active
black-double-wall-insulated-travel-tumbler-13-5-fl-oz,"Black Double-Wall Insulated Travel Tumbler, 13.5 fl oz","Black, BPA-free; double-wall construction, cat:new-arrivals, cat:outdoor, Coffee & Tea, Everyday Use, Father's Day, Housewarming, Minimalist, Organic Modern, Outdoor & Patio, Outdoor Living, Polypropylene, Resorte, Self-Gift, Silicone, Stainless steel, Thank-You, The Coffee Ritual, The Overnight Guest, Travel Tumbler, kit:eligible",Active
black-double-wall-insulated-tumbler-with-lid-10-1-fl-oz,"Black Double-Wall Insulated Tumbler with Lid, 10.1 fl oz","As, Black, cat:new-arrivals, cat:outdoor, Christmas, Cocktail Hour, Coffee & Tea, Double-wall construction; fitted lid, Everyday Use, Father's Day, Hostess Gift, Housewarming, Insulated Tumbler, Minimalist, Organic Modern, Outdoor & Patio, Outdoor Living, Plastic, Scandinavian, Self-Gift, Silicone, Stainless steel, The Coffee Ritual, kit:eligible",Active
black-double-wall-stainless-steel-tumbler-with-lid-10-8-fl-oz,"Black Double-Wall Stainless Steel Tumbler with Lid, 10.8 fl oz","As, Black, cat:new-arrivals, cat:outdoor, Coffee & Tea, Double-wall stainless steel body; fitted lid., Everyday Use, Father's Day, Graduation Season, Hostess Gift, Housewarming, Insulated Tumbler, Minimalist, Organic Modern, Outdoor & Patio, Outdoor Living, Plastic, seg:weeknight-ceremony, Self-Gift, Silicone, Stainless steel, The Coffee Ritual, The Tea Ritual, kit:eligible",Active
black-double-wall-thermos-with-handle-23-7-fl-oz,"Black Double-Wall Thermos with Handle, 23.7 fl oz","Birthday, Black, BPA-free travel mug; double-wall insulation holds cold drinks up to 8 hours and hot drinks up to 4 hours., cat:new-arrivals, cat:outdoor, Christmas, Coffee & Tea, Construccion, Corporate/Client, Doble, Everyday Use, Father's Day, Gifting, Graduation Season, Insulated Travel Mug, Minimalist, Organic Modern, Pared, Polypropylene, seg:weeknight-ceremony, Stainless steel, Thank-You, The Coffee Ritual, The Overnight Guest, The Tea Ritual, kit:eligible",Active
black-electronic-kitchen-scale-33-lb-15-kg,"Black Electronic Kitchen Scale, 33 lb (15 kg)","33 lb (15 kg) capacity; tempered glass top; waterproof body; high-resolution LCD, Black, cat:kitchen, cat:new-arrivals, Christmas, Cooking & Baking, Cooking Together, Electronic Kitchen Scale, Everyday Use, Galvanizado, Gifting, Glass, GRAMERA, Housewarming, Minimalist, Organic Modern, Plastic, Recipes Worth Passing Down, Scandinavian, Self-Gift, Silicone, Steel, Templado, The Housewarming, Wedding, Wedding Season, kit:eligible",Active
black-forged-aluminum-nonstick-cookware-set-8-piece,"Black Forged Aluminum Nonstick Cookware Set, 8-Piece","ALUMINIO NEGRO, Aluminum, Baquelita, Black, cat:gifts, cat:kitchen, cat:new-arrivals, Cooking & Baking, Cooking Together, Cookware Set, Everyday Use, Forged aluminum construction; black granite-look nonstick coating; glass lids for covered pots., Gifting, Graduation Season, Housewarming, Japandi, Minimalist, Organic Modern, seg:first-dinner-party, seg:the-first-kitchen, seg:weeknight-ceremony, Self-Gift, Silicone, The Housewarming, The Sunday Table, Viddrio, Wedding, Wedding Season, kit:eligible",Active
black-glass-pour-over-coffee-maker-with-filter,Black Glass Pour Over Coffee Maker with Filter,"Black, Breakfast in Bed, CAFE, cat:new-arrivals, cat:tabletop, Christmas, Coffee & Tea, Everyday Use, Father's Day, Gifting, Glass carafe with included metal mesh filter, Housewarming, Minimalist, Mother's Day, Organic Modern, Pour Over Coffee Maker, Scandinavian, seg:weeknight-ceremony, Self-Gift, Slow Mornings, Thank-You, The Coffee Ritual, kit:eligible",Active
black-handheld-coffee-frother-with-stand,Black Handheld Coffee Frother with Stand,"Black, Breakfast in Bed, cat:new-arrivals, cat:tabletop, Christmas, Coffee & Tea, Everyday Use, Father's Day, Gifting, Handheld Frother, Hostess Gift, Housewarming, Includes support stand; works in hot and cold beverages; multiuse for foam and light egg beating, Metal, Minimalist, Mother's Day, Organic Modern, Plastic, Scandinavian, seg:weeknight-ceremony, Self-Gift, Slow Mornings, The Coffee Ritual, kit:eligible",Active
black-handle-chef-knife-stainless-steel,"Black Handle Chef Knife, Stainless Steel","cat:kitchen, cat:new-arrivals, Chef Knife, Christmas, Cooking & Baking, Cooking Together, Everyday Use, Gifting, Housewarming, Minimalist, Organic Modern, Plastic, Scandinavian, seg:the-first-kitchen, Self-Gift, Silver, Stainless steel, Stainless steel blade with black plastic handle; hand-wash care helps preserve the edge., The Housewarming, The Sunday Table, Wedding, Wedding Season, kit:eligible",Active
black-handle-stainless-steel-utility-knife,Black Handle Stainless Steel Utility Knife,"cat:kitchen, cat:new-arrivals, Cooking & Baking, Cooking Together, Everyday Use, Gifting, Hostess Gift, Housewarming, Minimalist, Organic Modern, Plastic, seg:the-first-kitchen, Silver, Stainless steel, Stainless steel blade with a steady black handle; compact length for controlled prep., The Host's Touch, The Sunday Table, Utility Knife, Wedding, Wedding Season, kit:eligible",Active
black-iron-wire-napkin-holder,Black Iron Wire Napkin Holder,"Alambre, ALUMINIO NEGRO, Black, cat:new-arrivals, cat:tabletop, Christmas, Cocktail Hour, dry cloth care, Entertaining, Gifting, Hostess Gift, Housewarming, Iron, Iron wire construction; raised ball feet; soft, Minimalist, Napkin Holder, Open-Door Hospitality, Organic Modern, Serving, Thank-You, Thanksgiving, The Host's Touch, Wedding Season, kit:eligible",Active
black-manual-pasta-machine-with-countertop-clamp,Black Manual Pasta Machine with Countertop Clamp,"A Gift with a Story, Abs, Black, cat:kitchen, cat:new-arrivals, Christmas, Cooking & Baking, Cooking Together, Entertaining, Gifting, Hostess Gift, Housewarming, Manual Pasta Maker, MAQUINA PASTA, Minimalist, Organic Modern, Plastic, Scandinavian, seg:weeknight-ceremony, Stainless steel, Stainless steel and black ABS plastic; hand-crank operation with countertop clamp, Wedding, Wedding Season, Weekend Gatherings, kit:eligible",Active
black-moka-pot-6-cup-stovetop-coffee-maker,"Black Moka Pot, 6-Cup Stovetop Coffee Maker","A Gift with a Story, Aluminum, Black, cat:new-arrivals, cat:tabletop, Christmas, Coffee & Tea, espresso-style stovetop coffee; boxed matte black presentation, Everyday Use, Father's Day, Gifting, Housewarming, Minimalist, MOKA, Moka Pot, Mother's Day, Organic Modern, Polypropylene, Scandinavian, seg:weeknight-ceremony, Self-Gift, Slow Mornings, Strong, Thank-You, The Coffee Ritual, kit:eligible",Active
black-nonstick-mini-saucepan-5-5-in,"Black Nonstick Mini Saucepan, 5.5 in","A Table for One, Aluminum, Baquelita, Black, cat:kitchen, cat:new-arrivals, Cooking & Baking, Cooking Together, Everyday Use, Gifting, Graduation Season, Housewarming, Induction-compatible; enhanced nonstick performance; more abrasion-resistant construction, Japandi, Mini Saucepan, Minimalist, Organic Modern, seg:weeknight-ceremony, Self-Gift, The Host's Touch, Wedding, Wedding Season, kit:eligible",Active
black-refillable-kitchen-torch,Black Refillable Kitchen Torch,"Black, cat:kitchen, cat:new-arrivals, Christmas, Cooking & Baking, Culinary Torch, Entertaining, Gifting, Hostess Gift, Housewarming, Minimalist, Organic Modern, Pistola, Plastic, Refillable butane design; adjustable flame with safety button, seg:the-full-table, Self-Gift, Stainless steel, Tanque, The Art of the Table, The Dinner Party, The Host's Touch, Wedding Season, kit:eligible",Active
black-resin-dice-box,Black Resin Dice Box,"Bauhaus, Black, cat:decor, cat:new-arrivals, Christmas, Decorative Dice Box, Décor & Styling, Entertaining, Game Night, Gifting, Hostess Gift, Hostess Gifts, Housewarming, Just Because, Lidded dice storage; 70% resin and 30% MDF construction., MDF, Minimalist, Resin, seg:someone-in-mind, Thanksgiving, The Well-Set Bar, kit:eligible",Active
black-resin-playing-card-box,Black Resin Playing Card Box,"Bauhaus, Black, cat:decor, cat:new-arrivals, Christmas, Classic/Heritage, dry cloth., Décor & Styling, Entertaining, Father's Day, Game Night, Gifting, Hostess Gift, Hostess Gifts, Housewarming, Just Because, Lidded card storage; wipe clean with a soft, MDF, Minimalist, Playing Card Box, Resin, seg:someone-in-mind, The Well-Set Bar, kit:eligible",Active
black-silicone-coasters-for-drinks-set-of-4,"Black Silicone Coasters for Drinks, Set of 4","Black, cat:gifts, cat:new-arrivals, cat:tabletop, Christmas, Coaster, Cocktail Hour, Entertaining, Everyday Use, Hostess Gift, Housewarming, Japandi, Minimalist, New Year, Non-slip silicone; dishwasher-safe, Organic Modern, Outdoor & Patio, Outdoor Living, seg:first-dinner-party, Self-Gift, SILICONA NEGRA, Silicone, Thanksgiving, The Coffee Ritual, kit:eligible",Active
black-square-iron-wire-napkin-holder,Black Square Iron Wire Napkin Holder,"100% iron wire; raised wire base helps keep paper napkins off the table surface, Alambre, ALUMINIO NEGRO, Bauhaus, Black, cat:new-arrivals, cat:tabletop, Entertaining, Everyday Use, Hostess Gift, Housewarming, Iron, Minimalist, Napkin Holder, Scandinavian, Serving, Thank-You, Thanksgiving, The Host's Touch, The Sunday Table, Wedding Season, Weekend Gatherings, kit:eligible",Active
black-stainless-steel-insulated-bottle-25-4-fl-oz,"Black Stainless Steel Insulated Bottle, 25.4 fl oz","Black, BPA-free; double-wall insulated stainless steel, cat:new-arrivals, cat:outdoor, Everyday Celebrations, Everyday Use, Gifting, Graduation Season, Hostess Gift, Housewarming, Insulated Bottle, Minimalist, Organic Modern, Outdoor & Patio, Outdoor Living, Polypropylene, Scandinavian, Self-Gift, Silicone, Stainless steel, The Overnight Guest, kit:eligible",Active
black-stainless-steel-insulated-tumbler-with-straw-handle-30-4-fl-oz,"Black Stainless Steel Insulated Tumbler with Straw & Handle, 30.4 fl oz","Black, BPA-free; double-wall insulated stainless steel body, cat:new-arrivals, cat:outdoor, Caucho, Everyday Use, Father's Day, Fourth of July, Gifting, Graduation, Graduation Season, Housewarming, Insulated Tumbler, Minimalist, Open-Door Hospitality, Organic Modern, Outdoor & Patio, Outdoor Living, Polypropylene, Poolside, Scandinavian, Self-Gift, Stainless steel, Termoplástico, kit:eligible",Active
black-two-stage-knife-sharpener,Black Two-Stage Knife Sharpener,"Black, cat:kitchen, cat:new-arrivals, Ceramic, Christmas, Cooking & Baking, Cooking Together, Everyday Use, Father's Day, Gifting, Hostess Gift, Housewarming, Knife Sharpener, Minimalist, Mother's Day, Organic Modern, Pp, Recipes Worth Passing Down, Scandinavian, Self-Gift, Steel, The Host's Touch, TPR, Tungsten steel coarse slot and ceramic fine slot; compact 3.9 in (10 cm) handheld size., Tungsteno, kit:eligible",Active
black-white-resin-domino-set,Black & White Resin Domino Set,"Bauhaus, cat:decor, cat:gifts, cat:new-arrivals, Christmas, Compact storage case; black-and-white pips for easy reading., Domino Set, Décor & Styling, Entertaining, Father's Day, Game Night, Gifting, Hostess Gift, Housewarming, Just Because, MDF, Minimalist, Resin, Scandinavian, seg:first-dinner-party, seg:someone-in-mind, The Host's Touch, Weekend Gatherings, White, kit:eligible",Active
black-wine-opener-with-one-button-electric-pull,Black Wine Opener with One-Button Electric Pull,"Abs, Bar & Barware, Bauhaus, Black, cat:bar-glassware, cat:new-arrivals, Christmas, Cocktail Hour, Electric Corkscrew, Entertaining, Father's Day, Gifting, Hostess Gift, Housewarming, Minimalist, One-button cork extraction; secure bottle alignment for precise pulls., Organic Modern, Polycarbonate, seg:season-opener, The Well-Set Bar, Wedding, Wedding Season, Wine Night, kit:eligible",Active
black-wood-tone-french-press-coffee-maker-33-8-fl-oz,"Black & Wood-Tone French Press Coffee Maker, 33.8 fl oz","Black, Borosilicate glass carafe; reusable stainless steel plunger filter, cat:new-arrivals, cat:tabletop, Christmas, Coffee & Tea, Entertaining, Father's Day, French Press, Gifting, Glass, Hostess Gift, Housewarming, Japandi, Mother's Day, Organic Modern, Polypropylene, PRENSA, Scandinavian, seg:weeknight-ceremony, Self-Gift, Slow Mornings, Stainless steel, The Coffee Ritual, The Host's Touch, kit:eligible",Active
black-wood-tone-glass-french-press-11-8-fl-oz,"Black Wood-Tone Glass French Press, 11.8 fl oz","Black, Borosilicate glass carafe; reusable stainless steel mesh filter; compact single-serve capacity, Breakfast in Bed, cat:new-arrivals, cat:tabletop, Christmas, Coffee & Tea, Everyday Use, Father's Day, French Press, Gifting, Glass, Hostess Gift, Housewarming, Minimalist, Mother's Day, Organic Modern, Polypropylene, PRENSA, Scandinavian, seg:weeknight-ceremony, Self-Gift, Slow Mornings, Stainless steel, The Coffee Ritual, kit:eligible",Active
blow-acrylic-short-tumbler-clear,"Blow Acrylic Short Tumbler, Clear","100% acrylic; top-rack dishwasher safe, Acrylic, Bar & Barware, BLOW, cat:new-arrivals, cat:outdoor, Clear, Coastal, Cocktail Hour, Entertaining, Fourth of July, Hostess Gift, Housewarming, Minimalist, Organic Modern, Outdoor & Patio, Outdoor Living, Poolside, seg:season-opener, Self-Gift, Short Tumbler, kit:eligible",Active
blow-clear-acrylic-white-wine-glass-15-2-fl-oz,"Blow Clear Acrylic White Wine Glass, 15.2 fl oz","100% acrylic; top-rack dishwasher-safe; clear stemmed 15.2 fl oz (450 mL) capacity, Acrylic, Bar & Barware, BLOW, cat:new-arrivals, cat:outdoor, Clear, Coastal, Cocktail Hour, Entertaining, Fourth of July, Hostess Gift, Housewarming, Minimalist, Organic Modern, Outdoor & Patio, Outdoor Living, Poolside, seg:season-opener, Self-Gift, Wedding Season, White Wine Glass, kit:eligible",Active
blue-lobster-shell-tray-in-dolomite,Blue Lobster Shell Tray in Dolomite,"A Gift with a Story, cat:new-arrivals, cat:tabletop, Classic/Heritage, Coastal, Decorative Tray, Dolomita, Décor & Styling, Entertaining, Gifting, Hostess Gift, Housewarming, Just Because, LANGOSTA, Large dolomite shell form with blue lobster artwork; hand wash with a soft sponge and non-abrasive soap, Minimalist, Mother's Day, Multicolor, seg:someone-in-mind, The Collected Home, The Host's Touch, Wedding Season, kit:eligible",Active
blue-parakeet-ceramic-cabinet-knobs-set-of-2,"Blue Parakeet Ceramic Cabinet Knobs, Set of 2","80% ceramic with 20% iron; set of 2, Cabinet Knob, cat:decor, cat:gifts, cat:new-arrivals, Ceramic, Classic/Heritage, Coastal, Décor & Styling, Everyday Use, Gifting, Hostess Gift, Housewarming, Iron, Just Because, seg:first-dinner-party, The Host's Touch, The Housewarming, The Overnight Guest, Wabi-Sabi, Wedding Season, White, kit:eligible",Active
bois-3-piece-cheese-knife-set,Bois 3-Piece Cheese Knife Set,"cat:gifts, cat:new-arrivals, cat:tabletop, Caucho, Cheese Knife Set, Christmas, Cocktail Hour, Entertaining, Gifting, Hostess Gift, Housewarming, Minimalist, Natural, Organic Modern, Scandinavian, seg:first-dinner-party, seg:season-opener, seg:the-full-table, Serving, Stainless steel, The Dinner Party, Three purpose-built tools; stainless steel blades with rubberwood handles., Wedding, Wedding Season, Wine Night, Wood, kit:eligible",Active
borosilicate-food-storage-container-with-gray-locking-lid,Borosilicate Food Storage Container with Gray Locking Lid,"Airtight silicone-sealed lid; oven-, and dishwasher-safe, cat:kitchen, cat:new-arrivals, Christmas, Clear, CONTENEDORES DE BOROSILICATO, Cooking & Baking, Cooking Together, Everyday Use, Food Storage Container, Gifting, Glass, Hostess Gift, Housewarming, microwave-, Minimalist, Organic Modern, Polypropylene, Recipes Worth Passing Down, Scandinavian, Silicone, Thank-You, Thanksgiving, The Sunday Table, Wedding Season, kit:eligible",Active
borosilicate-glass-candle-holder-in-red,Borosilicate Glass Candle Holder in Red,"100% borosilicate glass; wipe-clean care, Candle Holder, Candlelit Dinners, cat:decor, cat:new-arrivals, Christmas, Classic/Heritage, Décor & Styling, Entertaining, Gifting, Glass, Holiday Gift, Holiday Traditions, Hostess Gift, Housewarming, Minimalist, New Year, Red, Scandinavian, The Art of the Table, Valentine's Day, kit:eligible",Active
borosilicate-glass-food-storage-container-gray-12-8-oz,"Borosilicate Glass Food Storage Container, Gray, 12.8 oz","Borosilicate glass; oven-safe to 752°F (400°C); airtight silicone-sealed lid, cat:kitchen, cat:new-arrivals, Clear, CONTENEDORES DE BOROSILICATO, Cooking & Baking, Cooking Together, Entertaining, Everyday Use, Food Storage Container, Glass, Hostess Gift, Housewarming, Minimalist, Open-Door Hospitality, Organic Modern, Polypropylene, Scandinavian, Self-Gift, Silicone, Thanksgiving, The Sunday Table, kit:eligible",Active
borosilicate-glass-food-storage-container-with-gray-lid,Borosilicate Glass Food Storage Container with Gray Lid,"Airtight lid; oven safe up to 752°F (400°C); microwave- and dishwasher-safe, cat:kitchen, cat:new-arrivals, Clear, CONTENEDORES DE BOROSILICATO, Cooking & Baking, Cooking Together, Everyday Use, Gifting, Glass, Glass Food Storage Container, Hostess Gift, Housewarming, Minimalist, Organic Modern, Polypropylene, Scandinavian, Self-Gift, Silicone, Thanksgiving, The Host's Touch, The Overnight Guest, kit:eligible",Active
borosilicate-glass-food-storage-container-with-gray-lid-50-7-fl-oz-1-5-l,"Borosilicate Glass Food Storage Container with Gray Lid, 50.7 fl oz (1.5 L)","cat:kitchen, cat:new-arrivals, Clear, CONTENEDORES DE BOROSILICATO, Cooking & Baking, Cooking Together, Everyday Use, Food Storage Container, Gifting, Glass, Housewarming, Minimalist, Open-Door Hospitality, Organic Modern, Oven safe to 752°F (400°C); microwave- and dishwasher-safe; airtight silicone seal., Polypropylene, Scandinavian, seg:the-first-kitchen, Self-Gift, Silicone, Thanksgiving, The Overnight Guest, Wedding, kit:eligible",Active
borosilicate-glass-jar-with-spoon-bamboo-lid,Borosilicate Glass Jar with Spoon & Bamboo Lid,"Bamboo, BAMBU, Borosilicate glass; dishwasher-safe; includes bamboo spoon, cat:kitchen, cat:new-arrivals, Christmas, Clear, Coffee & Tea, Everyday Use, Gifting, Glass, Hostess Gift, Housewarming, Japandi, Minimalist, Mother's Day, Open-Door Hospitality, Organic Modern, seg:weeknight-ceremony, Storage Jar, Thank-You, The Coffee Ritual, The Tea Ritual, Wedding Season, kit:eligible",Active
borosilicate-glass-pitcher-with-lid-44-0-fl-oz-1300-ml,"Borosilicate Glass Pitcher with Lid, 44.0 fl oz (1300 mL)","Borosilicate glass body; stainless steel lid with silicone and polypropylene components, cat:new-arrivals, cat:tabletop, Clear, Entertaining, Everyday Use, Glass, Hostess Gift, Housewarming, Minimalist, Open-Door Hospitality, Organic Modern, Pitcher, Pp, Scandinavian, seg:someone-in-mind, Serving, Silicone, Stainless steel, Thank-You, The Tea Ritual, Wedding Season, Weekend Brunch, kit:eligible",Active
borosilicate-glass-teapot-with-infuser-33-8-fl-oz,"Borosilicate Glass Teapot with Infuser, 33.8 fl oz","cat:new-arrivals, cat:tabletop, Christmas, Clear, Coffee & Tea, Entertaining, Galvanizado, Gifting, Glass, Hanukkah, Heat-resistant borosilicate glass with a removable stainless steel infuser., Hostess Gift, Housewarming, Japandi, Minimalist, Mother's Day, Plastic, Scandinavian, seg:weeknight-ceremony, Slow Mornings, Stainless steel, Teapot, Thank-You, The Tea Ritual, The Thoughtful Thank-You, kit:eligible",Active
bosque-multicolor-glass-tray,Bosque Multicolor Glass Tray,"100% soda-lime glass; compact narrow footprint, Bar & Barware, BOSQUE, cat:new-arrivals, cat:tabletop, Christmas, Cocktail Hour, Décor & Styling, Entertaining, Glass, Hostess Gift, Hostess Gifts, Housewarming, Japandi, Minimalist, Mother's Day, Multicolor, Organic Modern, Serving Tray, Soda-lime, Thank-You, The Host's Touch, Wedding Season, kit:eligible",Active
botanical-11-inch-porcelain-serving-tray,Botanical 11 Inch Porcelain Serving Tray,"cat:new-arrivals, cat:tabletop, Classic/Heritage, Coastal, Décor & Styling, Entertaining, Everyday Celebrations, FRUTAL, Hostess Gift, Housewarming, Lead- and cadmium-free porcelain; multicolor botanical design with a gold-toned rim, Mother's Day, Multicolor, Organic Modern, Porcelain, Serving, Serving Tray, Thank-You, Thanksgiving, The Host's Touch, Wedding Season, Weekend Gatherings, kit:eligible",Active
botanical-floral-paper-napkins-set-of-6,"Botanical Floral Paper Napkins, Set of 6","100% paper; set of 6; dry-storage care, cat:gifts, cat:new-arrivals, cat:tabletop, Classic/Heritage, Easter, Entertaining, Gifting, Hostess Gift, Hostess Gifts, Housewarming, Minimalist, Mother's Day, Multicolor, Organic Modern, Papel, Paper Napkin, seg:someone-in-mind, Serving, Thank-You, The Tea Ritual, Wedding Season, Weekend Brunch, kit:eligible",Active
bow-wood-napkin-rings-set-of-4,"Bow Wood Napkin Rings, Set of 4","100% Canna glauca wood; set of 4, Canna, cat:gifts, cat:new-arrivals, cat:tabletop, Christmas, Coastal, Dinner Party, Entertaining, Gifting, Glauca, Hostess Gift, Housewarming, Japandi, Napkin Ring, Natural, Organic Modern, seg:first-dinner-party, Thank-You, Thanksgiving, The Dinner Party, The Host's Touch, The Sunday Table, Wedding Season, Wood, kit:eligible",Active
brisa-washed-brown-charger-plate-12-6-in,"Brisa Washed Brown Charger Plate, 12.6 in","Brown, Calcio, cat:new-arrivals, cat:tabletop, Charger Plate, Christmas, Coastal, Dinner Party, Décor & Styling, Entertaining, Hostess Gift, Hostess Gifts, Housewarming, Organic Modern, Polvo, Polypropylene, Textured washed-brown surface; lightweight reusable base for layered dinnerware., Thank-You, Thanksgiving, The Dinner Party, The Sunday Table, Wabi-Sabi, Wedding Season, kit:eligible",Active
bronze-cocktail-shaker-25-4-fl-oz,"Bronze Cocktail Shaker, 25.4 fl oz","25.4 fl oz capacity; bronze-toned finish, Bar & Barware, Bronce, cat:bar-glassware, cat:new-arrivals, Cocktail Hour, Cocktail Shaker, Entertaining, Father's Day, Hostess Gift, Hostess Gifts, Housewarming, Mid-Century, Minimalist, New Year, Organic Modern, seg:season-opener, The Well-Set Bar, Wedding, Wedding Season, kit:eligible",Active
brown-lines-10-6-in-dinner-plate,Brown Lines 10.6 in Dinner Plate,"cat:new-arrivals, cat:tabletop, Christmas, Dinner Party, Dinner Plate, Entertaining, Everyday Use, Graphic brown rim lines; 10.6 in (27 cm) dining surface, Hostess Gift, Housewarming, LINEAS, Mediterranean, Minimalist, Organic Modern, Thanksgiving, The Art of the Table, The Dinner Party, The Sunday Table, Wedding, Wedding Season, White, kit:eligible",Active
brown-woven-polyester-placemat,Brown Woven Polyester Placemat,"100% polyester; wipes clean with a soft cloth, Brown, cat:new-arrivals, cat:tabletop, Christmas, Entertaining, Everyday Use, Hostess Gift, Housewarming, Japandi, LINEA, Minimalist, Organic Modern, Placemat, Polyester, seg:the-full-table, Serving, Thank-You, Thanksgiving, The Art of the Table, The Sunday Table, Wedding Season, Weekend Gatherings, kit:eligible",Active
calma-ivory-paraffin-pillar-candle,Calma Ivory Paraffin Pillar Candle,"Candlelit Dinners, cat:home-fragrance, cat:new-arrivals, Christmas, Décor & Styling, Entertaining, Gifting, Hostess Gift, Housewarming, Ivory, Ivory paraffin wax; compact 4.9 in (12.5 cm) height for small surfaces, Just Because, Minimalist, Organic Modern, Paraffin, Pillar Candle, Plastic, Slow Evenings, Thanksgiving, The Host's Touch, Wabi-Sabi, kit:eligible",Active
calma-ivory-scented-candle-set-6-pieces,"Calma Ivory Scented Candle Set, 6 Pieces","Candlelit Dinners, cat:gifts, cat:home-fragrance, cat:new-arrivals, Christmas, Entertaining, Everyday Use, Gifting, Hostess Gift, Hostess Gifts, Housewarming, Ivory, Minimalist, Organic Modern, Scandinavian, Scented Candle, seg:someone-in-mind, Six-piece scented candle set; ivory wax; boxed for gifting and storage, Slow Evenings, Thank-You, Thanksgiving, Wedding Season, kit:eligible",Active
canon-black-decorative-vase,Canon Black Decorative Vase,"Black, Black color; 8.3 in (21 cm) tabletop scale, cat:decor, cat:new-arrivals, Decorative Vase, Décor & Styling, Entertaining, Flowers on the Table, Gifting, Hostess Gift, Hostess Gifts, Housewarming, Japandi, Minimalist, Mother's Day, Organic Modern, Self-Gift, The Collected Home, Wedding Season, kit:eligible",Active
canon-black-decorative-vase-13-in-33-cm,"Canon Black Decorative Vase, 13 in (33 cm)","Black, cat:decor, cat:new-arrivals, Decorative Vase, Décor & Styling, Entertaining, Flowers on the Table, Gifting, Hostess Gift, Housewarming, Japandi, Minimalist, Organic Modern, Self-Gift, Tall profile; black decorative finish, The Host's Touch, The Housewarming, Wedding Season, kit:eligible",Active
carat-glass-liquor-decanter-with-stopper-25-4-fl-oz-750-ml,"Carat Glass Liquor Decanter with Stopper, 25.4 fl oz (750 mL)","25.4 fl oz (750 mL) decanter capacity; clear glass with raised Carat relief, Bar & Barware, CARAT, cat:bar-glassware, cat:new-arrivals, Christmas, Classic/Heritage, Clear, Cocktail Hour, Corporate/Client, Entertaining, Father's Day, Gifting, Glass, Hostess Gift, Housewarming, Liquor Decanter, Minimalist, seg:season-opener, The Nightcap, The Well-Set Bar, Wedding Season, kit:eligible",Active
cast-aluminum-mini-frying-pan-5-5-in,"Cast Aluminum Mini Frying Pan, 5.5 in","A Table for One, Aluminum, Black, Cast aluminum with improved abrasion resistance; enhanced nonstick performance, cat:kitchen, cat:new-arrivals, Cooking & Baking, Cooking Together, Everyday Use, Father's Day, Gifting, Hostess Gift, Housewarming, Mini Frying Pan, Minimalist, Mother's Day, Organic Modern, Scandinavian, seg:weeknight-ceremony, Self-Gift, Slow Mornings, Wedding Season, kit:eligible",Active
ceramic-bowls-set-of-2,Ceramic Bowls Set of 2,"cat:gifts, cat:new-arrivals, cat:tabletop, Ceramic, Cereal Bowl, Everyday Celebrations, Everyday Use, Gifting, Hostess Gift, Housewarming, Japandi, Just Because, Microwave-safe; dishwasher-safe; 100% ceramic., Minimalist, Multicolor, NAHUA, Organic Modern, seg:someone-in-mind, Serving, The Sunday Table, Wedding Season, Weekend Brunch, kit:eligible",Active
ceramic-butter-dish-with-acacia-lid-and-spreading-knife,Ceramic Butter Dish with Acacia Lid and Spreading Knife,"Acacia, Acacia lid with included stainless steel spreading knife; compact 3.4 fl oz (100 mL) ceramic container., Butter Dish, cat:gifts, cat:new-arrivals, cat:tabletop, Ceramic, Everyday Use, Gifting, Hostess Gift, Housewarming, Japandi, Minimalist, Mother's Day, Multicolor, Organic Modern, seg:weeknight-ceremony, Serving, Slow Mornings, Stainless steel, Thank-You, The Host's Touch, The Tea Ritual, Wedding Season, kit:eligible",Active
ceramic-divided-holiday-serving-plate-12-in,"Ceramic Divided Holiday Serving Plate, 12 in","100% dolomite ceramic; microwave- and dishwasher-safe; four divided sections., cat:new-arrivals, cat:tabletop, Ceramic, Christmas, Classic/Heritage, Divided Serving Plate, Entertaining, Gifting, Green, Holiday Gift, Holiday Traditions, Hostess Gift, Hostess Gifts, Housewarming, Red, Scandinavian, seg:season-opener, seg:someone-in-mind, Serving, The Host's Touch, White, kit:eligible",Active
ceramic-espresso-cup-saucer-set-of-4,Ceramic Espresso Cup & Saucer Set of 4,"100% ceramic; microwave- and dishwasher-safe, cat:gifts, cat:new-arrivals, cat:tabletop, Ceramic, Christmas, Coffee & Tea, Entertaining, Espresso Cup & Saucer Set, Gifting, Hostess Gift, Hostess Gifts, Housewarming, Minimalist, Mother's Day, Multicolor, NAHUA, Organic Modern, seg:someone-in-mind, seg:weeknight-ceremony, Thank-You, The Coffee Ritual, Wabi-Sabi, Wedding Season, Weekend Brunch, kit:eligible",Active
ceramic-fondue-set-with-acacia-tray-skewers,Ceramic Fondue Set with Acacia Tray & Skewers,"Acacia, Acacia wood tray with ceramic serving pieces; 10-piece set with stainless steel skewers, cat:gifts, cat:new-arrivals, cat:tabletop, Ceramic, Christmas, Entertaining, Fondue Set, Gifting, Hostess Gift, Hostess Gifts, Housewarming, Japandi, Just Because, Minimalist, Mother's Day, Natural, Organic Modern, seg:first-dinner-party, seg:season-opener, seg:someone-in-mind, seg:the-full-table, Serving, Stainless steel, The Dinner Party, Valentine's Day, Weekend Gatherings, White, Wood, kit:eligible",Active
ceramic-leaf-tray-green-serving-platter,"Ceramic Leaf Tray, Green Serving Platter","cat:new-arrivals, cat:tabletop, Ceramic, Classic/Heritage, Décor & Styling, Easter, Entertaining, Garden Parties, Green, Hostess Gift, Hostess Gifts, Housewarming, HUERTO VERDE, Microwave-safe and dishwasher-safe; 100% ceramic., Mother's Day, Organic Modern, Serving, Serving Tray, Thank-You, Thanksgiving, The Sunday Table, Wabi-Sabi, kit:eligible",Active
ceramic-pasta-bowls-7-2-in-set-of-2,"Ceramic Pasta Bowls, 7.2 in, Set of 2","cat:gifts, cat:new-arrivals, cat:tabletop, Ceramic, Christmas, Entertaining, Everyday Use, Hostess Gift, Housewarming, Microwave-safe; dishwasher-safe; 100% ceramic; set of 2., Minimalist, Multicolor, NAHUA, Organic Modern, Pasta Bowl, seg:first-dinner-party, seg:season-opener, seg:the-first-kitchen, seg:the-full-table, Serving, Thanksgiving, The Dinner Party, The Sunday Table, Wabi-Sabi, Wedding, Wedding Season, Weekend Gatherings, kit:eligible",Active
ceramic-salad-plates-set-of-4-multicolor,"Ceramic Salad Plates Set of 4, Multicolor","100% ceramic., cat:gifts, cat:new-arrivals, cat:tabletop, Ceramic, Christmas, Dishwasher-safe, Entertaining, Everyday Use, Hostess Gift, Housewarming, microwave-safe, Minimalist, Multicolor, NAHUA, Organic Modern, Salad Plate, seg:first-dinner-party, seg:season-opener, seg:the-first-kitchen, seg:the-full-table, Serving, Thanksgiving, The Dinner Party, The Sunday Table, Wabi-Sabi, Wedding, Wedding Season, Weekend Gatherings, kit:eligible",Active
ceramic-salt-pepper-set-with-bamboo-tray-3-piece,"Ceramic Salt & Pepper Set with Bamboo Tray, 3-Piece","Bambo, cat:gifts, cat:new-arrivals, cat:tabletop, Ceramic, CERAMICA Y MADERA, Christmas, Dishwasher-safe; ceramic shakers with bamboo tray; 1.4 fl oz (40 mL) capacity each, Entertaining, Everyday Celebrations, Everyday Use, Hostess Gift, Housewarming, Minimalist, Organic Modern, Salt & Pepper Shaker Set, Scandinavian, seg:first-dinner-party, seg:the-first-kitchen, seg:the-full-table, Serving, The Dinner Party, The Sunday Table, Wedding, Wedding Season, White, kit:eligible",Active
ceramic-sauce-dishes-with-rubberwood-tray-4-piece-set,"Ceramic Sauce Dishes with Rubberwood Tray, 4-Piece Set","cat:gifts, cat:new-arrivals, cat:tabletop, Caucho, Ceramic, CERAMICA Y MADERA, Christmas, Cocktail Hour, Condiment Bowl Set, Dishwasher-safe ceramic dishes with a rubberwood tray; 4.4 fl oz (130 mL) capacity per bowl., Entertaining, Gifting, Hostess Gift, Housewarming, Minimalist, Organic Modern, Scandinavian, seg:season-opener, Serving, Thank-You, Thanksgiving, The Host's Touch, Wedding Season, Weekend Gatherings, White, Wood, kit:eligible",Active
chantal-clear-glass-egg-cups-set-of-2,Chantal Clear Glass Egg Cups Set of 2,"cat:gifts, cat:new-arrivals, cat:tabletop, Classic/Heritage, Clear, Coffee & Tea, Dishwasher-safe soda-lime glass; clear textured set of 2, Easter, Egg Cup, Entertaining, Everyday Use, Glass, Hostess Gift, Housewarming, Just Because, Lima, Minimalist, Mother's Day, Scandinavian, seg:weeknight-ceremony, Slow Mornings, Soda, The Tea Ritual, Weekend Brunch, kit:eligible",Active
chelo-clear-glass-cheese-dome-with-plate,Chelo Clear Glass Cheese Dome with Plate,"cat:gifts, cat:new-arrivals, cat:tabletop, Cheese Dome, CHELO, Classic/Heritage, Clear, Cocktail Hour, Dishwasher-safe, Entertaining, Gifting, Glass, Hostess Gift, Housewarming, Minimalist, odor-resistant glass, seg:season-opener, Serving, The Host's Touch, Wedding, Wedding Season, Wine Night, kit:eligible",Active
chelo-clear-glass-cup-and-saucer-set-4-piece,"Chelo Clear Glass Cup and Saucer Set, 4-Piece","cat:gifts, cat:new-arrivals, cat:tabletop, CHELO, Christmas, Classic/Heritage, Clear, Coffee & Tea, Dishwasher-safe clear glass; 4-piece set with two matching saucers., Entertaining, Gifting, Glass, Hostess Gift, Hostess Gifts, Housewarming, Minimalist, Mother's Day, seg:weeknight-ceremony, Tea Cup & Saucer Set, Thank-You, The Coffee Ritual, The Tea Ritual, Wedding Season, kit:eligible",Active
chelo-clear-glass-egg-cups-set-of-2,"Chelo Clear Glass Egg Cups, Set of 2","Breakfast in Bed, cat:gifts, cat:new-arrivals, cat:tabletop, CHELO, Classic/Heritage, Clear, Dishwasher-safe clear glass; does not absorb odors or flavors., Easter, Egg Cup, Everyday Use, Gifting, Glass, Hostess Gift, Housewarming, Minimalist, Mother's Day, Scandinavian, Self-Gift, Serving, Slow Mornings, Weekend Brunch, kit:eligible",Active
chelo-glass-butter-dish-with-dome-lid,Chelo Glass Butter Dish with Dome Lid,"Butter Dish, cat:new-arrivals, cat:tabletop, CHELO, Classic/Heritage, Clear, Dishwasher-safe glass; dome lid shields contents from dust and insects, Easter, Entertaining, Everyday Use, Glass, Hostess Gift, Housewarming, Minimalist, Mother's Day, Scandinavian, Serving, Thank-You, Thanksgiving, The Host's Touch, The Tea Ritual, Weekend Brunch, kit:eligible",Active
chelo-glass-pedestal-cake-stand-10-9-in-27-8-cm,"Chelo Glass Pedestal Cake Stand, 10.9 in (27.8 cm)","Cake Stand, cat:new-arrivals, cat:tabletop, CHELO, Christmas, Classic/Heritage, Clear, Coastal, Dinner Party, Dishwasher-safe; beaded glass rim, Entertaining, Glass, Hostess Gift, Hostess Gifts, Housewarming, Minimalist, seg:the-first-kitchen, seg:the-full-table, Serving, Thanksgiving, The Dinner Party, The Sunday Table, Wedding, Wedding Season, kit:eligible",Active
chelo-rectangular-glass-butter-dish-with-lid,Chelo Rectangular Glass Butter Dish with Lid,"Butter Dish, cat:new-arrivals, cat:tabletop, CHELO, Christmas, Classic/Heritage, Clear, Clear glass with protective lid; dishwasher-safe., Everyday Use, Gifting, Glass, Hostess Gift, Housewarming, Minimalist, Serving, Thank-You, Thanksgiving, The Host's Touch, The Tea Ritual, Weekend Brunch, kit:eligible",Active
christmas-eve-glass-drinking-straws-set-of-4,"Christmas Eve Glass Drinking Straws, Set of 4","100% borosilicate glass; dishwasher-safe; reusable, Bar & Barware, cat:bar-glassware, cat:gifts, cat:new-arrivals, Christmas, Cocktail Hour, Drinking Straw, Entertaining, Glass, Holiday Gift, Holiday Traditions, Hostess Gift, Housewarming, Minimalist, Multicolor, NOCHE BUENA SNOW, Scandinavian, The Well-Set Bar, kit:eligible",Active
christmas-glass-taper-candle-holder-5-2-in,"Christmas Glass Taper Candle Holder, 5.2 in","100% soda-lime glass; wipe-clean care with mild soap, Candlelit Dinners, cat:decor, cat:new-arrivals, Christmas, Classic/Heritage, Décor & Styling, Entertaining, Glass, Green, Holiday Gift, Holiday Traditions, Hostess Gift, Housewarming, Minimalist, Organic Modern, seg:someone-in-mind, Sodalime, Special Occasion, Taper Candle Holder, The Host's Touch, kit:eligible",Active
christmas-leaves-glass-bowl-16-9-fl-oz,"Christmas Leaves Glass Bowl, 16.9 fl oz","100% soda-lime glass; 16.9 fl oz (500 mL) capacity, A Gift with a Story, cat:new-arrivals, cat:tabletop, Christmas, Classic/Heritage, Entertaining, Gifting, Glass, HOJAS NAVIDAD, Holiday Gift, Holiday Traditions, Hostess Gift, Housewarming, Multicolor, Organic Modern, seg:someone-in-mind, Serving, Serving Bowl, Soda-lime, The Host's Touch, kit:eligible",Active
christmas-leaves-glass-charger-plate,Christmas Leaves Glass Charger Plate,"100% soda-lime glass; reusable decorative base plate, cat:new-arrivals, cat:tabletop, Charger Plate, Christmas, Classic/Heritage, Dinner Party, Décor & Styling, Entertaining, Glass, HOJAS NAVIDAD, Holiday Gift, Holiday Traditions, Hostess Gift, Housewarming, Multicolor, Organic Modern, Seasonal Tables, Soda-lime, The Art of the Table, kit:eligible",Active
christmas-leaves-glass-side-plate-8-3-in-21-cm,"Christmas Leaves Glass Side Plate, 8.3 in (21 cm)","cat:new-arrivals, cat:tabletop, Christmas, Classic/Heritage, Dishwasher-safe; 100% soda-lime glass, Entertaining, Glass, HOJAS NAVIDAD, Holiday Gift, Holiday Traditions, Hostess Gift, Housewarming, Multicolor, Organic Modern, Seasonal Tables, Serving, Side Plate, Soda-lime, Special Occasion, The Host's Touch, kit:eligible",Active
christmas-tree-artificial-marble-cheese-board-knife-set,Christmas Tree Artificial Marble Cheese Board & Knife Set,"Artificial, Artificial marble board; stainless steel cheese knife included, cat:gifts, cat:new-arrivals, cat:tabletop, Cheese Board & Knife Set, Christmas, Classic/Heritage, Entertaining, Gifting, Holiday Gift, Holiday Traditions, Hostess Gift, Hostess Gifts, Housewarming, Marble, Minimalist, Scandinavian, seg:season-opener, seg:someone-in-mind, seg:the-full-table, Serving, Stainless steel, The Art of the Table, White, kit:eligible",Active
christmas-tree-glass-side-plate-8-1-in,"Christmas Tree Glass Side Plate, 8.1 in","cat:new-arrivals, cat:tabletop, Christmas, Classic/Heritage, Dinner Party, Dishwasher-safe soda-lime glass; multicolor Christmas tree motif, Entertaining, Gifting, Glass, Holiday Gift, Holiday Traditions, Hostess Gift, Housewarming, Minimalist, Multicolor, Seasonal Tables, seg:someone-in-mind, Side Plate, Soda-lime, The Host's Touch, kit:eligible",Active
christmas-tree-wine-glasses-13-5-fl-oz-400-ml-set-of-2,"Christmas Tree Wine Glasses, 13.5 fl oz (400 mL), Set of 2","100% borosilicate glass; Dishwasher-safe, Bar & Barware, cat:bar-glassware, cat:gifts, cat:new-arrivals, Christmas, Classic/Heritage, Entertaining, Gifting, Glass, Holiday Gift, Holiday Traditions, Hostess Gift, Multicolor, New Year, Scandinavian, seg:season-opener, Thank-You, The Well-Set Bar, Wine Glass, Wine Night, kit:eligible",Active
christmas-village-glass-cutting-board-11-8-in,"Christmas Village Glass Cutting Board, 11.8 in","cat:new-arrivals, cat:tabletop, Christmas, Classic/Heritage, Dishwasher-safe soda-lime glass; nonporous cutting board surface, Décor & Styling, Gifting, Glass, Glass Cutting Board, Holiday Gift, Holiday Traditions, Hostess Gift, Housewarming, Multicolor, NOCHE BUENA SNOW, Seasonal Tables, Serving, Sodalime, The Host's Touch, kit:eligible",Active
chrome-iron-wire-napkin-holder,Chrome Iron Wire Napkin Holder,"Alambre, ALUMINIO PLATEADO, Bauhaus, cat:new-arrivals, cat:tabletop, Christmas, Chrome-finished iron wire; compact open-frame design for folded paper napkins., Décor & Styling, Entertaining, Everyday Use, Hostess Gift, Housewarming, Iron, Just Because, Minimalist, Napkin Holder, Scandinavian, Silver, Thanksgiving, The Backyard BBQ, The Host's Touch, Weekend Gatherings, kit:eligible",Active
chrome-iron-wire-plate-rack-organizer,Chrome Iron Wire Plate Rack Organizer,"100% iron wire; compact chrome-finished frame for organizing and air-drying plates., Alambre, ALUMINIO PLATEADO, cat:kitchen, cat:new-arrivals, Cooking Together, Everyday Beauty, Everyday Use, Gifting, Graduation Season, Housewarming, Iron, Minimalist, Organic Modern, Plate Rack, Scandinavian, Self-Gift, Serving, Silver, Thank-You, The Host's Touch, Wedding Season, kit:eligible",Active
chrome-silver-iron-wire-spiral-napkin-ring,Chrome Silver Iron Wire Spiral Napkin Ring,"Alambre, ALUMINIO PLATEADO, cat:new-arrivals, cat:tabletop, Christmas, Chrome-finished iron wire; wipe-clean dry-cloth care, Dinner Party, Entertaining, Gifting, Hostess Gift, Hostess Gifts, Housewarming, Iron, Minimalist, Napkin Ring, Organic Modern, Scandinavian, seg:the-full-table, Silver, Thanksgiving, The Art of the Table, The Dinner Party, Wedding, Wedding Season, kit:eligible",Active
ciclon-ivory-sculptural-unscented-candle,Ciclón Ivory Sculptural Unscented Candle,"Candlelit Dinners, cat:home-fragrance, cat:new-arrivals, Cera, Christmas, CICLON, Décor & Styling, Entertaining, Gifting, Hostess Gift, Housewarming, Ivory, Japandi, Minimalist, Organic Modern, Paraffin, Sculptural Candle, Self-Gift, Soja, Thanksgiving, The Dinner Party, The Host's Touch, Unscented; 50% paraffin and 50% soy wax; sculptural ivory form, Wedding Season, kit:eligible",Active
citrus-drink-coasters-set-of-6,Citrus Drink Coasters Set of 6,"Bar & Barware, cat:gifts, cat:new-arrivals, cat:tabletop, Coaster Set, Cocktail Hour, Dishwasher-safe; lead- and cadmium-free certified, Dolomita, Entertaining, Everyday Use, FRUTAS, Hostess Gift, Housewarming, Mediterranean, Minimalist, Multicolor, Organic Modern, seg:season-opener, Thank-You, The Host's Touch, Wedding Season, Weekend Gatherings, kit:eligible",Active
citrus-porcelain-serving-tray,Citrus Porcelain Serving Tray,"cat:new-arrivals, cat:tabletop, Classic/Heritage, Coastal, Cocktail Hour, Easter, Entertaining, FRUTAL, Gifting, Hostess Gift, Housewarming, Lead- and cadmium-free porcelain., Mediterranean, Mother's Day, Multicolor, Porcelain, seg:season-opener, Serving, Serving Tray, Thank-You, The Host's Touch, Wedding Season, Weekend Brunch, kit:eligible",Active
clear-2-oz-tequila-shot-glasses-set-of-4,"Clear 2 oz Tequila Shot Glasses, Set of 4","balanced base., Bar & Barware, Bauhaus, cat:bar-glassware, cat:gifts, cat:new-arrivals, Classic/Heritage, Clear, Cocktail Hour, Dishwasher-safe glass with a heavy, Entertaining, Gifting, Glass, Hostess Gift, Hostess Gifts, Housewarming, Minimalist, New Year, seg:first-dinner-party, seg:season-opener, seg:someone-in-mind, Shot Glass, Thank-You, The Well-Set Bar, kit:eligible",Active
clear-acrylic-5-oz-serving-scoop,Clear Acrylic 5 oz Serving Scoop,"Acrylic, cat:new-arrivals, cat:outdoor, Christmas, Clear, Clear acrylic-and-polystyrene construction; top-rack dishwasher-safe, Entertaining, Everyday Use, Hostess Gift, Housewarming, Minimalist, Open-Door Hospitality, Organic Modern, Poliestireno, Scandinavian, seg:someone-in-mind, Serving, Serving Scoop, Thank-You, Thanksgiving, The Host's Touch, Wedding Season, Weekend Gatherings, kit:eligible",Active
clear-acrylic-champagne-flute,Clear Acrylic Champagne Flute,"100% clear acrylic; top-rack dishwasher-safe; hand-wash preferred for longer wear, Acrylic, Bar & Barware, cat:new-arrivals, cat:outdoor, Champagne Flute, Clear, Coastal, Cocktail Hour, Entertaining, Fourth of July, Hostess Gift, Housewarming, Just Because, Minimalist, New Year, Organic Modern, Outdoor & Patio, Outdoor Living, Poolside, seg:season-opener, Wedding Season, kit:eligible",Active
clear-acrylic-cheese-dome,Clear Acrylic Cheese Dome,"Acrilco, and refrigerator odor transfer, cat:new-arrivals, cat:outdoor, Cheese Dome, Christmas, Classic/Heritage, Clear, Clear 100% acrylic; protects cheese from dust, Cocktail Hour, Entertaining, Hostess Gift, Housewarming, insects, Minimalist, Organic Modern, Outdoor & Patio, seg:season-opener, seg:the-full-table, Serving, Thank-You, Thanksgiving, The Dinner Party, The Host's Touch, Wedding Season, kit:eligible",Active
clear-acrylic-covered-cake-server-12-2-in,"Clear Acrylic Covered Cake Server, 12.2 in","Acrylic, Cake Stand, cat:new-arrivals, cat:outdoor, Classic/Heritage, Clear, Coastal, Entertaining, Gifting, Hostess Gift, Housewarming, Just Because, Minimalist, Mother's Day, Poliestireno, Serving, Thanksgiving, The Host's Touch, The Sunday Table, Top-rack dishwasher-safe; lighter than glass; clear covered display, Wedding Season, Weekend Gatherings, kit:eligible",Active
clear-acrylic-lowball-glasses-10-0-fl-oz-295-ml-set-of-2,"Clear Acrylic Lowball Glasses, 10.0 fl oz (295 mL), Set of 2","Bar & Barware, Break-resistant clear acrylic; lightweight outdoor barware; set of 2, cat:gifts, cat:new-arrivals, cat:outdoor, Clear, Coastal, Cocktail Hour, Father's Day, Fourth of July, Hostess Gift, Housewarming, Just Because, Minimalist, Organic Modern, Outdoor & Patio, Poolside, Rocks Glass, seg:season-opener, The Well-Set Bar, kit:eligible",Active
clear-acrylic-pitcher-with-lid-64-2-fl-oz,"Clear Acrylic Pitcher with Lid, 64.2 fl oz","Acrylic, cat:new-arrivals, cat:outdoor, Clear, Coastal, Entertaining, Fourth of July, Hostess Gift, Housewarming, Lightweight clear acrylic; covered cold-drink service; top-rack dishwasher-safe., Minimalist, Organic Modern, Outdoor & Patio, Outdoor Living, Pitcher, Poolside, seg:season-opener, Self-Gift, Serving, Weekend Gatherings, kit:eligible",Active
clear-acrylic-salt-shaker-with-stainless-steel-detail,Clear Acrylic Salt Shaker with Stainless Steel Detail,"Abs, Acrylic, Bauhaus, cat:new-arrivals, cat:tabletop, Christmas, Clear, Clear acrylic body; refillable 1.8 oz (50 g) salt capacity, Entertaining, Everyday Celebrations, Everyday Use, Hostess Gift, Housewarming, Minimalist, Salt Shaker, Scandinavian, Self-Gift, Serving, Stainless steel, Thanksgiving, The Host's Touch, The Sunday Table, Wedding Season, kit:eligible",Active
clear-acrylic-stripe-salt-pepper-shaker-set,Clear Acrylic Stripe Salt & Pepper Shaker Set,"Acrylic, cat:gifts, cat:new-arrivals, cat:outdoor, Classic/Heritage, Clear, Coastal, Everyday Celebrations, Everyday Use, Fourth of July, Hostess Gift, Housewarming, Just Because, Minimalist, Outdoor & Patio, Outdoor Living, Poliestireno, RAYAS, Salt & Pepper Shaker Set, Serving, Thanksgiving, The Backyard BBQ, Top-rack dishwasher-safe; clear bodies show fill level; compact 0.8 fl oz (23 mL) capacity each, kit:eligible",Active
clear-acrylic-tall-shot-glass-2-fl-oz,"Clear Acrylic Tall Shot Glass, 2 fl oz","Acrylic, Bar & Barware, Break-resistant acrylic; top-rack dishwasher-safe, cat:new-arrivals, cat:outdoor, Clear, Coastal, Cocktail Hour, Fourth of July, Hostess Gift, Housewarming, Minimalist, New Year, Organic Modern, Outdoor & Patio, Poolside, seg:season-opener, Self-Gift, Shot Glass, The Well-Set Bar, Wedding Season, kit:eligible",Active
clear-crystal-glass-wine-decanter,Clear Crystal Glass Wine Decanter,"Bar & Barware, cat:bar-glassware, cat:new-arrivals, Christmas, Classic/Heritage, Clear, Cristal, Dishwasher-safe crystal; widened spout for controlled pouring, Entertaining, Gifting, Hostess Gift, Housewarming, Minimalist, Organic Modern, seg:the-full-table, Thanksgiving, The Dinner Party, The Well-Set Bar, Wedding, Wedding Season, Wine Decanter, Wine Night, kit:eligible",Active
clear-glass-beverage-dispenser-with-spigot-128-5-fl-oz,"Clear Glass Beverage Dispenser with Spigot, 128.5 fl oz","800 mL) capacity, BASICS, Beverage Dispenser, Cal, cat:new-arrivals, cat:tabletop, Classic/Heritage, Clear, Dishwasher-safe; clear soda-lime glass; 128.5 fl oz (3, Entertaining, Fourth of July, Glass, Hostess Gift, Housewarming, Metal, Minimalist, Organic Modern, Outdoor & Patio, Outdoor Living, Polietileno, seg:season-opener, seg:someone-in-mind, Serving, Silicna, Sodada, Thank-You, Thanksgiving, The Host's Touch, Wedding Season, Weekend Gatherings, kit:eligible",Active
clear-glass-bottle-with-cork-stopper-33-8-fl-oz,"Clear Glass Bottle with Cork Stopper, 33.8 fl oz","cat:new-arrivals, cat:tabletop, Clear, Corcho, Dishwasher-safe; cork stopper; clear soda-lime glass, Entertaining, Everyday Use, Glass, Glass Bottle, Hostess Gift, Housewarming, Japandi, Metal, Minimalist, Scandinavian, Serving, Silicone, Sodalime, Thank-You, The Dinner Party, The Host's Touch, The Overnight Guest, Wedding Season, kit:eligible",Active
clear-glass-shot-glasses-set-of-4,"Clear Glass Shot Glasses, Set of 4","Bar & Barware, Birthday, cat:bar-glassware, cat:gifts, cat:new-arrivals, Clear, Cocktail Hour, Entertaining, Father's Day, Gifting, Glass, High-transparency glass; dishwasher safe, Hostess Gift, Housewarming, Minimalist, New Year, Organic Modern, seg:first-dinner-party, seg:season-opener, Shot Glass, The Dinner Party, The Well-Set Bar, Wedding Season, kit:eligible",Active
clear-glass-storage-container-with-lid-20-9-fl-oz,"Clear Glass Storage Container with Lid, 20.9 fl oz","Cal, cat:kitchen, cat:new-arrivals, Christmas, Classic/Heritage, Clear, Coffee & Tea, Dishwasher-safe glass container; 99% soda-lime glass., Everyday Use, Food Storage Container, Gifting, Glass, Hostess Gift, Housewarming, Just Because, Minimalist, Organic Modern, Polietileno, seg:weeknight-ceremony, Sodada, Thanksgiving, The Coffee Ritual, The Host's Touch, The Tea Ritual, kit:eligible",Active
clear-glass-storage-jar-47-3-fl-oz-1400-ml,"Clear Glass Storage Jar, 47.3 fl oz (1400 mL)","Cal, cat:kitchen, cat:new-arrivals, Classic/Heritage, Clear, Coffee & Tea, Dishwasher-safe; clear 99% soda-lime glass with 1% polyethylene., Everyday Use, Gifting, Glass, Hostess Gift, Housewarming, Minimalist, Organic Modern, Polietileno, Sodada, Storage Jar, Thank-You, The Collected Home, The Host's Touch, The Tea Ritual, Wedding Season, kit:eligible",Active
clear-glass-tumblers-with-straws-set-of-2,"Clear Glass Tumblers with Straws, Set of 2","Bar & Barware, cat:bar-glassware, cat:gifts, cat:new-arrivals, Clear, Cocktail Hour, Coffee & Tea, Dishwasher-safe glass; set of 2 with reusable straws, Everyday Celebrations, Everyday Use, Glass, Hostess Gift, Housewarming, Just Because, Minimalist, Organic Modern, Scandinavian, seg:first-dinner-party, seg:weeknight-ceremony, The Coffee Ritual, Tumbler, Wedding Season, kit:eligible",Active
clear-gray-2-cup-plastic-measuring-cup,Clear Gray 2 Cup Plastic Measuring Cup,"and milliliter markings, BPA-free, break-resistant measuring cup with cup, cat:kitchen, cat:new-arrivals, Clear, Cooking & Baking, Cooking Together, Everyday Use, Gifting, Graduation Season, Hostess Gift, Housewarming, Measuring Cup, Minimalist, Organic Modern, ounce, Poliestireno, Recipes Worth Passing Down, Scandinavian, seg:weeknight-ceremony, Self-Gift, The Sunday Table, Wedding Season, kit:eligible",Active
clear-margarita-glasses-set-of-4,Clear Margarita Glasses Set of 4,"Bar & Barware, cat:bar-glassware, cat:gifts, cat:new-arrivals, Classic/Heritage, Clear, Coastal, Cocktail Hour, Dishwasher-safe clear glass; generous 15.9 fl oz (470 mL) capacity, Entertaining, Glass, Hostess Gift, Housewarming, Margarita Glass, Minimalist, New Year, seg:first-dinner-party, seg:season-opener, The Dinner Party, The Well-Set Bar, Wedding, Wedding Season, kit:eligible",Active
clear-martini-glasses-set-of-4,"Clear Martini Glasses, Set of 4","Bar & Barware, cat:bar-glassware, cat:gifts, cat:new-arrivals, Christmas, Classic/Heritage, Clear, Cocktail Hour, Dishwasher-safe; 10.8 fl oz capacity; clear glass with exceptional clarity, Entertaining, Glass, Hostess Gift, Housewarming, Martini Glass, Minimalist, New Year, seg:season-opener, The Nightcap, The Well-Set Bar, Wedding, Wedding Season, kit:eligible",Active
clear-round-acrylic-cheese-dome,Clear Round Acrylic Cheese Dome,"Acrylic, cat:new-arrivals, cat:outdoor, Cheese Dome, Christmas, Clear, Clear acrylic with an easy-lift knob; lightweight covered server for cold foods., Cocktail Hour, Entertaining, Gifting, Hostess Gift, Hostess Gifts, Housewarming, Just Because, Minimalist, Ms, Organic Modern, Poliestireno, Scandinavian, seg:someone-in-mind, Serving, Thanksgiving, Wedding Season, Wine Night, kit:eligible",Active
clear-tulip-crystal-goblets-29-8-fl-oz-set-of-2,"Clear Tulip Crystal Goblets, 29.8 fl oz, Set of 2","Bar & Barware, cat:bar-glassware, cat:gifts, cat:new-arrivals, Christmas, Classic/Heritage, Clear, Cristal, Crystal; oversized 29.8 fl oz (880 mL) capacity, Entertaining, Gifting, Hostess Gift, Housewarming, Minimalist, Organic Modern, seg:first-dinner-party, seg:season-opener, seg:the-full-table, The Dinner Party, The Well-Set Bar, TULIPAN, Wedding, Wedding Season, Wine Glass, Wine Night, gift-glass",Active
colored-borosilicate-glass-spoons-set-of-4,"Colored Borosilicate Glass Spoons, Set of 4","Bar & Barware, Bauhaus, cat:gifts, cat:new-arrivals, cat:tabletop, Christmas, Cocktail Hour, Coffee & Tea, Dishwasher-safe glass spoons; borosilicate glass, Entertaining, Glass, Glass Teaspoon, Hostess Gift, Housewarming, Just Because, Minimalist, Mother's Day, Multicolor, Scandinavian, seg:weeknight-ceremony, The Coffee Ritual, The Tea Ritual, Wedding Season, kit:eligible",Active
colored-silhouette-wine-glass-charms-set-of-6,Colored Silhouette Wine Glass Charms Set of 6,"100% silicone; made for both stemware and glass rims; set of 6., Bar & Barware, Bauhaus, cat:bar-glassware, cat:gifts, cat:new-arrivals, Christmas, Cocktail Hour, Entertaining, Gifting, Hostess Gift, Housewarming, Minimalist, Multicolor, New Year, Organic Modern, seg:first-dinner-party, seg:someone-in-mind, seg:the-full-table, Silicone, Thank-You, Thanksgiving, The Dinner Party, Wine Glass Charms, Wine Night, kit:eligible",Active
contrast-new-bone-china-side-plates-set-of-4,"Contrast New Bone China Side Plates, Set of 4","100% new bone china; multicolor Contrast design, Bauhaus, cat:gifts, cat:new-arrivals, cat:tabletop, CONTRASTE, Entertaining, Everyday Use, Hostess Gift, Housewarming, Minimalist, Multicolor, New Bone China, Organic Modern, Porcelain, seg:first-dinner-party, seg:the-first-kitchen, seg:the-full-table, Serving, Side Plate, The Art of the Table, The Dinner Party, The Sunday Table, Wedding, Wedding Season, kit:eligible",Active
contrast-new-bone-china-sugar-bowl-with-lid,Contrast New Bone China Sugar Bowl with Lid,"Bauhaus, cat:new-arrivals, cat:tabletop, Coffee & Tea, CONTRASTE, Gifting, Hostess Gift, Housewarming, Minimalist, Mother's Day, Multicolor, New Bone China, New bone china porcelain; wide-mouth lidded design; odor- and flavor-resistant., Organic Modern, Porcelain, seg:weeknight-ceremony, Serving, Sugar Bowl, Thank-You, The Coffee Ritual, The Tea Ritual, Wedding Season, Weekend Brunch, kit:eligible",Active
contrast-porcelain-covered-butter-dish,Contrast Porcelain Covered Butter Dish,"Bauhaus, Butter Dish, cat:new-arrivals, cat:tabletop, Christmas, CONTRASTE, Entertaining, Everyday Use, Hostess Gift, Housewarming, Just Because, Minimalist, Multicolor, Porcelain, Porcelain; dishwasher- and microwave-safe., Scandinavian, Serving, Thanksgiving, The Host's Touch, The Sunday Table, Weekend Brunch, kit:eligible",Active
contrast-porcelain-soup-bowls-set-of-4,Contrast Porcelain Soup Bowls Set of 4,"100% New Bone China; set of 4 coordinated bowls, Bauhaus, cat:gifts, cat:new-arrivals, cat:tabletop, Christmas, CONTRASTE, Entertaining, Everyday Use, Hostess Gift, Housewarming, Mid-Century, Minimalist, Multicolor, New Bone China, Porcelain, seg:first-dinner-party, seg:season-opener, seg:the-first-kitchen, seg:the-full-table, Serving, Soup Bowl, Thanksgiving, The Dinner Party, The Sunday Table, Wedding, Wedding Season, Weekend Gatherings, kit:eligible",Active
contraste-16-piece-stainless-steel-flatware-set,Contraste 16-Piece Stainless Steel Flatware Set,"cat:gifts, cat:new-arrivals, cat:tabletop, Christmas, Classic/Heritage, Complete 16-piece setting for four; 18/0 stainless steel with porcelain handles., CONTRASTE, Entertaining, Everyday Use, Flatware Set, Gifting, Hostess Gift, Hostess Gifts, Housewarming, Metal, Minimalist, Multicolor, Porcelain, Scandinavian, Ss, Thanksgiving, The Art of the Table, Wedding, Wedding Season, Weekend Gatherings, kit:eligible",Active
contraste-black-and-white-paper-napkins-set-of-20,"Contraste Black and White Paper Napkins, Set of 20","100% paper; set of 20, Bar & Barware, Bauhaus, cat:gifts, cat:new-arrivals, cat:tabletop, Cocktail Hour, CONTRASTE, Entertaining, Gifting, Hostess Gift, Hostess Gifts, Housewarming, Minimalist, Papel, Paper Napkins, Scandinavian, seg:season-opener, Thank-You, Weekend Gatherings, White, kit:eligible",Active
contraste-cake-stand-with-glass-dome,Contraste Cake Stand with Glass Dome,"Bauhaus, Cake Stand with Dome, cat:gifts, cat:new-arrivals, cat:tabletop, Ceramic, Classic/Heritage, Clear glass cloche; ceramic pedestal base; compact 8.1 in (20.5 cm) serving diameter, CONTRASTE, Entertaining, Gifting, Glass, Hostess Gift, Hostess Gifts, Housewarming, Minimalist, Mother's Day, Multicolor, seg:season-opener, seg:the-first-kitchen, Serving, Sodalime, Thanksgiving, The Sunday Table, Wedding, Wedding Season, Weekend Gatherings, kit:eligible",Active
contraste-new-bone-china-serving-bowl-9-2-in-23-4-cm,"Contraste New Bone China Serving Bowl, 9.2 in (23.4 cm)","100% new bone china; generous 34.2 fl oz (1010 mL) capacity, Bauhaus, cat:new-arrivals, cat:tabletop, Christmas, CONTRASTE, Dinner Party, Entertaining, Hostess Gift, Housewarming, Minimalist, Multicolor, New Bone China, Organic Modern, Porcelain, Serving, Serving Bowl, Thanksgiving, The Art of the Table, The Sunday Table, Wedding, Wedding Season, Weekend Gatherings, kit:eligible",Active
contraste-new-bone-china-serving-tray,Contraste New Bone China Serving Tray,"100% new bone china; graphic multicolor stripe design, Bauhaus, cat:new-arrivals, cat:tabletop, CONTRASTE, Entertaining, Gifting, Hostess Gift, Hostess Gifts, Housewarming, Minimalist, Multicolor, New Bone China, Porcelain, Scandinavian, Serving, Serving Tray, Thank-You, The Art of the Table, Wedding Season, Weekend Gatherings, kit:eligible",Active
contraste-porcelain-dinner-plates-10-6-in-set-of-4,"Contraste Porcelain Dinner Plates, 10.6 in, Set of 4","100% new bone china porcelain; coordinated set of 4, Bauhaus, cat:gifts, cat:new-arrivals, cat:tabletop, Christmas, CONTRASTE, Dinner Party, Dinner Plate, Entertaining, Hostess Gift, Housewarming, Mid-Century, Minimalist, Multicolor, New Bone China, Porcelain, seg:the-full-table, Serving, Thanksgiving, The Art of the Table, The Dinner Party, The Sunday Table, Wedding, Wedding Season, kit:eligible",Active
contraste-porcelain-salt-pepper-shaker-set,Contraste Porcelain Salt & Pepper Shaker Set,"100% new bone china porcelain; set of 2 for storing and serving salt and pepper., cat:gifts, cat:new-arrivals, cat:tabletop, Christmas, Classic/Heritage, CONTRASTE, Entertaining, Everyday Use, Hostess Gift, Hostess Gifts, Housewarming, Minimalist, Multicolor, New Bone China, Organic Modern, Porcelain, Salt & Pepper Shaker Set, seg:someone-in-mind, seg:the-first-kitchen, seg:the-full-table, Serving, Thank-You, Thanksgiving, The Dinner Party, The Sunday Table, Wedding Season, kit:eligible",Active
contraste-small-porcelain-baking-dish,Contraste Small Porcelain Baking Dish,"Baking Mold, Bauhaus, cat:new-arrivals, cat:tabletop, Christmas, CONTRASTE, Cooking Together, Everyday Use, Gifting, Hostess Gift, Housewarming, Just Because, Microwave- and dishwasher-safe porcelain., Minimalist, Multicolor, Porcelain, Scandinavian, Serving, Thanksgiving, The Host's Touch, The Sunday Table, Wedding Season, kit:eligible",Active
copper-finish-corkscrew-bottle-opener,Copper Finish Corkscrew & Bottle Opener,"Aleacion, Bar & Barware, cat:bar-glassware, cat:new-arrivals, Christmas, Classic/Heritage, Copper, Corkscrew, Entertaining, Gifting, Hostess Gift, Hostess Gifts, Housewarming, Mid-Century, Organic Modern, The Dinner Party, Two-step lever mechanism; built-in bottle opener and foil cutter, Wedding, Wedding Season, Wine Night, Zinc, kit:eligible",Active
coral-acrylic-wine-glass-15-9-fl-oz-clear-blue,"Coral Acrylic Wine Glass, 15.9 fl oz, Clear Blue","Acrylic, Bar & Barware, cat:new-arrivals, cat:outdoor, Clear, Clear-and-blue 100% acrylic; 15.9 fl oz (470 mL) capacity., Coastal, CORALES ACRILICO, Entertaining, Fourth of July, Hostess Gift, Housewarming, Minimalist, Organic Modern, Outdoor & Patio, Outdoor Living, Poolside, Wedding, Wedding Season, Wine Glass, Wine Night, kit:eligible",Active
coral-collection-melamine-dinner-plates-set-of-2,"Coral Collection Melamine Dinner Plates, Set of 2","100% melamine; dishwasher-safe; set of 2, cat:gifts, cat:new-arrivals, cat:outdoor, Coastal, CORALES, Dinner Plate, Entertaining, Everyday Use, Fourth of July, Hostess Gift, Housewarming, Just Because, Melamine, Minimalist, Multicolor, Organic Modern, Outdoor & Patio, Outdoor Living, Poolside, seg:someone-in-mind, The Backyard BBQ, kit:eligible",Active
corales-melamine-bowls-7-5-in-set-of-2,"Corales Melamine Bowls, 7.5 in, Set of 2","cat:gifts, cat:new-arrivals, cat:outdoor, Coastal, CORALES, Dishwasher-safe; 100% melamine; set of 2 with 27 fl oz (800 mL) capacity each, Everyday Use, Fourth of July, Hostess Gift, Housewarming, Just Because, Mediterranean, Melamine, Melamine Bowl, Multicolor, Organic Modern, Outdoor & Patio, Outdoor Living, Poolside, seg:season-opener, Serving, Wedding Season, Weekend Gatherings, kit:eligible",Active
corales-small-melamine-bowl-6-8-fl-oz-200-ml,"Corales Small Melamine Bowl, 6.8 fl oz (200 mL)","cat:new-arrivals, cat:outdoor, Coastal, CORALES, Dishwasher-safe; 100% melamine, Everyday Use, Fourth of July, Hostess Gift, Housewarming, Just Because, Melamine, Minimalist, Multicolor, Organic Modern, Outdoor & Patio, Outdoor Living, Serving, Small Bowl, The Backyard BBQ, The Host's Touch, kit:eligible",Active
cosmos-glass-tumbler-set-11-8-fl-oz-set-of-2,"Cosmos Glass Tumbler Set, 11.8 fl oz, Set of 2","Bar & Barware, Bauhaus, cat:bar-glassware, cat:gifts, cat:new-arrivals, Classic/Heritage, Clear, Clear glass with gold-dot detail; matched set of 2, Cocktail Hour, COSMOS, Entertaining, Gifting, Hostess Gift, Hostess Gifts, Housewarming, Minimalist, New Year, Thank-You, The Well-Set Bar, Tumbler Glass, Wedding Season, kit:eligible",Active
cosmos-gold-dot-wine-glasses-set-of-2-15-oz,"Cosmos Gold Dot Wine Glasses Set of 2, 15 oz","15.0 fl oz capacity; clear glass with gold dots, Bar & Barware, cat:bar-glassware, cat:gifts, cat:new-arrivals, Classic/Heritage, Clear, COSMOS, Entertaining, Gifting, Hostess Gift, Housewarming, Minimalist, New Year, The Dinner Party, The Host's Touch, Wedding, Wedding Season, Wine Glass, Wine Night, kit:eligible",Active
costa-serena-shell-shaped-ceramic-plates-set-of-2,"Costa Serena Shell-Shaped Ceramic Plates, Set of 2","Appetizer Plate, cat:gifts, cat:new-arrivals, cat:tabletop, Ceramic, Coastal, Cocktail Hour, COSTA SERENA, Entertaining, Gifting, Hostess Gift, Hostess Gifts, Housewarming, Microwave-safe; dishwasher-safe; lead- and cadmium-free to international standards, Minimalist, Organic Modern, seg:someone-in-mind, seg:the-full-table, Serving, Thank-You, The Art of the Table, Wedding Season, White, kit:eligible",Active
costa-serena-shell-shaped-ceramic-tray-14-4-in,"Costa Serena Shell Shaped Ceramic Tray, 14.4 in","cat:new-arrivals, cat:tabletop, Ceramic, Certified lead- and cadmium-free; microwave- and dishwasher-safe., Coastal, Cocktail Hour, COSTA SERENA, Entertaining, Gifting, Hostess Gift, Hostess Gifts, Housewarming, Minimalist, Mother's Day, Organic Modern, Serving, Serving Tray, The Dinner Party, Wedding, Wedding Season, White, kit:eligible",Active
costa-serena-snail-shaped-ceramic-serving-bowl,Costa Serena Snail-Shaped Ceramic Serving Bowl,"cat:new-arrivals, cat:tabletop, Ceramic, Christmas, Coastal, COSTA SERENA, Entertaining, Gifting, Hostess Gift, Hostess Gifts, Housewarming, Microwave and dishwasher safe serving bowl; internationally certified lead- and cadmium-free., Minimalist, Organic Modern, Serving, Serving Bowl, Thank-You, Thanksgiving, The Art of the Table, The Host's Touch, Wedding Season, White, kit:eligible",Active
costa-serena-white-ceramic-shell-chip-and-dip-bowl,Costa Serena White Ceramic Shell Chip and Dip Bowl,"cat:new-arrivals, cat:tabletop, Ceramic, Certified to international lead-free and cadmium-free standards; microwave- and dishwasher-safe ceramic., Chip and Dip Bowl, Christmas, Coastal, Cocktail Hour, COSTA SERENA, Entertaining, Gifting, Hostess Gift, Hostess Gifts, Housewarming, Minimalist, New Year, Organic Modern, seg:season-opener, seg:someone-in-mind, Serving, Thank-You, Thanksgiving, Weekend Gatherings, White, kit:eligible",Active
cotton-canvas-bbq-apron,Cotton Canvas BBQ Apron,"100% cotton; washable at 104°F (40°C), BBQ Apron, Canvas, cat:kitchen, cat:new-arrivals, Cooking & Baking, Cooking Together, Cotton, Everyday Use, Father's Day, Fourth of July, Hostess Gift, Housewarming, Minimalist, Mother's Day, Open-Door Hospitality, Organic Modern, Outdoor & Patio, Scandinavian, Self-Gift, The Backyard BBQ, kit:eligible",Active
cotton-linen-kitchen-towels-beige-gray-set-of-2,"Cotton-Linen Kitchen Towels, Beige/Gray, Set of 2","70% cotton and 30% linen; set of 2 for easy kitchen rotation, Beige-Gris, cat:gifts, cat:kitchen, cat:new-arrivals, Christmas, Cooking Together, Cotton, Everyday Use, Gifting, Hostess Gift, Housewarming, Kitchen Towel, Linen, Minimalist, Organic Modern, Scandinavian, seg:first-dinner-party, Serving, Thank-You, Thanksgiving, The Host's Touch, The Housewarming, Wedding Season, kit:eligible",Active
cream-hand-crank-pasta-machine,Cream Hand-Crank Pasta Machine,"Abs, cat:kitchen, cat:new-arrivals, Christmas, Cooking & Baking, Cooking Together, Cream, Entertaining, Gifting, Hand-crank control; counter clamp included, Housewarming, MAQUINA PASTA, Minimalist, Organic Modern, Pasta Machine, Plastic, Scandinavian, seg:the-first-kitchen, Self-Gift, Stainless steel, The Dinner Party, The Sunday Table, Wedding, Wedding Season, kit:eligible",Active
cream-honeycomb-glass-ornament-3-9-in,"Cream Honeycomb Glass Ornament, 3.9 in","95% glass with metal cap; dry-cloth care; store with separators, cat:decor, cat:new-arrivals, Christmas, Christmas Ornament, Classic/Heritage, Cream, Décor & Styling, Gifting, Glass, Holiday Gift, Holiday Traditions, Hostess Gift, Just Because, Metal, Minimalist, Organic Modern, Seasonal Tables, seg:someone-in-mind, Special Occasion, The Host's Touch, kit:eligible",Active
cream-pineapple-glass-ornament-3-9-in,"Cream Pineapple Glass Ornament, 3.9 in","95% glass and 5% metal; metal cap with hanging loop; dry-cloth care., A Gift with a Story, cat:decor, cat:new-arrivals, Christmas, Christmas Tree Ornament, Classic/Heritage, Coastal, Cream, Décor & Styling, Gifting, Glass, Holiday Gift, Holiday Traditions, Hostess Gift, Housewarming, Metal, Organic Modern, seg:someone-in-mind, Special Occasion, The Host's Touch, kit:eligible",Active
crisalia-new-bone-china-salad-plates-set-of-2,Crisalia New Bone China Salad Plates Set of 2,"100% porcelain New Bone China., cat:gifts, cat:new-arrivals, cat:tabletop, Classic/Heritage, CRISALIA, Entertaining, Everyday Use, Hostess Gift, Housewarming, Minimalist, Multicolor, New Bone China, Organic Modern, Porcelain, Salad Plate, Serving, The Art of the Table, The Sunday Table, Wedding, Wedding Season, Weekend Gatherings, kit:eligible",Active
crisalia-porcelain-cup-saucer-set-4-pieces,"Crisalia Porcelain Cup & Saucer Set, 4 Pieces","100% porcelain new bone china; coordinated 4-piece service for two, cat:gifts, cat:new-arrivals, cat:tabletop, Christmas, Classic/Heritage, Coffee & Tea, CRISALIA, Cup and Saucer Set, Entertaining, Gifting, Hostess Gift, Housewarming, Minimalist, Mother's Day, Multicolor, New Bone China, Organic Modern, Porcelain, Thank-You, The Coffee Ritual, The Host's Touch, The Tea Ritual, Wedding Season, kit:eligible",Active
crisalia-porcelain-dinner-plates-set-of-2,Crisalia Porcelain Dinner Plates Set of 2,"100% porcelain new bone china; multicolor set of 2, cat:gifts, cat:new-arrivals, cat:tabletop, Christmas, Classic/Heritage, CRISALIA, Dinner Party, Dinner Plate, Entertaining, Hostess Gift, Housewarming, Multicolor, New Bone China, Organic Modern, Porcelain, Serving, Thanksgiving, The Art of the Table, The Dinner Party, Wedding, Wedding Season, Weekend Gatherings, kit:eligible",Active
croissant-paper-napkins-set-of-20,"Croissant Paper Napkins, Set of 20","100% paper; set of 20, cat:gifts, cat:new-arrivals, cat:tabletop, Coffee & Tea, Easter, Entertaining, Gifting, Hostess Gift, Just Because, Minimalist, Mother's Day, Multicolor, Organic Modern, Papel, Paper Napkin, Scandinavian, seg:first-dinner-party, seg:weeknight-ceremony, Slow Mornings, Thank-You, The Coffee Ritual, Wedding Season, Weekend Brunch, kit:eligible",Active
crystal-balloon-wine-glasses-22-0-fl-oz-650-ml-set-of-2,"Crystal Balloon Wine Glasses, 22.0 fl oz (650 mL), Set of 2","Balloon Wine Glass, Bar & Barware, cat:bar-glassware, cat:gifts, cat:new-arrivals, Classic/Heritage, Clear, Cocktail Hour, Cristal, CRISTAL CLASICO, Crystal construction; large 22.0 fl oz (650 mL) balloon bowl., Entertaining, Hostess Gift, Housewarming, Minimalist, New Year, seg:season-opener, The Nightcap, The Well-Set Bar, Wedding, Wedding Season, gift-glass",Active
crystal-red-wine-glasses-27-1-fl-oz-800-ml-set-of-2,"Crystal Red Wine Glasses, 27.1 fl oz (800 mL), Set of 2","Bar & Barware, cat:bar-glassware, cat:gifts, cat:new-arrivals, Christmas, Classic/Heritage, Clear, Cristal, CRISTAL CLASICO, Dishwasher-safe crystal; straight-cut rim designed for red wine., Entertaining, Gifting, Hostess Gift, Housewarming, Minimalist, Organic Modern, Red Wine Glasses, seg:first-dinner-party, seg:season-opener, seg:the-full-table, Thanksgiving, The Dinner Party, The Well-Set Bar, Wedding, Wedding Season, Wine Night, gift-glass",Active
crystal-tulip-champagne-glasses-6-8-fl-oz-set-of-2,"Crystal Tulip Champagne Glasses, 6.8 fl oz, Set of 2","100% crystal; tulip-shaped bowls, A Gift with a Story, Anniversary, Bar & Barware, cat:bar-glassware, cat:gifts, cat:new-arrivals, Champagne Flute, Classic/Heritage, Clear, Cocktail Hour, Cristal, Gifting, Hostess Gift, Minimalist, New Year, seg:season-opener, The Well-Set Bar, TULIPAN, Valentine's Day, Wedding, Wedding Season, gift-glass",Active
crystal-white-wine-glasses-14-5-fl-oz-set-of-2,"Crystal White Wine Glasses, 14.5 fl oz, Set of 2","Bar & Barware, cat:bar-glassware, cat:gifts, cat:new-arrivals, Christmas, Classic/Heritage, Clear, Cristal, CRISTAL CLASICO, Dinner Party, Dishwasher-safe crystal; 14.5 fl oz (430 mL) capacity per glass, Entertaining, Hostess Gift, Hostess Gifts, Housewarming, Minimalist, Scandinavian, seg:first-dinner-party, seg:the-full-table, The Dinner Party, Wedding, Wedding Season, White Wine Glasses, Wine Night, gift-glass",Active
cube-glass-oil-sauce-bottle-8-5-fl-oz,"Cube Glass Oil & Sauce Bottle, 8.5 fl oz","BPA-free; dishwasher-safe; clear soda-lime glass with stainless steel pourer, cat:kitchen, cat:new-arrivals, Clear, Cooking Together, Everyday Use, Gifting, Glass, Hostess Gift, Housewarming, Minimalist, Oil & Sauce Dispenser, Organic Modern, Plastic, Scandinavian, Self-Gift, Serving, Sodalime, Stainless steel, The Dinner Party, The Host's Touch, Tpe, Wedding Season, kit:eligible",Active
cube-glass-salt-and-pepper-shakers-set-of-2,"Cube Glass Salt and Pepper Shakers, Set of 2","Bauhaus, cat:gifts, cat:new-arrivals, cat:tabletop, Christmas, Clear, Clear glass bodies; stainless steel tops; compact set of 2, CUBO, Entertaining, Everyday Celebrations, Everyday Use, Gifting, Glass, Hostess Gift, Housewarming, Minimalist, Salt & Pepper Shaker Set, Scandinavian, seg:first-dinner-party, seg:the-first-kitchen, Stainless steel, Thanksgiving, The Dinner Party, The Sunday Table, Wedding, Wedding Season, kit:eligible",Active
cube-glass-sauce-bottle-16-9-fl-oz-500-ml,"Cube Glass Sauce Bottle, 16.9 fl oz (500 mL)","cat:kitchen, cat:new-arrivals, Clear, Cooking Together, CUBO, Entertaining, Everyday Use, Glass, Glass does not retain odors; 16.9 fl oz (500 mL) capacity; stainless steel and TPE pour top., Hostess Gift, Housewarming, Minimalist, Oil & Vinegar Dispenser, Organic Modern, Scandinavian, Serving, Stainless steel, Thank-You, The Dinner Party, The Host's Touch, Tpe, Wedding Season, kit:eligible",Active
cube-mini-white-porcelain-dipping-dish,Cube Mini White Porcelain Dipping Dish,"cat:new-arrivals, cat:tabletop, CUBO, Entertaining, Everyday Use, Hostess Gift, Housewarming, Japandi, Minimalist, Organic Modern, Porcelain, Porcelain; dishwasher-safe; microwave-safe, Sauce Dish, seg:the-full-table, Serving, Thank-You, Thanksgiving, The Art of the Table, The Dinner Party, The Host's Touch, Wedding Season, White, kit:eligible",Active
cube-oil-vinegar-cruet-set-8-5-fl-oz-250-ml,"Cube Oil & Vinegar Cruet Set, 8.5 fl oz (250 mL)","cat:gifts, cat:kitchen, cat:new-arrivals, Classic/Heritage, Clear, CUBO, Entertaining, Everyday Use, Glass, Gravity pour spouts; clear glass bottles with stainless steel rack and metal labels, Hostess Gift, Housewarming, Minimalist, Oil & Vinegar Cruet Set, Organic Modern, seg:first-dinner-party, seg:the-first-kitchen, seg:the-full-table, Serving, Stainless steel, The Dinner Party, The Host's Touch, The Sunday Table, Tpe, Wedding, Wedding Season, kit:eligible",Active
cube-small-sauce-bottle-with-pour-spout,Cube Small Sauce Bottle with Pour Spout,"Airtight TPE stopper; controlled stainless steel pour spout, cat:kitchen, cat:new-arrivals, Clear, Cooking Together, CUBO, Entertaining, Everyday Use, Glass, Hostess Gift, Housewarming, Minimalist, Organic Modern, Sauce Bottle, Scandinavian, Serving, Silver, Stainless steel, Thank-You, The Art of the Table, The Host's Touch, Tpe, Wedding Season, kit:eligible",Active
curved-double-wall-espresso-glasses-3-4-fl-oz-set-of-2,"Curved Double-Wall Espresso Glasses, 3.4 fl oz, Set of 2","Bar & Barware, cat:bar-glassware, cat:gifts, cat:new-arrivals, Clear, Coffee & Tea, Double-wall borosilicate glass; reduced condensation and heat transfer; 3.4 fl oz (100 mL) espresso size, Espresso Glass, Gifting, Glass, Hostess Gift, Housewarming, Japandi, Minimalist, Organic Modern, seg:weeknight-ceremony, Self-Gift, The Coffee Ritual, The Host's Touch, The Tea Ritual, VIDRIO DOBLE PARED, Wedding Season, kit:eligible",Active
curved-double-wall-glasses-8-5-fl-oz-set-of-2,"Curved Double-Wall Glasses, 8.5 fl oz, Set of 2","Borosilicate glass; double-wall insulation that reduces condensation and exterior heat transfer, cat:bar-glassware, cat:gifts, cat:new-arrivals, Christmas, Clear, Coffee & Tea, Double-Wall Glass, Entertaining, Gifting, Glass, Hostess Gift, Housewarming, Minimalist, Mother's Day, Organic Modern, Scandinavian, seg:weeknight-ceremony, Thank-You, The Coffee Ritual, The Host's Touch, The Tea Ritual, VIDRIO DOBLE PARED, Wedding Season, kit:eligible",Active
denim-apron,Denim Apron,"100% cotton denim; 10 oz fabric; machine-washable up to 104°F (40°C), Blue, cat:kitchen, cat:new-arrivals, Christmas, Classic/Heritage, Cooking & Baking, Cooking Together, Cotton, Denim, Everyday Use, Gifting, Hostess Gift, Housewarming, Kitchen Apron, Minimalist, Organic Modern, Oz, Self-Gift, Thanksgiving, The Host's Touch, The Sunday Table, Wedding Season, kit:eligible",Active
design-a-letter-a-porcelain-mug,Design A Letter A Porcelain Mug,"A Gift with a Story, cat:new-arrivals, cat:tabletop, Christmas, Classic/Heritage, Coffee & Tea, Everyday Use, Father's Day, Gifting, Housewarming, Just Because, Microwave-safe; 100% New Bone China., Minimalist, Mother's Day, Mug, MUG LETRAS BLANCO, New Bone China, Porcelain, seg:weeknight-ceremony, Thank-You, The Coffee Ritual, The Tea Ritual, White, kit:eligible",Active
destine-brown-glass-candleholder,Destine Brown Glass Candleholder,"100% soda-lime glass; compact 2.0 in (5 cm) footprint., Brown, Candle Holder, Candlelit Dinners, cat:decor, cat:new-arrivals, Christmas, Décor & Styling, Entertaining, Gifting, Glass, Hostess Gift, Housewarming, Lime, Minimalist, New Year, Organic Modern, Soda, Thank-You, Thanksgiving, The Host's Touch, The Housewarming, Wabi-Sabi, kit:eligible",Active
destine-gray-glass-candleholder,Destine Gray Glass Candleholder,"100% soda-lime glass; compact faceted form, Candleholder, Candlelit Dinners, cat:decor, cat:new-arrivals, Christmas, Décor & Styling, Entertaining, Gifting, Glass, Gray, Hostess Gift, Housewarming, Lime, Minimalist, New Year, Organic Modern, Slow Evenings, Soda, Thank-You, Thanksgiving, The Host's Touch, kit:eligible",Active
destro-copper-color-nonstick-aluminum-saucepan-with-glass-lid-7-1-in-18-cm,"Destro Copper-Color Nonstick Aluminum Saucepan with Glass Lid, 7.1 in (18 cm)","Abrasion-resistant nonstick performance; fitted glass lid for covered cooking., Aluminum, Baquelita, cat:kitchen, cat:new-arrivals, Classic/Heritage, Cooking & Baking, Cooking Together, Everyday Use, Gifting, Glass, Graduation Season, Housewarming, Minimalist, Mother's Day, Multicolor, Organic Modern, Saucepan, seg:the-first-kitchen, seg:weeknight-ceremony, Self-Gift, Slow Mornings, The Housewarming, Wedding, Wedding Season, kit:eligible",Active
dish-brush-with-bamboo-handle,Dish Brush with Bamboo Handle,"ASEO BAMBU, Bamboo, Bamboo handle; polypropylene bristles; comfortable palm grip, Beige, cat:bath, cat:new-arrivals, Cooking & Baking, Cooking Together, Dish Brush, Everyday Use, Gifting, Hostess Gift, Housewarming, Japandi, Minimalist, Open-Door Hospitality, Organic Modern, Polypropylene, Self-Gift, The Host's Touch, kit:eligible",Active
domenica-large-crystal-wine-decanter,Domenica Large Crystal Wine Decanter,"Bar & Barware, cat:bar-glassware, cat:new-arrivals, Christmas, Clear, Clear crystal; generous 118.3 fl oz (3.5 L) capacity, Cristal, Dinner Party, Entertaining, Hostess Gift, Housewarming, Japandi, Minimalist, Organic Modern, seg:the-full-table, Thanksgiving, The Dinner Party, The Well-Set Bar, Wedding, Wedding Season, Wine Decanter, Wine Night, kit:eligible",Active
dorset-clear-glass-tumblers-11-8-fl-oz-set-of-2,"Dorset Clear Glass Tumblers, 11.8 fl oz, Set of 2","100% glass; ribbed grip detail, Bar & Barware, cat:bar-glassware, cat:gifts, cat:new-arrivals, Christmas, Classic/Heritage, Clear, Cocktail Hour, DORSET, Entertaining, Father's Day, Glass, Hostess Gift, Housewarming, Minimalist, Rocks Glass, seg:season-opener, Self-Gift, The Nightcap, The Well-Set Bar, Wedding Season, gift-glass",Active
double-green-rattan-mushroom-decorative-object,Double Green Rattan Mushroom Decorative Object,"Alambre, and wire construction; double-height silhouette with dry-cloth care, cat:decor, cat:new-arrivals, Christmas, Decorative Object, Décor & Styling, Entertaining, Gifting, Hostess Gift, Hostess Gifts, Housewarming, Japandi, Just Because, moss, Musgo, Natural, Organic Modern, Rattan, Seasonal Tables, seg:someone-in-mind, Thanksgiving, The Collected Home, Wabi-Sabi, kit:eligible",Active
double-wall-borosilicate-glass-espresso-mugs-set-of-2,"Double-Wall Borosilicate Glass Espresso Mugs, Set of 2","Borosilicate glass; double-wall construction, cat:gifts, cat:new-arrivals, cat:tabletop, Christmas, Clear, Coffee & Tea, Entertaining, Espresso Cup, Gifting, Glass, Hostess Gift, Hostess Gifts, Housewarming, Japandi, Minimalist, Mother's Day, Scandinavian, seg:first-dinner-party, seg:the-full-table, seg:weeknight-ceremony, Self-Gift, The Coffee Ritual, The Dinner Party, VIDRIO DOBLE PARED, Wedding Season, kit:eligible",Active
double-wall-borosilicate-glasses-9-1-fl-oz-set-of-2,"Double Wall Borosilicate Glasses, 9.1 fl oz, Set of 2","Borosilicate glass; double-wall insulation reduces condensation and heat transfer., cat:bar-glassware, cat:gifts, cat:new-arrivals, Christmas, Clear, Coffee & Tea, Double-Wall Glass, Everyday Use, Gifting, Glass, Hostess Gift, Hostess Gifts, Housewarming, Japandi, Minimalist, Mother's Day, Scandinavian, seg:weeknight-ceremony, Thank-You, The Coffee Ritual, The Tea Ritual, VIDRIO DOBLE PARED, Wedding Season, kit:eligible",Active
double-wall-borosilicate-glasses-set-of-2,"Double-Wall Borosilicate Glasses, Set of 2","100% borosilicate glass; double-wall construction helps reduce condensation and exterior heat transfer, Bar & Barware, cat:bar-glassware, cat:gifts, cat:new-arrivals, Christmas, Clear, Cocktail Hour, Coffee & Tea, Double-Wall Glasses, Glass, Hostess Gift, Housewarming, Minimalist, Organic Modern, Scandinavian, seg:season-opener, seg:weeknight-ceremony, The Coffee Ritual, The Well-Set Bar, VIDRIO DOBLE PARED, Wedding, Wedding Season, kit:eligible",Active
double-wall-borosilicate-shot-glasses-2-7-fl-oz-set-of-2,"Double-Wall Borosilicate Shot Glasses, 2.7 fl oz, Set of 2","100% borosilicate glass; double-wall construction; hand-wash only care., Bar & Barware, cat:bar-glassware, cat:gifts, cat:new-arrivals, Christmas, Clear, Cocktail Hour, Coffee & Tea, Gifting, Glass, Hostess Gift, Hostess Gifts, Housewarming, Japandi, Minimalist, New Year, Organic Modern, seg:weeknight-ceremony, Self-Gift, Shot Glass, The Coffee Ritual, VIDRIO DOBLE PARED, Wedding Season, kit:eligible",Active
double-wall-glass-mugs-9-1-fl-oz-set-of-2,"Double-Wall Glass Mugs, 9.1 fl oz, Set of 2","cat:gifts, cat:new-arrivals, cat:tabletop, Christmas, Clear, Coffee & Tea, Double-wall construction helps reduce heat transfer and condensation; 100% borosilicate glass., Everyday Use, Gifting, Glass, Housewarming, Japandi, Minimalist, Mother's Day, Mug, Scandinavian, Self-Gift, Slow Mornings, Thank-You, The Coffee Ritual, The Tea Ritual, VIDRIO DOBLE PARED, Wedding Season, kit:eligible",Active
duna-5-piece-removable-handle-pan-set-gray,"Duna 5-Piece Removable Handle Pan Set, Gray","Aluminum, Baquelita, cat:gifts, cat:kitchen, cat:new-arrivals, Cooking & Baking, Cooking Together, DUNA, Everyday Use, Gifting, Glass, Gray, Housewarming, Japandi, Minimalist, Mother's Day, Organic Modern, Pan Set, Removable Bakelite handle; borosilicate glass lids, seg:first-dinner-party, seg:the-first-kitchen, seg:weeknight-ceremony, Self-Gift, Silicone, The Housewarming, The Sunday Table, Wedding, Wedding Season, kit:eligible",Active
duna-beige-cotton-kitchen-towels-set-of-2,"Duna Beige Cotton Kitchen Towels, Set of 2","90% cotton; Set of 2, Beige, cat:gifts, cat:kitchen, cat:new-arrivals, Cooking & Baking, Cooking Together, Cotton, Everyday Use, Gifting, Hostess Gift, Housewarming, Kitchen Towel, Minimalist, Organic Modern, Polyester, Scandinavian, Thank-You, The Host's Touch, The Housewarming, Wedding Season, kit:eligible",Active
duo-lemon-lime-juicer-yellow-green,"Duo Lemon Lime Juicer, Yellow & Green","Aluminum, Aluminum construction; two-in-one lemon and lime press, Bar & Barware, Bauhaus, cat:kitchen, cat:new-arrivals, Citrus Squeezer, Cocktail Hour, Cooking & Baking, Cooking Together, Everyday Use, Green, Hostess Gift, Housewarming, Minimalist, seg:season-opener, Self-Gift, The Well-Set Bar, Wedding Season, Yellow, kit:eligible",Active
eco-white-porcelain-mini-bowl,Eco White Porcelain Mini Bowl,"and oven-safe porcelain., cat:new-arrivals, cat:tabletop, Christmas, Cooking & Baking, Cooking Together, dishwasher-, ECO, Everyday Use, Hostess Gift, Hostess Gifts, Housewarming, Microwave-, Mini Bowl, Minimalist, Organic Modern, Porcelain, Scandinavian, seg:the-full-table, seg:weeknight-ceremony, Serving, Thank-You, Thanksgiving, The Dinner Party, Wedding Season, White, kit:eligible",Active
elephant-gray-wine-glasses-9-1-fl-oz-set-of-2,"Elephant Gray Wine Glasses, 9.1 fl oz, Set of 2","Bar & Barware, cat:bar-glassware, cat:gifts, cat:new-arrivals, Christmas, Classic/Heritage, Dishwasher-safe; gray elephant pattern; 9.1 fl oz (270 mL) capacity per goblet, ELEFANTE, Entertaining, Gifting, Glass, Gray, Hostess Gift, Housewarming, New Year, Organic Modern, seg:first-dinner-party, Sodalime, The Dinner Party, The Well-Set Bar, Wabi-Sabi, Wedding, Wedding Season, Wine Glass, Wine Night, gift-glass",Active
elongated-wood-bead-garland-with-jute-tassels,Elongated Wood Bead Garland with Jute Tassels,"80% wood with 20% jute; easy dry-cloth care, A Gift with a Story, cat:decor, cat:new-arrivals, Christmas, Decorative Garland, Décor & Styling, Entertaining, Gifting, Hostess Gift, Housewarming, Japandi, Just Because, Jute, Minimalist, Natural Wood, Organic Modern, Thanksgiving, The Collected Home, The Host's Touch, Wood, kit:eligible",Active
emek-plastic-cutting-board-set-set-of-2,"Emek Plastic Cutting Board Set, Set of 2","BASICS, cat:gifts, cat:kitchen, cat:new-arrivals, Cooking & Baking, Cooking Together, Cutting Board Set, Everyday Use, Gifting, Hostess Gift, Housewarming, Minimalist, Mustard, Organic Modern, Plastic, Scandinavian, seg:first-dinner-party, Self-Gift, Set of 2; 100% plastic; cutout handles; hand-wash care, The Host's Touch, The Housewarming, Wedding Season, kit:eligible",Active
ezra-clear-glass-liquor-decanter-set-with-glasses,Ezra Clear Glass Liquor Decanter Set with Glasses,"Bar & Barware, Calcio, cat:bar-glassware, cat:gifts, cat:new-arrivals, Christmas, Classic/Heritage, Clear, Cocktail Hour, Dishwasher-safe; 100% clear soda-lime glass; stoppered 28.7 fl oz (850 mL) decanter with two 10.8 fl oz (320 mL) glasses., Entertaining, EZRA, Glass, Hostess Gift, Housewarming, Liquor Decanter Set, Minimalist, New Year, seg:season-opener, Soda, The Nightcap, The Well-Set Bar, Wedding, kit:eligible",Active
ezra-clear-rocks-glasses-set-of-2,"Ezra Clear Rocks Glasses, Set of 2","Bar & Barware, Calcio, cat:bar-glassware, cat:gifts, cat:new-arrivals, Christmas, Classic/Heritage, Clear, Cocktail Hour, Dishwasher-safe; 100% soda-lime glass; set of 2, Entertaining, EZRA, Father's Day, Glass, Hostess Gift, Housewarming, Minimalist, Rocks Glass, seg:season-opener, Self-Gift, Soda, The Nightcap, The Well-Set Bar, Wedding Season, gift-glass",Active
falena-green-glass-decorative-vase,Falena Green Glass Decorative Vase,"100% soda-lime glass; 79.5 fl oz (2, 350 mL) capacity; indoor decorative use, cat:decor, cat:new-arrivals, Decorative Vase, Décor & Styling, Entertaining, Flowers on the Table, Gifting, Glass, Green, Hostess Gift, Hostess Gifts, Housewarming, Lime, Mid-Century, Minimalist, Mother's Day, Organic Modern, seg:someone-in-mind, Soda, Thank-You, The Collected Home, Wedding Season, kit:eligible",Active
fixed-base-stainless-steel-paper-towel-holder,Fixed Base Stainless Steel Paper Towel Holder,"Abs, Black, cat:kitchen, cat:new-arrivals, Christmas, Coffee & Tea, Cooking Together, Entertaining, Everyday Use, Hostess Gift, Housewarming, Minimalist, Organic Modern, Paper Towel Holder, Plastic, Policloruro, seg:first-dinner-party, seg:weeknight-ceremony, Self-Gift, Silver, Stainless steel, Stainless steel frame; fixed base for controlled tearing; helps keep rolls aligned and prevents unspooling, Thanksgiving, The Coffee Ritual, The Host's Touch, Vinilo, kit:eligible",Active
fluffy-mini-pine-tree-decoration-5-9-in,"Fluffy Mini Pine Tree Decoration, 5.9 in","Abeto, cat:decor, cat:new-arrivals, Chino, Christmas, Décor & Styling, Entertaining, Gifting, Green, Holiday Gift, Holiday Traditions, Hostess Gift, Indoor use only; dry-cloth care, Just Because, Mini Artificial Christmas Tree, Minimalist, Organic Modern, Polietileno, Scandinavian, Seasonal Tables, The Host's Touch, kit:eligible",Active
folding-bamboo-bed-tray-with-handles,Folding Bamboo Bed Tray with Handles,"90% bamboo construction; foldable legs, Bamboo, Bed Tray Table, Breakfast in Bed, cat:new-arrivals, cat:tabletop, Classic/Heritage, Coffee & Tea, Everyday Use, Father's Day, Hostess Gift, Housewarming, Iron, MDF, Mother's Day, Natural Wood, Organic Modern, seg:the-first-kitchen, Self-Gift, Serving, The Overnight Guest, The Tea Ritual, Wabi-Sabi, Wood, kit:eligible",Active
food-storage-container-with-airtight-lid-white-2-3-fl-oz-68-ml,"Food Storage Container with Airtight Lid, White, 2.3 fl oz (68 mL)","Airtight Food Storage Container, Airtight locking lid with silicone seal; microwave use with lid removed; freezer use with headspace., cat:kitchen, cat:new-arrivals, Clear, Coffee & Tea, CONTENEDORES PLASTICOS BLANCO, Cooking Together, Everyday Use, Gifting, Housewarming, Minimalist, Organic Modern, Polypropylene, Scandinavian, Self-Gift, Silicone, Thank-You, The Host's Touch, The Housewarming, Wedding Season, White, kit:eligible",Active
forest-christmas-porcelain-salad-plates-set-of-2,"Forest Christmas Porcelain Salad Plates, Set of 2","cat:gifts, cat:new-arrivals, cat:tabletop, Christmas, Classic/Heritage, Entertaining, Gifting, Holiday Gift, Holiday Traditions, Hostess Gift, Hostess Gifts, Housewarming, Multicolor, NAVIDAD SILVESTRE, New Year, Organic Modern, Porcelain, Porcelain; dishwasher- and microwave-safe, Salad Plate, Scandinavian, Serving, Thanksgiving, The Sunday Table, kit:eligible",Active
forest-glass-taper-candle-holder-green-red-8-7-in,"Forest Glass Taper Candle Holder, Green & Red, 8.7 in","100% soda-lime glass; wipe-clean care., Candlelit Dinners, cat:decor, cat:new-arrivals, Christmas, Classic/Heritage, Décor & Styling, Entertaining, Gifting, Glass, Green, Holiday Gift, Holiday Traditions, Hostess Gift, Housewarming, Minimalist, NAVIDAD SILVESTRE, Organic Modern, seg:someone-in-mind, seg:the-full-table, Sodalime, Taper Candle Holder, Thanksgiving, The Art of the Table, kit:eligible",Active
forest-holiday-porcelain-serving-tray,Forest Holiday Porcelain Serving Tray,"cat:new-arrivals, cat:tabletop, Christmas, Classic/Heritage, Entertaining, Gifting, Holiday Gift, Holiday Traditions, Hostess Gift, Housewarming, Microwave-safe porcelain; dishwasher-safe cleanup, Multicolor, NAVIDAD SILVESTRE, Organic Modern, Porcelain, Scandinavian, Seasonal Tables, seg:season-opener, seg:someone-in-mind, Serving, Serving Tray, The Host's Touch, kit:eligible",Active
forest-multicolor-glass-side-plate,Forest Multicolor Glass Side Plate,"BOSQUE, cat:new-arrivals, cat:tabletop, Christmas, Classic/Heritage, Dishwasher-safe; soda-lime glass, Entertaining, Glass, Holiday Gift, Holiday Traditions, Hostess Gift, Housewarming, Multicolor, New Year, Organic Modern, Scandinavian, Seasonal Tables, seg:someone-in-mind, seg:the-full-table, Serving, Side Plate, Soda-lime, Special Occasion, Thanksgiving, The Art of the Table, kit:eligible",Active
forest-wild-christmas-porcelain-bowl-set-2-piece,"Forest Wild Christmas Porcelain Bowl Set, 2-Piece","cat:gifts, cat:new-arrivals, cat:tabletop, Christmas, Classic/Heritage, Entertaining, Holiday Gift, Holiday Traditions, Hostess Gift, Hostess Gifts, Housewarming, Microwave- and dishwasher-safe porcelain., Multicolor, NAVIDAD SILVESTRE, Organic Modern, Porcelain, Scandinavian, seg:season-opener, Serving, Serving Bowl, Special Occasion, The Sunday Table, kit:eligible",Active
forged-aluminum-hamburger-press,Forged Aluminum Hamburger Press,"Aluminum, BBQ, Birthday, cat:new-arrivals, cat:outdoor, Cooking & Baking, Entertaining, Father's Day, Forged aluminum construction; compact 4.4 in (11.3 cm) patty mold, Forjado, Fourth of July, Hamburger Press, Hostess Gift, Housewarming, Minimalist, Organic Modern, Outdoor & Patio, Silver, The Backyard BBQ, Weekend Gatherings, kit:eligible",Active
fruit-collection-dinner-plates-9-8-in-set-of-4,"Fruit Collection Dinner Plates, 9.8 in, Set of 4","Bauhaus, cat:gifts, cat:new-arrivals, cat:tabletop, Ceramic, Dinner Plate, Entertaining, Everyday Use, FRUTAS, Hostess Gift, Housewarming, Mediterranean, Microwave- and dishwasher-safe; certified lead- and cadmium-free, Multicolor, Organic Modern, seg:season-opener, seg:the-first-kitchen, Serving, The Art of the Table, The Sunday Table, Wedding, Wedding Season, Weekend Gatherings, kit:eligible",Active
fruit-collection-porcelain-creamer-pitcher,Fruit Collection Porcelain Creamer Pitcher,"cat:new-arrivals, cat:tabletop, Certified lead-free and cadmium-free porcelain; 100% porcelain., Christmas, Classic/Heritage, Coffee & Tea, Creamer, Entertaining, FRUTAL, Hostess Gift, Housewarming, Mediterranean, Mother's Day, Multicolor, Organic Modern, Porcelain, seg:weeknight-ceremony, Serving, Thank-You, Thanksgiving, The Coffee Ritual, The Sunday Table, The Tea Ritual, kit:eligible",Active
fruit-collection-porcelain-salad-plates-7-9-in-set-of-4,"Fruit Collection Porcelain Salad Plates, 7.9 in, Set of 4","Birthday, cat:gifts, cat:new-arrivals, cat:tabletop, certified cadmium-free under international standards; four distinct multicolor fruit designs., Classic/Heritage, Easter, Entertaining, FRUTAL, Garden Parties, Gifting, Hostess Gift, Housewarming, Lead-free dinnerware, Mother's Day, Multicolor, Organic Modern, Porcelain, Salad Plate, Serving, The Art of the Table, The Sunday Table, Wedding Season, kit:eligible",Active
fruit-collection-porcelain-serving-bowl-8-7-in,"Fruit Collection Porcelain Serving Bowl, 8.7 in","A Gift with a Story, cat:new-arrivals, cat:tabletop, Classic/Heritage, Entertaining, FRUTAL, Gifting, Hostess Gift, Housewarming, Lead- and cadmium-free porcelain; 23.7 fl oz (700 mL) capacity, Mediterranean, Mother's Day, Multicolor, Organic Modern, Porcelain, Serving, Serving Bowl, Thank-You, Thanksgiving, The Sunday Table, Wedding Season, Weekend Gatherings, kit:eligible",Active
fruit-collection-porcelain-serving-bowl-large,"Fruit Collection Porcelain Serving Bowl, Large","cat:new-arrivals, cat:tabletop, Christmas, Classic/Heritage, Entertaining, FRUTAL, Gifting, Hostess Gift, Housewarming, Lead- and cadmium-free porcelain., Mediterranean, Mother's Day, Multicolor, Organic Modern, Porcelain, seg:season-opener, seg:the-full-table, Serving, Serving Bowl, Thanksgiving, The Art of the Table, The Sunday Table, Wedding, Weekend Gatherings, kit:eligible",Active
fruit-motif-porcelain-cups-with-saucers-set-of-4-pairs,"Fruit Motif Porcelain Cups with Saucers, Set of 4 Pairs","cat:gifts, cat:new-arrivals, cat:tabletop, Christmas, Classic/Heritage, Coffee & Tea, Cup & Saucer Set, Entertaining, FRUTAL, Gifting, Hostess Gift, Hostess Gifts, Housewarming, Lead-free and cadmium-free porcelain cups; four matching cup-and-saucer pairs., Mother's Day, Multicolor, Organic Modern, Porcelain, seg:someone-in-mind, seg:weeknight-ceremony, Slow Mornings, Thank-You, The Tea Ritual, Wedding Season, kit:eligible",Active
fruit-porcelain-mugs-set-of-2,"Fruit Porcelain Mugs, Set of 2","cat:gifts, cat:new-arrivals, cat:tabletop, Classic/Heritage, Coffee & Tea, Entertaining, FRUTAL, Gifting, Hostess Gift, Hostess Gifts, Housewarming, Lead- and cadmium-free porcelain; generous 14.5 fl oz (430 mL) capacity, Mediterranean, Mother's Day, Mug Set, Multicolor, Organic Modern, Porcelain, seg:someone-in-mind, seg:weeknight-ceremony, Thank-You, The Coffee Ritual, The Tea Ritual, Wedding Season, kit:eligible",Active
fruit-print-paper-napkins-set-of-20,"Fruit Print Paper Napkins, Set of 20","100% paper; set of 20, cat:gifts, cat:new-arrivals, cat:tabletop, Coastal, Cocktail Hour, Entertaining, FRUTAL, Gifting, Hostess Gift, Hostess Gifts, Housewarming, Mediterranean, Multicolor, Organic Modern, Papel, Paper Napkin, seg:season-opener, seg:someone-in-mind, Thank-You, Weekend Gatherings, kit:eligible",Active
fruit-wine-glass-markers-set-of-6,"Fruit Wine Glass Markers, Set of 6","100% borosilicate glass; six distinct fruit designs, Bar & Barware, cat:bar-glassware, cat:gifts, cat:new-arrivals, Christmas, Classic/Heritage, Coastal, Cocktail Hour, Entertaining, FRUTAS, Gifting, Glass, Hostess Gift, Housewarming, Multicolor, New Year, Organic Modern, seg:first-dinner-party, seg:the-full-table, Thank-You, Thanksgiving, The Dinner Party, Wine Glass Markers, Wine Night, kit:eligible",Active
frutal-lidded-porcelain-sugar-bowl,Frutal Lidded Porcelain Sugar Bowl,"cat:new-arrivals, cat:tabletop, Certified lead- and cadmium-free porcelain; fitted lid for covered sugar storage, Classic/Heritage, Coffee & Tea, FRUTAL, Gifting, Hostess Gift, Hostess Gifts, Housewarming, Mediterranean, Multicolor, Organic Modern, Porcelain, seg:weeknight-ceremony, Serving, Sugar Bowl, Thank-You, Thanksgiving, The Coffee Ritual, The Tea Ritual, Wedding Season, kit:eligible",Active
frutal-porcelain-bowls-set-10-1-fl-oz-set-of-2,"Frutal Porcelain Bowls Set, 10.1 fl oz, Set of 2","A Gift with a Story, Bowl, cat:gifts, cat:new-arrivals, cat:tabletop, Classic/Heritage, Everyday Use, FRUTAL, Gifting, Hostess Gift, Housewarming, Lead- and cadmium-free porcelain; certified to international standards, Mother's Day, Multicolor, Organic Modern, Porcelain, Scandinavian, seg:someone-in-mind, Serving, Thank-You, The Tea Ritual, Wedding Season, Weekend Gatherings, kit:eligible",Active
frutal-porcelain-dinner-plates-set-of-4,"Frutal Porcelain Dinner Plates, Set of 4","cat:gifts, cat:new-arrivals, cat:tabletop, Classic/Heritage, Dinner Plate, Entertaining, Everyday Use, FRUTAL, Hostess Gift, Housewarming, Internationally certified lead- and cadmium-free porcelain; complete set of 4 decorative dinner plates, Mediterranean, Mother's Day, Multicolor, Organic Modern, Porcelain, Serving, Thanksgiving, The Art of the Table, The Sunday Table, Wedding, Wedding Season, Weekend Gatherings, kit:eligible",Active
frutal-porcelain-serving-pitcher,Frutal Porcelain Serving Pitcher,"cat:new-arrivals, cat:tabletop, Certified lead-free pitcher; cadmium-free certification; 100% porcelain, Classic/Heritage, Entertaining, FRUTAL, Gifting, Hostess Gift, Housewarming, Mediterranean, Mother's Day, Multicolor, Organic Modern, Porcelain, seg:season-opener, seg:the-first-kitchen, seg:the-full-table, Serving, Serving Pitcher, Thanksgiving, The Art of the Table, The Sunday Table, Wedding, Wedding Season, Weekend Gatherings, kit:eligible",Active
frutal-porcelain-soup-bowl-set-20-3-fl-oz-set-of-4,"Frutal Porcelain Soup Bowl Set, 20.3 fl oz, Set of 4","cat:gifts, cat:new-arrivals, cat:tabletop, Classic/Heritage, Coastal, Entertaining, Everyday Use, FRUTAL, Hostess Gift, Housewarming, Lead- and cadmium-free porcelain certified to international standards; deep 20.3 fl oz (600 mL) capacity in a set of 4, Multicolor, Organic Modern, Porcelain, seg:first-dinner-party, seg:the-first-kitchen, seg:the-full-table, Serving, Soup Bowl, Thanksgiving, The Dinner Party, The Host's Touch, The Sunday Table, Wedding, Wedding Season, kit:eligible",Active
gala-20-5-fl-oz-red-wine-glasses-set-of-4,"Gala 20.5 fl oz Red Wine Glasses, Set of 4","Bar & Barware, cat:bar-glassware, cat:gifts, cat:new-arrivals, Christmas, Classic/Heritage, Clear, Dinner Party, Dishwasher-safe; high-transparency glass; generous bowl for complex red wines, Entertaining, GALA, Glass, Hostess Gift, Housewarming, Minimalist, Organic Modern, Red Wine Glass, seg:first-dinner-party, seg:the-first-kitchen, seg:the-full-table, Thanksgiving, The Dinner Party, The Well-Set Bar, Wedding, Wedding Season, Wine Night, kit:eligible",Active
gala-clear-crystal-shot-glasses-set-of-2,"Gala Clear Crystal Shot Glasses, Set of 2","100% crystal; clear 2 fl oz (60 mL) capacity; set of 2, Bar & Barware, Bauhaus, Birthday, cat:bar-glassware, cat:gifts, cat:new-arrivals, Classic/Heritage, Clear, Cocktail Hour, Cristal, CRISTAL CLASICO, Entertaining, Father's Day, Hostess Gift, Housewarming, Minimalist, New Year, seg:season-opener, Shot Glass, The Nightcap, The Well-Set Bar, Wedding Season, kit:eligible",Active
gala-clear-stemless-wine-glasses-16-1-fl-oz-set-of-4,"Gala Clear Stemless Wine Glasses, 16.1 fl oz, Set of 4","Bar & Barware, cat:bar-glassware, cat:gifts, cat:new-arrivals, Christmas, Classic/Heritage, Clear, Cocktail Hour, Dishwasher-safe clear glass; set of 4; designed for complex red wines., Entertaining, Everyday Use, GALA, Glass, Hostess Gift, Housewarming, Minimalist, New Year, Organic Modern, seg:first-dinner-party, seg:season-opener, seg:the-first-kitchen, seg:the-full-table, Stemless Wine Glass, The Dinner Party, Wedding, Wedding Season, Wine Night, kit:eligible",Active
gala-crystal-stemless-wine-tumblers-set-of-2,"Gala Crystal Stemless Wine Tumblers, Set of 2","Bar & Barware, cat:bar-glassware, cat:gifts, cat:new-arrivals, Christmas, Clear, Cristal, CRISTAL CLASICO, Dishwasher-safe crystal; stem-free rounded bowl helps preserve aroma, Entertaining, Everyday Use, Hostess Gift, Housewarming, Minimalist, Organic Modern, Scandinavian, seg:first-dinner-party, seg:the-full-table, Stemless Wine Glass, Thanksgiving, The Dinner Party, The Well-Set Bar, Wedding, Wedding Season, Wine Night, gift-glass",Active
galeon-medium-white-porcelain-serving-bowl,Galeon Medium White Porcelain Serving Bowl,"cat:new-arrivals, cat:tabletop, Entertaining, Everyday Use, GALEON, Hostess Gift, Hostess Gifts, Housewarming, Japandi, Microwave- and dishwasher-safe porcelain serving bowl; 18.6 fl oz (550 mL) capacity., Minimalist, Organic Modern, Porcelain, Serving, Serving Bowl, Thanksgiving, The Dinner Party, The Sunday Table, Wedding, Wedding Season, White, kit:eligible",Active
galeon-pietra-small-porcelain-bowl-for-sauces,Galeon Pietra Small Porcelain Bowl for Sauces,"Brown, cat:new-arrivals, cat:tabletop, Christmas, Entertaining, Everyday Use, Gray, Hostess Gift, Housewarming, Mediterranean, Microwave-safe porcelain; dishwasher-safe., Organic Modern, PIETRA, Porcelain, seg:the-full-table, Serving, Small Bowl, Thank-You, Thanksgiving, The Dinner Party, The Host's Touch, The Sunday Table, Wabi-Sabi, Wedding Season, kit:eligible",Active
gaudi-small-cream-sculptural-vase,Gaudi Small Cream Sculptural Vase,"100% polyresin; wipe clean with a damp cloth., A Gift with a Story, cat:decor, cat:new-arrivals, Cream, Decorative Vase, Décor & Styling, Entertaining, GAUDI, Gifting, Hostess Gift, Housewarming, Minimalist, Organic Modern, Polyresin, Self-Gift, The Collected Home, The Host's Touch, Wabi-Sabi, Wedding Season, kit:eligible",Active
gema-7-9-in-20-cm-nonstick-forged-aluminum-fry-pan,Gema 7.9 in (20 cm) Nonstick Forged Aluminum Fry Pan,"Aluminum, Baquelita, Beige, cat:kitchen, cat:new-arrivals, Cooking & Baking, Cooking Together, Everyday Use, Forged aluminum structure; abrasion-resistant nonstick surface; Bakelite handle with stainless steel detail, Forjado, Fry Pan, GEMA, Gifting, Housewarming, Minimalist, Organic Modern, Scandinavian, seg:the-first-kitchen, seg:weeknight-ceremony, Self-Gift, Slow Mornings, Stainless steel, The Housewarming, Wedding, Wedding Season, kit:eligible",Active
gema-9-4-in-24-cm-beige-nonstick-fry-pan,Gema 9.4 in (24 cm) Beige Nonstick Fry Pan,"Aluminum, Baquelita, Beige, cat:kitchen, cat:new-arrivals, Cooking & Baking, Cooking Together, Everyday Use, Forged aluminum construction; abrasion-resistant surface with nonstick attributes, Forjado, Fry Pan, GEMA, Gifting, Housewarming, Japandi, Minimalist, Mother's Day, Organic Modern, seg:the-first-kitchen, seg:weeknight-ceremony, Self-Gift, Slow Mornings, Stainless steel, The Host's Touch, Wedding, Wedding Season, kit:eligible",Active
geometric-wood-bead-garland-with-jute-tassel,Geometric Wood Bead Garland with Jute Tassel,"80% wood and 20% jute; dry-cloth cleaning, cat:decor, cat:new-arrivals, Christmas, Coastal, Decorative Garland, Décor & Styling, Entertaining, Gifting, Hostess Gift, Housewarming, Japandi, Just Because, Jute, Natural Wood, Organic Modern, Seasonal Tables, Thanksgiving, The Collected Home, The Host's Touch, Wedding Season, Wood, kit:eligible",Active
gingerbread-charger-plate-11-8-in,"Gingerbread Charger Plate, 11.8 in","cat:new-arrivals, cat:tabletop, Charger Plate, Christmas, Classic/Heritage, Dishwasher-safe; microwave-safe; 100% new bone china, Décor & Styling, Entertaining, GINGERBREAD, Holiday Gift, Holiday Traditions, Hostess Gift, Hostess Gifts, Housewarming, Multicolor, New Bone China, Organic Modern, Porcelain, Scandinavian, seg:someone-in-mind, Serving, The Art of the Table, kit:eligible",Active
gingerbread-house-dessert-plates-set-of-2,"Gingerbread House Dessert Plates, Set of 2","cat:gifts, cat:new-arrivals, cat:tabletop, Christmas, Classic/Heritage, Dessert Plate, Dishwasher-safe; microwave-safe; 100% new bone china, Entertaining, Gifting, GINGERBREAD, Holiday Gift, Holiday Traditions, Hostess Gift, Hostess Gifts, Just Because, Multicolor, New Bone China, Porcelain, Scandinavian, seg:season-opener, seg:someone-in-mind, Serving, The Host's Touch, kit:eligible",Active
gingerbread-house-new-bone-china-serving-plate-11-8-in,"Gingerbread House New Bone China Serving Plate, 11.8 in","cat:new-arrivals, cat:tabletop, Christmas, Classic/Heritage, Décor & Styling, Gifting, GINGERBREAD, Holiday Gift, Holiday Traditions, Hostess Gift, Hostess Gifts, Housewarming, Microwave- and dishwasher-safe; 100% new bone china., Multicolor, New Bone China, Porcelain, Scandinavian, seg:season-opener, seg:someone-in-mind, Serving, Serving Plate, The Host's Touch, kit:eligible",Active
gingerbread-new-bone-china-dessert-plate-7-5-in,"Gingerbread New Bone China Dessert Plate, 7.5 in","cat:new-arrivals, cat:tabletop, Christmas, Classic/Heritage, Coffee & Tea, Dessert Plate, Entertaining, Gifting, GINGERBREAD, Holiday Gift, Holiday Traditions, Hostess Gift, Hostess Gifts, Microwave- and dishwasher-safe; 100% new bone china., Multicolor, New Bone China, Porcelain, Scandinavian, Self-Gift, The Tea Ritual, kit:eligible",Active
gingerbread-snowflake-dessert-plates-5-1-in-set-of-2,"Gingerbread Snowflake Dessert Plates, 5.1 in, Set of 2","cat:gifts, cat:new-arrivals, cat:tabletop, Christmas, Classic/Heritage, Coffee & Tea, Dessert Plate, Gifting, GINGERBREAD, Holiday Gift, Holiday Traditions, Hostess Gift, Hostess Gifts, Microwave- and dishwasher-safe new bone china., Multicolor, New Bone China, Organic Modern, Porcelain, Scandinavian, seg:season-opener, seg:someone-in-mind, Serving, Thank-You, The Tea Ritual, kit:eligible",Active
gingerbread-wine-glass-charms-set-of-6,"Gingerbread Wine Glass Charms, Set of 6","Aleacion, Bar & Barware, Brass, cat:bar-glassware, cat:gifts, cat:new-arrivals, Christmas, Classic/Heritage, Cocktail Hour, Entertaining, Gifting, GINGERBREAD, Holiday Gift, Holiday Traditions, Hostess Gift, Multicolor, New Year, seg:season-opener, seg:someone-in-mind, Set of 6 reusable drink markers; metal alloy with brass; dry-cloth care., Thank-You, Thanksgiving, The Well-Set Bar, Wine Glass Charms, kit:eligible",Active
giotto-crystal-highball-glasses-set-of-2,"Giotto Crystal Highball Glasses, Set of 2","100% crystal with clear straight-line detailing; generous 14.5 fl oz (430 mL) capacity, Bar & Barware, Bauhaus, cat:bar-glassware, cat:gifts, cat:new-arrivals, Christmas, Clear, Cocktail Hour, Cristal, Everyday Use, GIOTTO, Highball Glasses, Hostess Gift, Hostess Gifts, Housewarming, Mid-Century, Minimalist, seg:season-opener, seg:the-first-kitchen, The Well-Set Bar, Wedding, Wedding Season, gift-glass",Active
giotto-crystal-short-tumbler-glasses-set-of-2,"Giotto Crystal Short Tumbler Glasses, Set of 2","100% crystal; 11.2 fl oz (330 mL) each; set of 2, Bar & Barware, cat:bar-glassware, cat:gifts, cat:new-arrivals, Classic/Heritage, Clear, Cocktail Hour, Cristal, Father's Day, Gifting, GIOTTO, Hostess Gift, Housewarming, Minimalist, New Year, Organic Modern, seg:season-opener, Short Tumbler, The Nightcap, The Well-Set Bar, Wedding, Wedding Season, gift-glass",Active
glass-candleholder-sonic-brown,"Glass Candleholder, Sonic Brown","100% soda-lime glass; compact sculptural form, Bauhaus, Brown, Candle Holder, Candlelit Dinners, cat:decor, cat:new-arrivals, Christmas, Décor & Styling, Entertaining, Gifting, Glass, Hostess Gift, Housewarming, Just Because, Lime, Minimalist, New Year, Organic Modern, Slow Evenings, Soda, Thanksgiving, The Host's Touch, kit:eligible",Active
glass-christmas-tree-serving-tray-9-1-in,"Glass Christmas Tree Serving Tray, 9.1 in","100% soda-lime glass; compact 9.1 in (23 cm) size, cat:new-arrivals, cat:tabletop, Christmas, Classic/Heritage, Entertaining, Gifting, Glass, Holiday Gift, Holiday Traditions, Hostess Gift, Hostess Gifts, Minimalist, Multicolor, Serving, Serving Tray, Soda-lime, Thank-You, The Host's Touch, kit:eligible",Active
glass-dispenser-with-aluminum-pump-16-2-fl-oz,"Glass Dispenser with Aluminum Pump, 16.2 fl oz","Aluminum, cat:bath, cat:new-arrivals, Classic/Heritage, Clear, Clear glass bottle; aluminum pump; visible soap level, Décor & Styling, Everyday Use, Gifting, Glass, Hostess Gift, Housewarming, Minimalist, Organic Modern, Soap Dispenser, Thank-You, The Host's Touch, The Housewarming, The Overnight Guest, Wedding Season, kit:eligible",Active
glass-oil-and-vinegar-cruet-set-with-salt-and-pepper-caddy,Glass Oil and Vinegar Cruet Set with Salt and Pepper Caddy,"cat:gifts, cat:kitchen, cat:new-arrivals, Classic/Heritage, Clear, CUBO, Entertaining, Everyday Use, Glass, Gravity spouts for cleaner pouring; chrome-plated metal caddy keeps four condiments together., Hostess Gift, Housewarming, Mediterranean, Minimalist, Oil & Vinegar Cruet Set, Pp, seg:first-dinner-party, seg:the-first-kitchen, seg:the-full-table, Serving, Stainless steel, Thanksgiving, The Dinner Party, The Host's Touch, The Sunday Table, Wedding, Wedding Season, kit:eligible",Active
glass-oil-dispenser-13-5-fl-oz,"Glass Oil Dispenser, 13.5 fl oz","BASICS, cat:kitchen, cat:new-arrivals, Clear, Cooking & Baking, Cooking Together, Dishwasher-safe glass; counter-friendly 13.5 fl oz (400 mL) capacity, Everyday Use, Glass, Green, Hostess Gift, Housewarming, Minimalist, Oil Dispenser, Organic Modern, Polypropylene, Scandinavian, Serving, Sodalime, Thank-You, Thanksgiving, The Host's Touch, The Sunday Table, kit:eligible",Active
glass-salt-and-pepper-shaker-set-with-bamboo-base,Glass Salt and Pepper Shaker Set with Bamboo Base,"Bamboo, BASE MADERA, cat:gifts, cat:new-arrivals, cat:tabletop, Clear, Clear glass jars show seasoning levels; bamboo base keeps both shakers together., Entertaining, Everyday Use, Glass, Hostess Gift, Housewarming, Lima, Minimalist, Open-Door Hospitality, Organic Modern, Salt & Pepper Shaker Set, Scandinavian, seg:first-dinner-party, Serving, Soda, Thank-You, The Host's Touch, The Sunday Table, Wedding Season, kit:eligible",Active
glass-sauce-pitcher-with-no-drip-lid-7-4-fl-oz,"Glass Sauce Pitcher with No-Drip Lid, 7.4 fl oz","cat:kitchen, cat:new-arrivals, Christmas, Classic/Heritage, Clear, Coffee & Tea, Entertaining, Glass, Hostess Gift, Housewarming, Minimalist, Mother's Day, No-drip sliding-lever lid; clear glass body., Organic Modern, Plastic, Sauce Pitcher, seg:weeknight-ceremony, Serving, Silicone, Thank-You, Thanksgiving, The Coffee Ritual, The Tea Ritual, Weekend Brunch, kit:eligible",Active
glass-sugar-dispenser-with-pour-spout-7-4-fl-oz,"Glass Sugar Dispenser with Pour Spout, 7.4 fl oz","cat:new-arrivals, cat:tabletop, Christmas, Classic/Heritage, Clear, Coffee & Tea, Everyday Use, Galvanizado, Glass, Glass jar with direct-pour lid; clear body shows when to refill., Glass Sugar Dispenser, Hostess Gift, Housewarming, Minimalist, Mother's Day, Plastic, Scandinavian, seg:weeknight-ceremony, Serving, Thank-You, The Coffee Ritual, The Host's Touch, The Tea Ritual, Wedding Season, kit:eligible",Active
glass-vinegar-spray-bottle-for-oil,Glass Vinegar Spray Bottle for Oil,"cat:kitchen, cat:new-arrivals, Cooking & Baking, Cooking Together, Everyday Celebrations, Everyday Use, Glass, Glass bottle; stainless steel and polypropylene sprayer; refillable 3.4 fl oz (100 mL) capacity, Hostess Gift, Housewarming, Minimalist, Oil & Vinegar Sprayer, Organic Modern, Prolipropileno, Scandinavian, Self-Gift, Serving, Silver, Stainless steel, The Host's Touch, kit:eligible",Active
goccia-glass-oil-dispenser-16-2-fl-oz-480-ml,"Goccia Glass Oil Dispenser, 16.2 fl oz (480 mL)","cat:kitchen, cat:new-arrivals, Christmas, Clear, Cooking & Baking, Cooking Together, Dishwasher-safe; borosilicate glass body; stainless steel pourer, Everyday Use, Glass, Hostess Gift, Housewarming, Japandi, Minimalist, Oil & Vinegar Bottle, Organic Modern, seg:the-full-table, Serving, Stainless steel, Thank-You, Thanksgiving, The Dinner Party, The Host's Touch, Tpe, Wedding Season, kit:eligible",Active
gold-dessert-spoons-set-of-6,Gold Dessert Spoons Set of 6,"85% steel with gold finish; six matching dessert spoons, Aleacion, Candlelit Dinners, cat:gifts, cat:new-arrivals, cat:tabletop, Christmas, Classic/Heritage, Dessert Spoon, Dinner Party, Entertaining, Gold, Holiday Gift, Holiday Traditions, Hostess Gift, Housewarming, Minimalist, NOCHE BUENA SNOW, seg:season-opener, seg:someone-in-mind, Serving, Steel, The Host's Touch, kit:eligible",Active
gold-flower-ceramic-cabinet-knobs-set-of-2,"Gold Flower Ceramic Cabinet Knobs, Set of 2","Cabinet Knob, cat:decor, cat:gifts, cat:new-arrivals, Ceramic, Ceramic with iron; Set of 2; Soft dry-cloth care, Classic/Heritage, Décor & Styling, Everyday Use, Gifting, Hostess Gift, Housewarming, Iron, Minimalist, Organic Modern, Self-Gift, The Collected Home, The Host's Touch, The Housewarming, Wedding Season, White, kit:eligible",Active
gold-glass-crown-ornament-3-9-in,"Gold Glass Crown Ornament, 3.9 in","cat:decor, cat:new-arrivals, Christmas, Christmas Ornament, Classic/Heritage, Décor & Styling, Gifting, Glass, Glass construction; metal hanging cap, Gold, Holiday Gift, Holiday Traditions, Hostess Gift, Just Because, Metal, Organic Modern, Seasonal Tables, Special Occasion, The Host's Touch, kit:eligible",Active
gold-lines-glass-hanging-tree-ornament-3-9-in,"Gold Lines Glass Hanging Tree Ornament, 3.9 in","95% soda-lime glass; metal hanging detail, cat:decor, cat:new-arrivals, Christmas, Christmas Tree Ornament, Classic/Heritage, Décor & Styling, Gifting, Glass, Gold, Holiday Gift, Holiday Traditions, Hostess Gift, Housewarming, Metal, Minimalist, Scandinavian, seg:someone-in-mind, Sodalime, Special Occasion, The Gift That Becomes a Tradition, The Host's Touch, kit:eligible",Active
gold-multicolor-dessert-forks-set-of-6,"Gold Multicolor Dessert Forks, Set of 6","Aleacion, cat:gifts, cat:new-arrivals, cat:tabletop, Christmas, Classic/Heritage, Dessert Fork, Entertaining, Gifting, Holiday Gift, Holiday Traditions, Hostess Gift, Housewarming, Multicolor, NOCHE BUENA SNOW, seg:first-dinner-party, seg:season-opener, seg:someone-in-mind, seg:the-full-table, Serving, Set of six coordinated dessert forks; gold-toned handles with multicolor decorative finials; dry-cloth care, Steel, The Art of the Table, The Dinner Party, kit:eligible",Active
gold-stainless-steel-serving-utensils-set-of-2,"Gold Stainless Steel Serving Utensils, Set of 2","cat:gifts, cat:new-arrivals, cat:tabletop, Christmas, Classic/Heritage, Dishwasher-safe stainless steel; gold set of 2, Entertaining, Gifting, Gold, Hostess Gift, Hostess Gifts, Housewarming, Minimalist, Organic Modern, seg:first-dinner-party, seg:season-opener, seg:the-first-kitchen, seg:the-full-table, SERVIDORAS DORADO, Serving, Serving Utensils, Stainless steel, Thanksgiving, The Dinner Party, Wedding, Wedding Season, Weekend Gatherings, kit:eligible",Active
gold-tissue-paper-sheets-250-pack-for-gift-wrapping,"Gold Tissue Paper Sheets, 250-Pack for Gift Wrapping","250-sheet pack; full-size gold sheets for gift wrapping and retail packaging, A Gift with a Story, cat:gifts, cat:new-arrivals, Christmas, Classic/Heritage, Entertaining, Gifting, Gold, Hostess Gift, Hostess Gifts, Housewarming, Minimalist, New Year, Organic Modern, Special Occasion, Thank-You, The Thoughtful Thank-You, Tissue Paper, Wedding Season, kit:eligible",Active
gold-tone-stainless-steel-bar-mixing-spoon,Gold-Tone Stainless Steel Bar Mixing Spoon,"Bar & Barware, Bar Spoon, cat:bar-glassware, cat:new-arrivals, Classic/Heritage, Cocktail Hour, Entertaining, Gold, Hostess Gift, Hostess Gifts, Housewarming, Minimalist, New Year, Organic Modern, seg:season-opener, Stainless steel, Stainless steel; long handle for stirring in mixing glasses and pitchers; gold-tone finish, The Well-Set Bar, Wedding, Wedding Season, kit:eligible",Active
gold-tree-ring-round-pvc-placemat,Gold Tree Ring Round PVC Placemat,"100% PVC; wipe-clean surface; cutout gold tree-ring design, cat:new-arrivals, cat:tabletop, Christmas, Classic/Heritage, Décor & Styling, Entertaining, Everyday Use, Gold, Hostess Gift, Housewarming, Minimalist, New Year, Organic Modern, Placemat, Pvc, Thank-You, Thanksgiving, The Dinner Party, The Host's Touch, TRONCO, Weekend Gatherings, kit:eligible",Active
granite-induction-stovetop-kettle,Granite Induction Stovetop Kettle,"Aluminum, Baquelita, cat:kitchen, cat:new-arrivals, Charcoal gray with white speckles, Christmas, Coffee & Tea, Everyday Use, Gifting, GRANITO, Hostess Gift, Housewarming, Induction-compatible; 57.5 fl oz (1.7 L) capacity; Bakelite handle, Inoxiable, Minimalist, Mother's Day, Organic Modern, seg:weeknight-ceremony, Self-Gift, Slow Mornings, Steel, Stovetop Kettle, The Coffee Ritual, The Tea Ritual, Wabi-Sabi, Wedding Season, kit:eligible",Active
granite-look-nonstick-fry-pan-7-1-in,"Granite-Look Nonstick Fry Pan, 7.1 in","Aluminum, Baquelita, cat:kitchen, cat:new-arrivals, Cooking & Baking, Cooking Together, Everyday Use, Fry Pan, Gifting, Graduation, Graduation Season, GRANITO, Gray, Housewarming, Induction-ready; granite-look nonstick coating; double-riveted Bakelite handle, Minimalist, Organic Modern, Scandinavian, seg:weeknight-ceremony, Self-Gift, Slow Mornings, The Housewarming, Wedding Season, kit:eligible",Active
graphite-double-wall-insulated-bottle-11-8-fl-oz-350-ml,"Graphite Double-Wall Insulated Bottle, 11.8 fl oz (350 mL)","BPA-free; double-wall insulated stainless steel construction, cat:new-arrivals, cat:outdoor, Caucho, Coffee & Tea, Everyday Use, Father's Day, Graduation Season, Graphite, Hostess Gift, Housewarming, Insulated Bottle, Minimalist, Organic Modern, Outdoor & Patio, Outdoor Living, Polypropylene, Scandinavian, seg:weeknight-ceremony, Self-Gift, Stainless steel, Termoplástico, The Coffee Ritual, The Tea Ritual, kit:eligible",Active
gravity-pepper-grinder-silver,"Gravity Pepper Grinder, Silver","Abs, Acrylic, Battery-powered gravity operation; stainless steel 304 body with ceramic grinding component, cat:new-arrivals, cat:tabletop, Ceramic, Christmas, Cooking & Baking, Cooking Together, Electric Pepper Mill, Everyday Use, Hostess Gift, Housewarming, Minimalist, Organic Modern, Scandinavian, Self-Gift, Serving, Silver, Stainless steel, Thanksgiving, The Dinner Party, The Host's Touch, Wedding Season, kit:eligible",Active
gravur-acrylic-outdoor-wine-glasses-15-0-fl-oz-set-of-6,"Gravur Acrylic Outdoor Wine Glasses, 15.0 fl oz, Set of 6","Acrylic, Acrylic Wine Glass, Ambar Oscuro, Bar & Barware, Blue, cat:gifts, cat:new-arrivals, cat:outdoor, Classic/Heritage, Coastal, Entertaining, Fourth of July, GRAVUR, Gray, Green, Hostess Gift, Housewarming, Impact-resistant for outdoor service; top-rack dishwasher-safe., Just Because, Mediterranean, Mother's Day, Outdoor & Patio, Outdoor Living, Poliestireno, Poolside, Purple, Red, Wedding Season, Wine Night, kit:eligible",Active
gravur-acrylic-tumblers-15-9-fl-oz-472-ml-set-of-6,"Gravur Acrylic Tumblers, 15.9 fl oz (472 mL), Set of 6","Acrylic, Ambar Oscuro, Blue, cat:gifts, cat:new-arrivals, cat:outdoor, Classic/Heritage, Coastal, Cocktail Hour, Entertaining, Fourth of July, GRAVUR, Gray, Green, Hostess Gift, Housewarming, Mid-Century, Outdoor & Patio, Outdoor Living, Poliestireno, Poolside, Purple, Red, seg:season-opener, Self-Gift, Shatter-resistant for outdoor use; top-rack dishwasher-safe, Short Tumbler, kit:eligible",Active
gravur-clear-acrylic-drinking-glasses-set-of-2,"Gravur Clear Acrylic Drinking Glasses, Set of 2","cat:gifts, cat:new-arrivals, cat:outdoor, Clear, Coastal, Entertaining, Everyday Use, Father's Day, Fourth of July, GRAVUR, Hostess Gift, Housewarming, Minimalist, Organic Modern, Outdoor & Patio, Outdoor Living, Poolside, seg:first-dinner-party, Self-Gift, Shatter-resistant acrylic; clear 15.9 fl oz (470 mL) capacity, Tumbler, Weekend Gatherings, kit:eligible",Active
gravur-clear-acrylic-wine-glass-15-0-fl-oz,"Gravur Clear Acrylic Wine Glass, 15.0 fl oz","Acrylic, Bar & Barware, cat:new-arrivals, cat:outdoor, Classic/Heritage, Clear, Coastal, Entertaining, Fourth of July, GRAVUR, Hostess Gift, Housewarming, impact-resistant; top-rack dishwasher-safe., Lightweight, Organic Modern, Outdoor & Patio, Outdoor Living, Poliestireno, Poolside, Self-Gift, Wedding Season, Wine Glass, Wine Night, kit:eligible",Active
gray-3-way-egg-slicer-with-steel-wires,Gray 3-Way Egg Slicer with Steel Wires,"cat:kitchen, cat:new-arrivals, Coffee & Tea, Easter, Egg Slicer, Everyday Use, Gifting, Gray, Housewarming, Minimalist, Mother's Day, Organic Modern, Plastic, Scandinavian, Self-Gift, Slow Mornings, Thank-You, The Host's Touch, Three cutting styles; Steel cutting wires, Weekend Brunch, kit:eligible",Active
gray-adjustable-cotton-kitchen-apron,Gray Adjustable Cotton Kitchen Apron,"100% cotton apron, adjustable fit, cat:kitchen, cat:new-arrivals, Christmas, Cooking & Baking, Cooking Together, Cotton, Everyday Use, Gifting, Gr, Gray, Hostess Gift, Housewarming, Kitchen Apron, Minimalist, Mother's Day, Organic Modern, Scandinavian, Self-Gift, Thanksgiving, The Host's Touch, washable at up to 104°F (40°C), Weekend Gatherings, kit:eligible",Active
gray-apple-slicer-corer-with-stainless-steel-blades,Gray Apple Slicer & Corer with Stainless Steel Blades,"Apple Slicer, cat:kitchen, cat:new-arrivals, Cooking & Baking, Everyday Use, Gifting, Graduation, Gray, Housewarming, Minimalist, Organic Modern, Plastic, Scandinavian, Self-Gift, Slow Mornings, Stainless steel, Stainless steel blades; easy hand cleaning, Thanksgiving, The Host's Touch, Weekend Brunch, kit:eligible",Active
gray-compact-dish-drainer-with-utensil-holder,Gray Compact Dish Drainer with Utensil Holder,"Aluminum, cat:kitchen, cat:new-arrivals, Coffee & Tea, Dish Drainer, Dishwasher-safe; 15.4 lb (7 kg) capacity; compact footprint with utensil holder, Everyday Use, Gifting, Gray, Housewarming, Japandi, Minimalist, Polypropylene, Scandinavian, seg:the-first-kitchen, Self-Gift, Slow Mornings, The Housewarming, The Overnight Guest, Wedding, Wedding Season, kit:eligible",Active
gray-cotton-cloth-napkins-set-of-2,"Gray Cotton Cloth Napkins, Set of 2","100% cotton; 180 GSM; set of 2, cat:gifts, cat:new-arrivals, cat:tabletop, Christmas, Cloth Napkin, Cotton, Dinner Party, Entertaining, Everyday Celebrations, Everyday Use, Gray, Gsm, Hostess Gift, Housewarming, Minimalist, Organic Modern, Scandinavian, seg:first-dinner-party, seg:the-full-table, Thank-You, Thanksgiving, The Dinner Party, The Sunday Table, Wedding Season, kit:eligible",Active
gray-double-wall-insulated-water-bottle-32-1-fl-oz,"Gray Double-Wall Insulated Water Bottle, 32.1 fl oz","cat:new-arrivals, cat:outdoor, Caucho, Double-wall insulated stainless steel; generous 32.1 fl oz capacity, Everyday Use, Father's Day, Gifting, Graduation Season, Gray, Housewarming, Insulated Water Bottle, Minimalist, Organic Modern, Outdoor & Patio, Outdoor Living, Polypropylene, Scandinavian, Self-Gift, Stainless steel, Termoplástico, Thank-You, The Host's Touch, The Overnight Guest, kit:eligible",Active
gray-double-wall-stainless-steel-tumbler-10-8-fl-oz,"Gray Double-Wall Stainless Steel Tumbler, 10.8 fl oz","As, cat:new-arrivals, cat:outdoor, Christmas, Coffee & Tea, Double-wall construction; compact fitted-lid design, Everyday Use, Father's Day, Graduation Season, Gray, Housewarming, Insulated Tumbler, Minimalist, Organic Modern, Outdoor & Patio, Outdoor Living, Plastic, Scandinavian, seg:weeknight-ceremony, Self-Gift, Silicone, Stainless steel, Thank-You, The Coffee Ritual, The Tea Ritual, kit:eligible",Active
gray-elephant-glass-tumblers-set-of-2,"Gray Elephant Glass Tumblers, Set of 2","Bar & Barware, cat:bar-glassware, cat:gifts, cat:new-arrivals, Christmas, Classic/Heritage, Cocktail Hour, Dishwasher-safe sodalime glass; embossed elephant motif; set of 2, ELEFANTE, Everyday Use, Gifting, Glass, Gray, Hostess Gift, Hostess Gifts, Housewarming, Just Because, Organic Modern, seg:someone-in-mind, Sodalime, The Nightcap, Tumbler Glass, Wabi-Sabi, Wedding Season, gift-glass",Active
gray-french-press-coffee-maker-20-3-fl-oz-600-ml,"Gray French Press Coffee Maker, 20.3 fl oz (600 mL)","BASICS, Borosilicate glass; stainless steel plunger, cat:new-arrivals, cat:tabletop, Christmas, Coffee & Tea, Everyday Use, Father's Day, French Press, Gifting, Glass, Gray, Hostess Gift, Housewarming, Minimalist, Mother's Day, Organic Modern, Polypropylene, Scandinavian, seg:weeknight-ceremony, Self-Gift, Slow Mornings, Stainless steel, The Coffee Ritual, The Overnight Guest, kit:eligible",Active
gray-granite-effect-nonstick-cooking-pot-with-glass-lid,Gray Granite-Effect Nonstick Cooking Pot with Glass Lid,"Aluminum, Baquelita, cat:kitchen, cat:new-arrivals, Cooking & Baking, Cooking Together, Everyday Use, Gifting, Glass, GRANITO, Gray, Housewarming, Minimalist, Nonstick granite-effect coating; clear glass lid, Nonstick Pot, Open-Door Hospitality, Organic Modern, Recipes Worth Passing Down, seg:the-first-kitchen, seg:weeknight-ceremony, Self-Gift, Silicone, Wabi-Sabi, Wedding, Wedding Season, kit:eligible",Active
gray-granite-look-aluminum-frying-pan-7-9-in-20-cm,"Gray Granite-Look Aluminum Frying Pan, 7.9 in (20 cm)","A Table for One, Abrasion-resistant nonstick performance; aluminum body with Bakelite handle., Aluminum, Baquelita, cat:kitchen, cat:new-arrivals, Cooking & Baking, Cooking Together, Everyday Use, Frying Pan, Gifting, Graduation, Graduation Season, GRANITO, Gray, Housewarming, Minimalist, Organic Modern, Scandinavian, seg:weeknight-ceremony, Self-Gift, Slow Mornings, Wedding Season, kit:eligible",Active
gray-granite-mortar-and-pestle-4-3-in-11-cm,"Gray Granite Mortar and Pestle, 4.3 in (11 cm)","cat:gifts, cat:kitchen, cat:new-arrivals, Christmas, Cooking & Baking, Cooking Together, Everyday Use, Gifting, Gray, Hostess Gift, Housewarming, Minimalist, Mortar & Pestle, MORTERO, Organic Modern, seg:first-dinner-party, seg:weeknight-ceremony, Self-Gift, Solid gray granite; textured grinding surface; compact 4.3 in (11 cm) size, Thanksgiving, The Dinner Party, The Host's Touch, Wabi-Sabi, Wedding Season, kit:eligible",Active
gray-granite-mortar-pestle-5-1-in,"Gray Granite Mortar & Pestle, 5.1 in","cat:gifts, cat:kitchen, cat:new-arrivals, Cooking & Baking, Cooking Together, Entertaining, Gifting, Gray, Hostess Gift, Housewarming, Minimalist, Mortar & Pestle, MORTERO, Organic Modern, Recipes Worth Passing Down, seg:the-first-kitchen, seg:weeknight-ceremony, Solid granite; rough grinding interior, The Host's Touch, Wabi-Sabi, Wedding, Wedding Season, kit:eligible",Active
gray-granite-nonstick-frying-pan-9-4-in-24-cm,"Gray Granite Nonstick Frying Pan, 9.4 in (24 cm)","Abrasion-resistant granite nonstick coating; aluminum body with Bakelite handle, Aluminum, Baquelita, cat:kitchen, cat:new-arrivals, Cooking & Baking, Cooking Together, Everyday Use, Frying Pan, Gifting, GRANITO, Gray, Housewarming, Japandi, Minimalist, Organic Modern, seg:the-first-kitchen, seg:weeknight-ceremony, Self-Gift, Slow Mornings, The Housewarming, Wedding, Wedding Season, kit:eligible",Active
gray-granite-nonstick-pot-with-glass-lid-9-4-in,"Gray Granite Nonstick Pot with Glass Lid, 9.4 in","5.1 qt (4.8 L) capacity with glass lid; granite-effect nonstick coating for clean release., Aluminum, Baquelita, cat:kitchen, cat:new-arrivals, Christmas, Cooking & Baking, Cooking Together, Everyday Use, Gifting, Glass, GRANITO, Gray, Housewarming, Minimalist, Organic Modern, Scandinavian, seg:the-first-kitchen, seg:weeknight-ceremony, Self-Gift, Silicone, Stock Pot, Thanksgiving, The Housewarming, Wedding, Wedding Season, Weekend Gatherings, kit:eligible",Active
gray-leaf-charger-plate,Gray Leaf Charger Plate,"Calcio, cat:new-arrivals, cat:tabletop, Charger Plate, Christmas, Dinner Party, Entertaining, Gray, Hostess Gift, Housewarming, Japandi, Minimalist, Organic Modern, Polvo, Polypropylene, Reusable; embossed leaf relief; 80% polypropylene and 20% calcium powder, Seasonal Tables, seg:the-full-table, Serving, Thanksgiving, The Art of the Table, The Dinner Party, Wedding, Wedding Season, kit:eligible",Active
gray-mini-silicone-baking-spatula,Gray Mini Silicone Baking Spatula,"Baking Spatula, cat:kitchen, cat:new-arrivals, Cooking & Baking, Cooking Together, Everyday Use, Gifting, Gray, Heat-resistant silicone; dishwasher-safe; non-slip handle, Hostess Gift, Housewarming, Minimalist, Organic Modern, Recipes Worth Passing Down, Scandinavian, Self-Gift, SILICONA GRIS, Silicone, The Host's Touch, Wedding Season, kit:eligible",Active
gray-mini-silicone-utensil-set-set-of-4,"Gray Mini Silicone Utensil Set, Set of 4","cat:gifts, cat:kitchen, cat:new-arrivals, Cooking & Baking, Cooking Together, Dishwasher-safe utensil set; heat-resistant silicone; set of 4, Everyday Use, Gifting, Gray, Hostess Gift, Housewarming, Japandi, Mini Utensil Set, Minimalist, Organic Modern, seg:first-dinner-party, Self-Gift, SILICONA GRIS, Silicone, The Host's Touch, Wedding Season, Weekend Brunch, kit:eligible",Active
gray-polypropylene-bag-clips-set-of-8,"Gray Polypropylene Bag Clips, Set of 8","Bag Clip, cat:gifts, cat:kitchen, cat:new-arrivals, Coffee & Tea, Everyday Use, Gifting, Gray, Hostess Gift, Housewarming, Japandi, Just Because, Minimalist, Polypropylene, Scandinavian, seg:first-dinner-party, seg:weeknight-ceremony, The Coffee Ritual, The Host's Touch, The Tea Ritual, Top-rack dishwasher-safe; 100% polypropylene; temperature resistant from 5°F to 158°F (−15°C to 70°C), Wedding Season, kit:eligible",Active
gray-polypropylene-measuring-cups-set-of-11,"Gray Polypropylene Measuring Cups, Set of 11","11-piece set; easy-clean polypropylene, cat:gifts, cat:kitchen, cat:new-arrivals, Cooking & Baking, Cooking Together, Everyday Use, Gifting, Gray, Hostess Gift, Housewarming, Measuring Cup Set, Minimalist, Organic Modern, Polypropylene, Recipes Worth Passing Down, Scandinavian, seg:first-dinner-party, seg:the-first-kitchen, seg:weeknight-ceremony, Self-Gift, The Host's Touch, Wedding Season, kit:eligible",Active
gray-rectangular-silicone-food-storage-container-44-fl-oz,"Gray Rectangular Silicone Food Storage Container, 44 fl oz","100% silicone; dishwasher-safe and temperature-resistant from -40°F to 446°F (-40°C to 230°C)., cat:kitchen, cat:new-arrivals, Christmas, Cooking & Baking, Cooking Together, Everyday Use, Food Storage Container, Gifting, Gray, Hostess Gift, Housewarming, Japandi, Minimalist, Open-Door Hospitality, Organic Modern, RECIPIENTES SILICONA, Self-Gift, Silicone, Thanksgiving, The Sunday Table, kit:eligible",Active
gray-reusable-silicone-baking-mat,Gray Reusable Silicone Baking Mat,"Baking Mat, cat:kitchen, cat:new-arrivals, Christmas, Cooking & Baking, Cooking Together, Everyday Use, Gifting, Gray, Holiday Traditions, Hostess Gift, Housewarming, Minimalist, Nonstick silicone; dishwasher-safe, Organic Modern, Scandinavian, seg:the-first-kitchen, Silicone, Thanksgiving, The Sunday Table, Wedding, Wedding Season, kit:eligible",Active
gray-round-silicone-trivet,Gray Round Silicone Trivet,"cat:new-arrivals, cat:tabletop, Christmas, Cooking & Baking, Cooking Together, Everyday Use, Gray, Heat-resistant silicone; dishwasher-safe., Hostess Gift, Housewarming, Minimalist, Organic Modern, Scandinavian, Self-Gift, Serving, Silicone, Thanksgiving, The Host's Touch, Trivet, Wedding Season, Weekend Gatherings, kit:eligible",Active
gray-silicone-air-fryer-basket-7-in,"Gray Silicone Air Fryer Basket, 7 in","Air Fryer Basket, cat:kitchen, cat:new-arrivals, Christmas, Cooking & Baking, Cooking Together, Everyday Use, Father's Day, Game Day, Gifting, Graduation Season, Gray, Hostess Gift, Housewarming, Just Because, Minimalist, Open-Door Hospitality, Organic Modern, Reusable silicone construction; ribbed base and side handles., Scandinavian, Silicone, kit:eligible",Active
gray-silicone-baking-spatula,Gray Silicone Baking Spatula,"Baking Spatula, cat:kitchen, cat:new-arrivals, Cooking & Baking, Cooking Together, Dishwasher-safe; safe for nonstick cookware; high-heat-resistant silicone., Everyday Use, Gifting, Gray, Hostess Gift, Housewarming, Just Because, Minimalist, Organic Modern, Recipes Worth Passing Down, Scandinavian, SILICONA GRIS, Silicone, Wedding Season, Weekend Brunch, kit:eligible",Active
gray-silicone-baking-spatula-with-acacia-wood-handle,Gray Silicone Baking Spatula with Acacia Wood Handle,"Acacia, and electric kitchen appliances, bakeware, Baking Spatula, cat:kitchen, cat:new-arrivals, Cooking & Baking, Cooking Together, Everyday Use, Gifting, Gray, Heat-resistant silicone; dishwasher-safe; safe for nonstick cookware, Hostess Gift, Housewarming, Japandi, Minimalist, Mother's Day, Organic Modern, SILICONA ACACIA, Silicone, Thank-You, Thanksgiving, The Thoughtful Thank-You, Wedding Season, Weekend Brunch, kit:eligible",Active
gray-silicone-baking-spoon-11-in,"Gray Silicone Baking Spoon, 11 in","Baking Spoon, cat:kitchen, cat:new-arrivals, Cooking & Baking, Cooking Together, Everyday Use, Gifting, Gray, Heat-resistant silicone; dishwasher-safe; gentle for coated cookware, Hostess Gift, Housewarming, Japandi, Minimalist, Organic Modern, Self-Gift, SILICONA GRIS, Silicone, The Housewarming, Wedding Season, Weekend Brunch, kit:eligible",Active
gray-silicone-cooking-spoon,Gray Silicone Cooking Spoon,"cat:kitchen, cat:new-arrivals, Cooking & Baking, Cooking Spoon, Cooking Together, Everyday Use, Gifting, Gray, Heat-resistant silicone; dishwasher-safe, Hostess Gift, Housewarming, Minimalist, Open-Door Hospitality, Organic Modern, Scandinavian, Self-Gift, SILICONA GRIS, Silicone, The Sunday Table, Wedding Season, kit:eligible",Active
gray-silicone-cooking-spoon-23559,Gray Silicone Cooking Spoon,"cat:kitchen, cat:new-arrivals, Christmas, Cooking & Baking, Cooking Spoon, Cooking Together, Dishwasher-safe; heat resistant from -22°F to 428°F (-30°C to 220°C)., Everyday Use, Gifting, Gray, Hostess Gift, Housewarming, Minimalist, Mother's Day, Nailon, Organic Modern, Scandinavian, Self-Gift, SILICONA GRIS, Silicone, Thanksgiving, The Host's Touch, The Sunday Table, kit:eligible",Active
gray-silicone-flat-cooking-spoon,Gray Silicone Flat Cooking Spoon,"cat:kitchen, cat:new-arrivals, Cooking & Baking, Cooking Spoon, Cooking Together, Everyday Celebrations, Everyday Use, Gifting, Gray, Heat-resistant silicone; dishwasher-safe; gentle on nonstick cookware., Hostess Gift, Housewarming, Japandi, Minimalist, Organic Modern, Self-Gift, SILICONA GRIS, Silicone, The Host's Touch, Wedding Season, kit:eligible",Active
gray-silicone-glass-and-bottle-cleaning-brush,Gray Silicone Glass and Bottle Cleaning Brush,"Bar & Barware, Bottle Brush, cat:bath, cat:new-arrivals, Coffee & Tea, Everyday Use, Gray, Hostess Gift, Housewarming, Minimalist, Non-abrasive silicone bristles; long polypropylene handle., Open-Door Hospitality, Organic Modern, Polypropylene, Scandinavian, seg:weeknight-ceremony, Self-Gift, Silicone, The Coffee Ritual, The Tea Ritual, Wedding Season, kit:eligible",Active
gray-silicone-ice-cube-tray,Gray Silicone Ice Cube Tray,"Bar & Barware, cat:bar-glassware, cat:new-arrivals, Cocktail Hour, Everyday Use, Flexible silicone; compact four-cavity format, Gray, Hostess Gift, Housewarming, Japandi, Minimalist, New Year, Organic Modern, seg:season-opener, Self-Gift, Silicone, Silicone Ice Cube Tray, The Nightcap, The Well-Set Bar, Wedding Season, kit:eligible",Active
gray-silicone-ice-cube-tray-10-cavity,"Gray Silicone Ice Cube Tray, 10-Cavity","Bar & Barware, cat:bar-glassware, cat:new-arrivals, Cocktail Hour, Dishwasher-safe flexible silicone; 10-cavity easy-release design, Entertaining, Father's Day, Fourth of July, Gray, Hostess Gift, Housewarming, Ice Cube Tray, Japandi, Minimalist, New Year, Organic Modern, seg:season-opener, Self-Gift, SILICONA GRIS, Silicone, The Host's Touch, The Well-Set Bar, kit:eligible",Active
gray-silicone-mini-oven-mitt-with-textured-grip,Gray Silicone Mini Oven Mitt with Textured Grip,"cat:kitchen, cat:new-arrivals, Christmas, Cooking & Baking, Cooking Together, Everyday Use, Gifting, Gray, Heat-resistant silicone with textured grip; dishwasher-safe, Hostess Gift, Housewarming, Mini Oven Mitt, Minimalist, Mother's Day, Organic Modern, Scandinavian, Self-Gift, SILICONA GRIS, Silicone, Thanksgiving, The Host's Touch, The Sunday Table, kit:eligible",Active
gray-silicone-mold-4-round-ice-cubes,"Gray Silicone Mold, 4 Round Ice Cubes","100% silicone, Bar & Barware, cat:bar-glassware, cat:new-arrivals, Christmas, Cocktail Hour, Entertaining, Father's Day, freezer-safe, Gray, Hostess Gift, Housewarming, Ice Mold, Japandi, Minimalist, New Year, Organic Modern, seg:season-opener, Self-Gift, Silicone, The Nightcap, The Well-Set Bar, kit:eligible",Active
gray-silicone-pasta-spoon,Gray Silicone Pasta Spoon,"cat:kitchen, cat:new-arrivals, Christmas, Cooking & Baking, Cooking Together, Everyday Use, Gifting, Gray, Heat-resistant silicone; dishwasher-safe; safe for nonstick cookware., Hostess Gift, Hostess Gifts, Housewarming, Japandi, Minimalist, Mother's Day, Pasta Spoon, Scandinavian, Self-Gift, SILICONA GRIS, Silicone, The Sunday Table, Wedding Season, kit:eligible",Active
gray-silicone-pastry-brush-for-nonstick-cookware,Gray Silicone Pastry Brush for Nonstick Cookware,"cat:kitchen, cat:new-arrivals, Christmas, Cooking & Baking, Cooking Together, Dishwasher-safe; safe for nonstick cookware; heat-resistant silicone, Everyday Use, Gifting, Gray, Hostess Gift, Housewarming, Minimalist, Organic Modern, Pastry Brush, Scandinavian, Self-Gift, SILICONA GRIS, Silicone, Thanksgiving, The Sunday Table, Wedding Season, Weekend Brunch, kit:eligible",Active
gray-silicone-reusable-piping-bag,Gray Silicone Reusable Piping Bag,"cat:kitchen, cat:new-arrivals, Christmas, Cooking & Baking, Cooking Together, Gifting, Gray, Hostess Gift, Housewarming, Minimalist, Mother's Day, Organic Modern, Piping Bag, Polypropylene, Recipes Worth Passing Down, Reusable silicone; 13.5 fl oz (400 mL) capacity; easy hand-wash care, Scandinavian, Self-Gift, SILICONA GRIS, Silicone, Special Occasion, The Thoughtful Thank-You, Wedding Season, kit:eligible",Active
gray-silicone-safari-animal-mold,Gray Silicone Safari Animal Mold,"Birthday, Birthdays, cat:kitchen, cat:new-arrivals, Christmas, Cooking & Baking, Cooking Together, Dishwasher-safe; heat-resistant silicone, Everyday Celebrations, Everyday Use, Gifting, Gray, Just Because, Minimalist, Organic Modern, Scandinavian, Self-Gift, Silicone, Silicone Mold, kit:eligible",Active
gray-silicone-sink-mat-splash-guard,Gray Silicone Sink Mat Splash Guard,"cat:kitchen, cat:new-arrivals, Cooking Together, Entertaining, Everyday Use, Gifting, Gray, Hostess Gift, Housewarming, Just Because, Minimalist, Open-Door Hospitality, Organic Modern, Scandinavian, Silicone, Silicone; perforated drainage, Sink Mat, Weekend Gatherings, kit:eligible",Active
gray-silicone-sink-strainer,Gray Silicone Sink Strainer,"cat:kitchen, cat:new-arrivals, Cooking & Baking, Cooking Together, Everyday Use, Flexible silicone; stainless steel center post and perforated basket, Gifting, Gray, Hostess Gift, Housewarming, Minimalist, Open-Door Hospitality, Organic Modern, Scandinavian, Self-Gift, Silicone, Sink Drain Strainer, Stainless steel, The Host's Touch, kit:eligible",Active
gray-silicone-slotted-turner-spatula,Gray Silicone Slotted Turner Spatula,"cat:kitchen, cat:new-arrivals, Cooking & Baking, Cooking Together, Dishwasher-safe; heat-resistant from -22°F to 428°F (-30°C to 220°C), Everyday Use, Gifting, Gray, Hostess Gift, Hostess Gifts, Housewarming, Metal, Minimalist, Mother's Day, Organic Modern, Scandinavian, Self-Gift, SILICONA GRIS, Silicone, Slotted Spatula, The Sunday Table, Wedding Season, kit:eligible",Active
gray-silicone-spatula-for-nonstick-cookware,Gray Silicone Spatula for Nonstick Cookware,"cat:kitchen, cat:new-arrivals, Cooking & Baking, Cooking Together, Dishwasher-safe silicone; safe for nonstick cookware; heat-resistant., Everyday Use, Father's Day, Gifting, Gray, Hostess Gift, Housewarming, Minimalist, Mother's Day, Open-Door Hospitality, Organic Modern, Scandinavian, SILICONA GRIS, Silicone, Silicone Spatula, Thank-You, The Sunday Table, Wedding Season, kit:eligible",Active
gray-silicone-spatula-tongs-with-stainless-steel-frame,Gray Silicone Spatula Tongs with Stainless Steel Frame,"cat:kitchen, cat:new-arrivals, Cooking & Baking, Cooking Together, Everyday Use, Gray, Hostess Gift, Housewarming, Minimalist, Organic Modern, Scandinavian, seg:first-dinner-party, Self-Gift, Serving, SILICONA GRIS, Silicone, Silicone contact surfaces; stainless steel frame; slotted spatula heads, Spatula Tongs, Stainless steel, The Dinner Party, Wedding Season, Weekend Brunch, kit:eligible",Active
gray-silicone-spatula-with-acacia-handle,Gray Silicone Spatula with Acacia Handle,"Acacia, cat:kitchen, cat:new-arrivals, Cooking & Baking, Cooking Together, Everyday Use, Gifting, Graduation Season, Gray, Heat-resistant silicone; dishwasher-safe; acacia wood handle, Hostess Gift, Housewarming, Japandi, Minimalist, Mother's Day, Organic Modern, Self-Gift, SILICONA ACACIA, Silicone, Silicone Spatula, The Host's Touch, The Sunday Table, Wedding Season, kit:eligible",Active
gray-silicone-splatter-guard-12-2-in-pan-cover,"Gray Silicone Splatter Guard, 12.2 in Pan Cover","cat:kitchen, cat:new-arrivals, Cooking & Baking, Cooking Together, Dishwasher-safe, Everyday Use, Gifting, Gray, heat-resistant silicone, Hostess Gift, Housewarming, Minimalist, Organic Modern, Scandinavian, Self-Gift, Silicone, Splatter Guard, The Host's Touch, The Sunday Table, Wedding Season, kit:eligible",Active
gray-silicone-spoon-rest-for-stove,Gray Silicone Spoon Rest for Stove,"cat:kitchen, cat:new-arrivals, Christmas, Cooking & Baking, Cooking Together, Everyday Use, Gifting, Gray, Heat-resistant silicone; dishwasher-safe cleanup., Hostess Gift, Hostess Gifts, Housewarming, Minimalist, Organic Modern, Scandinavian, Self-Gift, SILICONA GRIS, Silicone, Spoon Rest, The Sunday Table, kit:eligible",Active
gray-silicone-spoon-with-acacia-wood-handle,Gray Silicone Spoon with Acacia Wood Handle,"Acacia, cat:kitchen, cat:new-arrivals, Cooking & Baking, Cooking Spoon, Cooking Together, Dishwasher-safe; heat-resistant silicone head., Everyday Use, Gray, Hostess Gift, Housewarming, Japandi, Minimalist, Organic Modern, Self-Gift, Serving, SILICONA ACACIA, Silicone, The Host's Touch, The Sunday Table, Wedding Season, kit:eligible",Active
gray-silicone-stainless-steel-kitchen-tongs,Gray Silicone & Stainless Steel Kitchen Tongs,"cat:kitchen, cat:new-arrivals, Cooking & Baking, Cooking Together, Dishwasher-safe; heat-resistant silicone tips., Everyday Use, Gray, Hostess Gift, Housewarming, Kitchen Tongs, Minimalist, Organic Modern, Scandinavian, Self-Gift, Serving, Silicone, Stainless steel, The Host's Touch, Wedding Season, Weekend Gatherings, kit:eligible",Active
gray-silicone-whisk-for-nonstick-cookware,Gray Silicone Whisk for Nonstick Cookware,"cat:kitchen, cat:new-arrivals, Cooking & Baking, Cooking Together, Everyday Use, Gifting, Graduation Season, Gray, Hostess Gift, Hostess Gifts, Housewarming, Minimalist, Nailon, Organic Modern, Scandinavian, Self-Gift, SILICONA GRIS, Silicone, Silicone and nylon construction; made for gentler contact with coated and nonstick cookware., The Sunday Table, Wedding Season, Whisk, kit:eligible",Active
gray-silicone-whisk-with-acacia-handle,Gray Silicone Whisk with Acacia Handle,"Acacia, Balloon Whisk, cat:kitchen, cat:new-arrivals, Christmas, Cooking & Baking, Cooking Together, Everyday Use, Gifting, Gray, Hostess Gift, Housewarming, Japandi, Minimalist, Organic Modern, seg:weeknight-ceremony, Self-Gift, SILICONA ACACIA, Silicone, Silicone-coated wires protect cookware; dishwasher-safe; acacia wood handle., Slow Mornings, Thanksgiving, The Host's Touch, kit:eligible",Active
gray-square-silicone-trivet,Gray Square Silicone Trivet,"cat:new-arrivals, cat:tabletop, Christmas, Cooking & Baking, Cooking Together, Everyday Use, Gray, Heat-resistant silicone; dishwasher-safe; flexible silicone pot holder function, Hostess Gift, Housewarming, Minimalist, Organic Modern, Scandinavian, seg:first-dinner-party, seg:the-full-table, Self-Gift, Serving, Silicone, Thanksgiving, The Dinner Party, The Host's Touch, Trivet, Wedding Season, kit:eligible",Active
gray-stainless-steel-kitchen-prep-tool-set-3-piece,"Gray Stainless Steel Kitchen Prep Tool Set, 3-Piece","cat:gifts, cat:kitchen, cat:new-arrivals, Cooking & Baking, Cooking Together, Everyday Use, Gifting, Graduation, Graduation Season, Gray, Housewarming, Kitchen Prep Tool Set, Minimalist, Organic Modern, Plastic, Scandinavian, seg:first-dinner-party, seg:weeknight-ceremony, Self-Gift, Stainless steel, Stainless steel cutting edges; compact 3-piece prep set, The Housewarming, The Thoughtful Thank-You, Wedding Season, kit:eligible",Active
gray-two-compartment-lunch-box,Gray Two-Compartment Lunch Box,"cat:kitchen, cat:new-arrivals, Coffee & Tea, Cooking Together, Everyday Celebrations, Everyday Use, Gifting, Graduation Season, Gray, Just Because, Lunch Box, Microwave-safe; dishwasher-safe on the top rack., Minimalist, Organic Modern, Polypropylene, RECIPIENTES DIVISION, Scandinavian, Self-Gift, Silicone, Thank-You, The Thoughtful Thank-You, kit:eligible",Active
gray-white-ceramic-cabinet-knobs-set-of-2,"Gray White Ceramic Cabinet Knobs, Set of 2","Cabinet Knob, cat:decor, cat:gifts, cat:new-arrivals, Ceramic, Ceramic and metal construction; matched set of 2, Classic/Heritage, Décor & Styling, Everyday Use, Gifting, Gray, Hostess Gift, Housewarming, Just Because, Metal, Organic Modern, seg:first-dinner-party, The Collected Home, The Host's Touch, The Housewarming, Wabi-Sabi, Wedding Season, White, kit:eligible",Active
gray-zebra-acrylic-tumblers-15-6-fl-oz-set-of-2,"Gray Zebra Acrylic Tumblers, 15.6 fl oz, Set of 2","Acrylic Tumbler, Bar & Barware, Break-resistant acrylic; set of 2 with generous 15.6 fl oz (460 mL) capacity, cat:gifts, cat:new-arrivals, cat:outdoor, Coastal, Entertaining, Fourth of July, Gray, Hostess Gift, Housewarming, Minimalist, Organic Modern, Outdoor & Patio, Outdoor Living, Poolside, seg:first-dinner-party, seg:season-opener, Self-Gift, Weekend Gatherings, ZEBRA, kit:eligible",Active
green-aluminum-lemon-squeezer,Green Aluminum Lemon Squeezer,"Aluminum, Aluminum construction; easy hand-wash care, Bar & Barware, cat:kitchen, cat:new-arrivals, Christmas, Cocktail Hour, Cooking & Baking, Cooking Together, Green, Hostess Gift, Housewarming, Lemon Squeezer, Minimalist, Organic Modern, seg:season-opener, Self-Gift, Thanksgiving, The Well-Set Bar, kit:eligible",Active
green-and-red-glass-taper-candle-holder-11-0-in,"Green and Red Glass Taper Candle Holder, 11.0 in","100% soda-lime glass; damp-wipe care with mild soap, Candlelit Dinners, cat:decor, cat:new-arrivals, Christmas, Classic/Heritage, Décor & Styling, Entertaining, Gifting, Glass, Green, Holiday Gift, Holiday Traditions, Hostess Gift, Housewarming, NOCHE BUENA SNOW, Organic Modern, seg:someone-in-mind, Sodalime, Taper Candle Holder, The Art of the Table, kit:eligible",Active
green-ceramic-coasters-set-of-4,Green Ceramic Coasters Set of 4,"100% ceramic; dishwasher- and microwave-safe; set of 4., cat:gifts, cat:new-arrivals, cat:tabletop, Ceramic, Coastal, Coaster, Cocktail Hour, Coffee & Tea, Entertaining, Everyday Use, Green, Hostess Gift, Housewarming, HUERTO VERDE, Organic Modern, seg:someone-in-mind, Thank-You, The Host's Touch, The Tea Ritual, Wabi-Sabi, Wedding Season, kit:eligible",Active
green-ceramic-leaf-serving-tray-13-9-in,"Green Ceramic Leaf Serving Tray, 13.9 in","cat:new-arrivals, cat:tabletop, Ceramic, Christmas, Coastal, Décor & Styling, Entertaining, Green, HOJALIA, Hostess Gift, Hostess Gifts, Housewarming, Microwave- and dishwasher-safe ceramic; not for oven use., Organic Modern, seg:the-full-table, Serving, Serving Tray, Thank-You, Thanksgiving, The Art of the Table, The Dinner Party, Wabi-Sabi, Wedding Season, kit:eligible",Active
green-ceramic-serving-pitcher,Green Ceramic Serving Pitcher,"100% ceramic; large 72.2 fl oz (2, 135 mL) capacity; green-and-white leaf relief, cat:new-arrivals, cat:tabletop, Ceramic, Entertaining, Gifting, Green, Hostess Gift, Housewarming, HUERTO VERDE, Mediterranean, Mother's Day, Organic Modern, seg:the-first-kitchen, Serving, Serving Pitcher, Thanksgiving, The Host's Touch, The Sunday Table, Wabi-Sabi, Wedding, Wedding Season, Weekend Brunch, kit:eligible",Active
green-ceramic-two-section-divided-serving-bowl,Green Ceramic Two-Section Divided Serving Bowl,"cat:new-arrivals, cat:tabletop, Ceramic, Christmas, Cocktail Hour, Dishwasher-safe and microwave-safe; 100% ceramic., Divided Serving Bowl, Entertaining, Gifting, Green, HOJALIA, Hostess Gift, Hostess Gifts, Housewarming, Minimalist, Organic Modern, seg:someone-in-mind, seg:the-full-table, Serving, Thank-You, Thanksgiving, The Dinner Party, Wabi-Sabi, Wedding Season, kit:eligible",Active
green-dot-glass-ornament-3-9-in,"Green Dot Glass Ornament, 3.9 in","A Gift with a Story, cat:decor, cat:new-arrivals, Christmas, Classic/Heritage, Décor & Styling, Gifting, Glass, Glass construction; dotted green surface; metal cap with hanging cord, Glass Ornament, Green, Holiday Gift, Holiday Traditions, Hostess Gift, Just Because, Metal, Minimalist, Organic Modern, seg:someone-in-mind, Special Occasion, The Collected Home, kit:eligible",Active
green-double-wall-stainless-steel-tumbler-10-8-fl-oz,"Green Double-Wall Stainless Steel Tumbler, 10.8 fl oz","As, cat:new-arrivals, cat:outdoor, Coffee & Tea, Double-wall stainless steel; AS plastic lid with silicone component., Everyday Use, Father's Day, Fourth of July, Green, Hostess Gift, Hostess Gifts, Insulated Tumbler, Minimalist, Organic Modern, Outdoor & Patio, Outdoor Living, Plastic, Scandinavian, Self-Gift, Silicone, Stainless steel, Thank-You, The Coffee Ritual, kit:eligible",Active
green-fringed-cotton-cloth-napkins-set-of-2,"Green Fringed Cotton Cloth Napkins, Set of 2","100% cotton; reusable; fringed edges; washable at up to 104°F (40°C), cat:gifts, cat:new-arrivals, cat:tabletop, Christmas, Cloth Napkin, Cotton, Entertaining, Everyday Use, Gifting, Green, Hostess Gift, Housewarming, Japandi, Just Because, Minimalist, Organic Modern, Thanksgiving, The Host's Touch, The Sunday Table, Wedding Season, Weekend Gatherings, kit:eligible",Active
green-garden-ceramic-bowl-set-7-in-set-of-4,"Green Garden Ceramic Bowl Set, 7 in, Set of 4","cat:gifts, cat:new-arrivals, cat:tabletop, Ceramic, Ceramic Bowl, Classic/Heritage, Entertaining, Everyday Use, Green, Hostess Gift, Housewarming, HUERTO VERDE, Microwave-safe; dishwasher-safe; 100% ceramic, Mother's Day, Organic Modern, seg:season-opener, seg:the-first-kitchen, seg:the-full-table, Serving, Thanksgiving, The Art of the Table, The Sunday Table, Wabi-Sabi, Wedding, Wedding Season, Weekend Gatherings, kit:eligible",Active
green-garden-ceramic-cheese-dome-6-9-in,"Green Garden Ceramic Cheese Dome, 6.9 in","100% ceramic; microwave- and dishwasher-safe., cat:gifts, cat:new-arrivals, cat:tabletop, Ceramic, Cheese Dome, Classic/Heritage, Cocktail Hour, Entertaining, Gifting, Green, Hostess Gift, Housewarming, HUERTO VERDE, Organic Modern, seg:season-opener, Serving, The Host's Touch, Wabi-Sabi, Wedding, Wedding Season, Wine Night, kit:eligible",Active
green-garden-ceramic-cup-saucer-set-7-4-fl-oz-set-of-2,"Green Garden Ceramic Cup & Saucer Set, 7.4 fl oz, Set of 2","cat:gifts, cat:new-arrivals, cat:tabletop, Ceramic, Christmas, Classic/Heritage, Coffee & Tea, Cup & Saucer Set, Entertaining, Gifting, Green, Hostess Gift, Housewarming, HUERTO VERDE, Japandi, Microwave-safe; dishwasher-safe, Mother's Day, Organic Modern, seg:someone-in-mind, seg:weeknight-ceremony, Thank-You, The Coffee Ritual, The Host's Touch, The Tea Ritual, Wedding Season, kit:eligible",Active
green-garden-ceramic-leaf-serving-tray,Green Garden Ceramic Leaf Serving Tray,"cat:new-arrivals, cat:tabletop, Ceramic, Classic/Heritage, Coastal, Easter, Entertaining, Gifting, Green, Hostess Gift, Housewarming, HUERTO VERDE, Microwave- and dishwasher-safe; 100% ceramic., Mother's Day, Organic Modern, seg:season-opener, Serving, Serving Tray, Thank-You, Thanksgiving, The Dinner Party, The Host's Touch, Weekend Gatherings, kit:eligible",Active
green-garden-ceramic-mini-bowl-3-1-in,"Green Garden Ceramic Mini Bowl, 3.1 in","100% ceramic, cat:new-arrivals, cat:tabletop, Ceramic, Cooking Together, dishwasher-safe, Everyday Use, Gifting, Green, Hostess Gift, Housewarming, HUERTO VERDE, Japandi, Just Because, Microwave-safe, Mini Bowl, Organic Modern, Serving, Thanksgiving, The Dinner Party, The Host's Touch, Wabi-Sabi, Wedding Season, kit:eligible",Active
green-garden-ceramic-salad-plates-set-of-4,"Green Garden Ceramic Salad Plates, Set of 4","cat:gifts, cat:new-arrivals, cat:tabletop, Ceramic, Coastal, Easter, Entertaining, Everyday Use, Garden Parties, Green, Hostess Gift, Housewarming, HUERTO VERDE, Microwave- and dishwasher-safe; 100% ceramic., Mother's Day, Organic Modern, Salad Plate, seg:the-first-kitchen, Serving, Thanksgiving, The Art of the Table, The Sunday Table, Wabi-Sabi, Wedding, kit:eligible",Active
green-garden-ceramic-serving-bowl,Green Garden Ceramic Serving Bowl,"cat:new-arrivals, cat:tabletop, Ceramic, Classic/Heritage, Easter, Entertaining, Garden Parties, Gifting, Green, Hostess Gift, Housewarming, HUERTO VERDE, Mediterranean, Microwave-safe and dishwasher-safe; 100% ceramic., Mother's Day, Organic Modern, Serving, Serving Bowl, Thanksgiving, The Art of the Table, The Sunday Table, Wedding, kit:eligible",Active
green-glass-artichoke-christmas-ornament,Green Glass Artichoke Christmas Ornament,"95% glass with 5% metal; metal hanging loop; dry-cloth care, A Gift with a Story, cat:decor, cat:new-arrivals, Christmas, Christmas Ornament, Classic/Heritage, Décor & Styling, Gifting, Glass, Green, Holiday Gift, Holiday Traditions, Hostess Gift, Metal, Minimalist, Objects with Stories, Organic Modern, seg:someone-in-mind, Special Occasion, Thank-You, kit:eligible",Active
green-leaf-acrylic-outdoor-tumbler-13-9-oz,"Green Leaf Acrylic Outdoor Tumbler, 13.9 oz","Acrylic, Acrylic Tumbler, cat:new-arrivals, cat:outdoor, Coastal, Entertaining, Everyday Use, Fourth of July, Green, Hostess Gift, Housewarming, Just Because, Minimalist, Organic Modern, Outdoor & Patio, Outdoor Living, Poolside, Shatter-resistant 100% acrylic; top-rack dishwasher-safe, Weekend Gatherings, kit:eligible",Active
green-leaf-ceramic-pinch-bowl-2-4-fl-oz,"Green Leaf Ceramic Pinch Bowl, 2.4 fl oz","cat:new-arrivals, cat:tabletop, Ceramic, Ceramic; microwave- and dishwasher-safe., Condiment Bowl, Entertaining, Everyday Beauty, Everyday Use, Green, HOJALIA, Hostess Gift, Housewarming, Japandi, Just Because, Organic Modern, Serving, The Art of the Table, The Host's Touch, Wabi-Sabi, Wedding Season, kit:eligible",Active
green-moss-mushroom-ornaments-set-of-4,"Green Moss Mushroom Ornaments, Set of 4","and foam construction; dry-cloth care., cat:decor, cat:gifts, cat:new-arrivals, Christmas, Décor & Styling, Espuma, Gifting, Hanging Ornament, Holiday Gift, Holiday Traditions, Hostess Gift, Housewarming, Musgo, Natural, Organic Modern, Papel, paper, Scandinavian, Seasonal Tables, seg:someone-in-mind, Set of 4; moss, Special Occasion, Thanksgiving, The Host's Touch, Wabi-Sabi, kit:eligible",Active
green-pine-cone-glass-ornament-3-9-in,"Green Pine Cone Glass Ornament, 3.9 in","95% glass with metal cap; dry-cloth care; raised molded texture, cat:decor, cat:new-arrivals, Christmas, Christmas Ornament, Classic/Heritage, Décor & Styling, Gifting, Glass, Green, Holiday Gift, Holiday Traditions, Hostess Gift, Hostess Gifts, Housewarming, Metal, Organic Modern, seg:someone-in-mind, Special Occasion, The Host's Touch, Wabi-Sabi, kit:eligible",Active
green-pineapple-glass-dinner-plate-10-2-in-26-cm,"Green Pineapple Glass Dinner Plate, 10.2 in (26 cm)","Birthday, cat:new-arrivals, cat:tabletop, Coastal, Dinner Plate, Dishwasher-safe soda-lime glass, Entertaining, Everyday Use, Glass, Hostess Gift, Housewarming, Mediterranean, Multicolor, Organic Modern, PINAS VERDE, Serving, Soda-lime, The Art of the Table, The Dinner Party, Wedding Season, Weekend Gatherings, kit:eligible",Active
green-pineapples-glass-side-plate-8-1-in-20-5-cm,"Green Pineapples Glass Side Plate, 8.1 in (20.5 cm)","cat:new-arrivals, cat:tabletop, Classic/Heritage, Coastal, Dishwasher-safe; 100% soda-lime glass, Entertaining, Everyday Use, Glass, Hostess Gift, Housewarming, Mother's Day, Multicolor, Organic Modern, PINAS VERDE, Serving, Side Plate, Soda-lime, Thank-You, The Dinner Party, The Host's Touch, Wedding Season, Weekend Brunch, kit:eligible",Active
green-silicone-popsicle-mold-with-reusable-sticks,Green Silicone Popsicle Mold with Reusable Sticks,"BASICS, cat:kitchen, cat:new-arrivals, Entertaining, Everyday Use, Flexible silicone release; reusable polypropylene sticks, Fourth of July, Gifting, Green, Hostess Gift, Housewarming, Ice Pop Mold, Minimalist, Organic Modern, Polypropylene, Poolside, Self-Gift, Silicone, Summer Entertaining, The Backyard BBQ, kit:eligible",Active
green-tree-glass-candle-holder-large,"Green Tree Glass Candle Holder, Large","100% soda-lime glass; indoor decorative use; hand wash recommended, Candle Holder, Candlelit Dinners, cat:decor, cat:new-arrivals, Christmas, Décor & Styling, Entertaining, Gifting, Glass, Green, Holiday Gift, Hostess Gift, Housewarming, Lime, Organic Modern, Scandinavian, Slow Evenings, Soda, Thanksgiving, The Host's Touch, Wabi-Sabi, kit:eligible",Active
green-tree-napkin-rings-set-of-4,"Green Tree Napkin Rings, Set of 4","Aleacion, cat:gifts, cat:new-arrivals, cat:tabletop, Christmas, Classic/Heritage, Dinner Party, Décor & Styling, Entertaining, Green, Holiday Gift, Holiday Traditions, Hostess Gift, Housewarming, Minimalist, Napkin Ring, Organic Modern, seg:the-full-table, Thanksgiving, The Art of the Table, The Sunday Table, Zinc, Zinc alloy construction; set of 4 for coordinated place settings, kit:eligible",Active
green-vegetable-peeler-with-stainless-steel-blade,Green Vegetable Peeler with Stainless Steel Blade,"BASICS, cat:kitchen, cat:new-arrivals, Cooking & Baking, Cooking Together, Everyday Use, Gifting, Green, Hostess Gift, Housewarming, Minimalist, Polypropylene, Recipes Worth Passing Down, Scandinavian, Self-Gift, Stainless steel, Stainless steel blade; lightweight polypropylene handle, The Housewarming, Vegetable Peeler, kit:eligible",Active
green-white-leaf-ceramic-vase,Green & White Leaf Ceramic Vase,"100% ceramic; raised leaf texture, cat:decor, cat:new-arrivals, Ceramic, Ceramic Vase, Décor & Styling, Flowers on the Table, Gifting, Green, Hostess Gift, Hostess Gifts, Housewarming, HUERTO VERDE, Mediterranean, Mother's Day, Organic Modern, Special Occasion, Thank-You, The Housewarming, Wabi-Sabi, Wedding Season, kit:eligible",Active
habitat-e-floral-porcelain-mug-14-5-fl-oz-430-ml,"Habitat E Floral Porcelain Mug, 14.5 fl oz (430 mL)","100% new bone china; 14.5 fl oz (430 mL) capacity; decorative letter E design, Birthday, Breakfast in Bed, cat:new-arrivals, cat:tabletop, Christmas, Classic/Heritage, Coffee & Tea, Everyday Use, Gifting, HABITAT, Hostess Gift, Mediterranean, Mother's Day, Mug, Multicolor, New Bone China, Organic Modern, Porcelain, seg:weeknight-ceremony, Thank-You, The Coffee Ritual, The Tea Ritual, kit:eligible",Active
habitat-j-14-5-oz-new-bone-china-floral-mug,Habitat J 14.5 oz New Bone China Floral Mug,"14.5 fl oz (430 mL) capacity; 100% new bone china porcelain, Breakfast in Bed, cat:new-arrivals, cat:tabletop, Classic/Heritage, Coffee & Tea, Coffee Mug, Everyday Use, Gifting, HABITAT, Hostess Gift, Housewarming, Just Because, Minimalist, Mother's Day, Multicolor, New Bone China, Organic Modern, Porcelain, seg:weeknight-ceremony, The Coffee Ritual, The Tea Ritual, kit:eligible",Active
habitat-k-floral-new-bone-china-mug-14-5-oz,"Habitat K Floral New Bone China Mug, 14.5 oz","Birthday, cat:new-arrivals, cat:tabletop, Christmas, Classic/Heritage, Coastal, Coffee & Tea, Everyday Use, Generous 14.5 fl oz (430 mL) capacity; new bone china with a personalized K monogram., Gifting, HABITAT, Just Because, Mother's Day, Mug, Multicolor, New Bone China, Organic Modern, Porcelain, Slow Mornings, Thank-You, The Coffee Ritual, The Tea Ritual, Valentine's Day, kit:eligible",Active
habitat-n-floral-porcelain-mug,Habitat N Floral Porcelain Mug,"Birthday, cat:new-arrivals, cat:tabletop, Christmas, Classic/Heritage, Coffee & Tea, Everyday Use, Gifting, HABITAT, Hostess Gift, Hostess Gifts, Mediterranean, Mother's Day, Mug, Multicolor, Multicolor floral N monogram; 100% new bone china, New Bone China, Organic Modern, Porcelain, seg:someone-in-mind, Thank-You, The Coffee Ritual, The Tea Ritual, kit:eligible",Active
habitat-p-floral-porcelain-monogram-mug,Habitat P Floral Porcelain Monogram Mug,"100% new bone china; personalized P monogram; 14.5 fl oz (430 mL) capacity, A Gift with a Story, Birthday, cat:new-arrivals, cat:tabletop, Christmas, Classic/Heritage, Coastal, Coffee & Tea, Everyday Use, Gifting, HABITAT, Hostess Gift, Mother's Day, Mug, Multicolor, New Bone China, Porcelain, seg:someone-in-mind, Thank-You, The Coffee Ritual, The Tea Ritual, kit:eligible",Active
habitat-s-multicolor-floral-porcelain-mug,Habitat S Multicolor Floral Porcelain Mug,"100% new bone china mug; generous 14.5 fl oz (430 mL) capacity, Breakfast in Bed, cat:new-arrivals, cat:tabletop, Christmas, Classic/Heritage, Coffee & Tea, Coffee Mug, Everyday Use, Gifting, HABITAT, Hostess Gift, Housewarming, Mother's Day, Multicolor, New Bone China, Organic Modern, Porcelain, seg:weeknight-ceremony, Self-Gift, The Coffee Ritual, The Tea Ritual, kit:eligible",Active
hanna-white-porcelain-salt-pepper-set,Hanna White Porcelain Salt & Pepper Set,"and oven-safe up to 356°F (180°C)., cat:gifts, cat:new-arrivals, cat:tabletop, Christmas, Entertaining, Everyday Celebrations, Everyday Use, HANNA, Hostess Gift, Hostess Gifts, Housewarming, Japandi, microwave-, Minimalist, Porcelain, Salt & Pepper Shaker Set, Scandinavian, seg:the-first-kitchen, Serving, Thanksgiving, The Sunday Table, Wedding, Wedding Season, White, White porcelain; dishwasher-, kit:eligible",Active
heart-shaped-carbon-steel-nonstick-egg-pan,Heart Shaped Carbon Steel Nonstick Egg Pan,"Al, Baquelita, Breakfast in Bed, Carbono, cat:kitchen, cat:new-arrivals, Classic/Heritage, Cooking & Baking, Everyday Use, Gifting, Gray, Hostess Gift, Housewarming, Just Because, Mini Frying Pan, Minimalist, Mother's Day, seg:weeknight-ceremony, Slow Mornings, Steel, Teflon nonstick coating; carbon steel pan with Bakelite handle, Valentine's Day, kit:eligible",Active
hera-white-porcelain-serving-bowl,Hera White Porcelain Serving Bowl,"and oven safe to 356°F (180°C) in white porcelain., cat:new-arrivals, cat:tabletop, Christmas, Dinner Party, dishwasher safe, Entertaining, HERA, Hostess Gift, Housewarming, Microwave safe, Minimalist, Organic Modern, Porcelain, Serving, Serving Bowl, Thanksgiving, The Dinner Party, The Sunday Table, Wabi-Sabi, Wedding, Wedding Season, Weekend Gatherings, White, kit:eligible",Active
herb-keeper-for-fresh-herb-storage,Herb Keeper for Fresh Herb Storage,"cat:kitchen, cat:new-arrivals, Clear, Cooking & Baking, Cooking Together, Everyday Use, Gifting, Herb Keeper, Hostess Gift, Housewarming, Keeps herbs fresh for up to 3 weeks; clear upright storage protects delicate leafy bunches, Minimalist, Mother's Day, Open-Door Hospitality, Organic Modern, Plastic, Scandinavian, Thank-You, Thanksgiving, The Sunday Table, White, kit:eligible",Active
hojalia-green-ceramic-divided-appetizer-plate,Hojalia Green Ceramic Divided Appetizer Plate,"cat:new-arrivals, cat:tabletop, Ceramic, Cocktail Hour, Dishwasher-safe and microwave-safe ceramic; two sections for keeping sauces and small bites separate., Divided Serving Plate, Entertaining, Gifting, Green, HOJALIA, Hostess Gift, Hostess Gifts, Housewarming, Japandi, Organic Modern, seg:someone-in-mind, Serving, Thank-You, Thanksgiving, The Host's Touch, Wabi-Sabi, Wedding Season, kit:eligible",Active
hojalia-green-ceramic-divided-plate,Hojalia Green Ceramic Divided Plate,"cat:new-arrivals, cat:tabletop, Ceramic, Christmas, Classic/Heritage, Cocktail Hour, Dishwasher-safe and microwave-safe ceramic; three divided sections., Divided Plate, Entertaining, Gifting, Green, HOJALIA, Holiday Gift, Hostess Gift, Housewarming, Organic Modern, Seasonal Tables, seg:someone-in-mind, seg:the-full-table, Serving, Thanksgiving, The Dinner Party, Wabi-Sabi, kit:eligible",Active
hojalia-green-ceramic-leaf-bowl-6-4-in-16-3-cm,"Hojalia Green Ceramic Leaf Bowl, 6.4 in (16.3 cm)","cat:new-arrivals, cat:tabletop, Ceramic, Coastal, Décor & Styling, Entertaining, Everyday Beauty, Green, HOJALIA, Hostess Gift, Housewarming, Microwave-safe; dishwasher-safe; 100% ceramic, Organic Modern, Serving, Serving Bowl, Thank-You, Thanksgiving, The Art of the Table, The Host's Touch, Wabi-Sabi, kit:eligible",Active
hojalia-green-ceramic-leaf-serving-tray,Hojalia Green Ceramic Leaf Serving Tray,"cat:new-arrivals, cat:tabletop, Ceramic, Christmas, Cocktail Hour, Dishwasher-safe and microwave-safe., Entertaining, Gifting, Green, HOJALIA, Hostess Gift, Housewarming, Japandi, Mother's Day, Organic Modern, seg:someone-in-mind, seg:the-full-table, Serving, Serving Tray, Thank-You, Thanksgiving, The Dinner Party, The Host's Touch, Wabi-Sabi, kit:eligible",Active
hojalia-green-ceramic-serving-pitcher,Hojalia Green Ceramic Serving Pitcher,"cat:new-arrivals, cat:tabletop, Ceramic, Classic/Heritage, Dishwasher-safe and microwave-safe 100% ceramic., Entertaining, Everyday Use, Green, HOJALIA, Hostess Gift, Housewarming, Mother's Day, Organic Modern, seg:season-opener, seg:the-first-kitchen, Serving, Serving Pitcher, Thanksgiving, The Host's Touch, The Sunday Table, Wabi-Sabi, Wedding, Wedding Season, Weekend Gatherings, kit:eligible",Active
holiday-snow-crownville-porcelain-salad-plates-set-of-2,"Holiday Snow Crownville Porcelain Salad Plates, Set of 2","cat:gifts, cat:new-arrivals, cat:tabletop, Christmas, Classic/Heritage, Entertaining, Gifting, Holiday Gift, Holiday Traditions, Hostess Gift, Hostess Gifts, Housewarming, Multicolor, NOCHE BUENA SNOW, Porcelain, Porcelain; dishwasher- and microwave-safe, Salad Plate, Scandinavian, seg:season-opener, seg:someone-in-mind, Serving, The Sunday Table, kit:eligible",Active
holiday-snow-porcelain-dinner-plates-set-of-2,"Holiday Snow Porcelain Dinner Plates, Set of 2","cat:gifts, cat:new-arrivals, cat:tabletop, Christmas, Classic/Heritage, Coastal, Dinner Party, Dinner Plate, Entertaining, Holiday Gift, Holiday Traditions, Hostess Gift, Housewarming, Microwave-safe porcelain; dishwasher-safe, Multicolor, NOCHE BUENA SNOW, Porcelain, Scandinavian, Seasonal Tables, seg:season-opener, Serving, The Art of the Table, kit:eligible",Active
holiday-snow-porcelain-mug-set-11-8-fl-oz-set-of-2,"Holiday Snow Porcelain Mug Set, 11.8 fl oz, Set of 2","cat:gifts, cat:new-arrivals, cat:tabletop, Christmas, Classic/Heritage, Coffee & Tea, Entertaining, Gifting, Holiday Gift, Holiday Traditions, Hostess Gift, Housewarming, Mug Set, Multicolor, NOCHE BUENA SNOW, Porcelain, Porcelain; microwave- and dishwasher-safe., Scandinavian, seg:weeknight-ceremony, The Coffee Ritual, The Tea Ritual, kit:eligible",Active
holiday-wine-glass-charms-set-of-6,"Holiday Wine Glass Charms, Set of 6","Aleacion, Bar & Barware, cat:bar-glassware, cat:gifts, cat:new-arrivals, Christmas, Classic/Heritage, Cocktail Hour, Entertaining, Gifting, Holiday Gift, Holiday Traditions, Hostess Gift, Housewarming, Multicolor, New Year, NOCHE BUENA SNOW, Scandinavian, seg:season-opener, Stainless steel, Stainless steel alloy; reusable drink identification, The Well-Set Bar, Wine Glass Charms, kit:eligible",Active
holly-napkin-rings-set-of-4-in-zinc-alloy,Holly Napkin Rings Set of 4 in Zinc Alloy,"100% zinc alloy; wipe clean with a soft, Aleacion, cat:gifts, cat:new-arrivals, cat:tabletop, Christmas, Classic/Heritage, Dinner Party, dry cloth, Décor & Styling, Entertaining, Green, Holiday Gift, Holiday Traditions, Hostess Gift, Housewarming, Napkin Ring, Organic Modern, seg:first-dinner-party, The Dinner Party, The Host's Touch, Zinc, kit:eligible",Active
huerto-verde-5-9-in-15-cm-ceramic-bowl-set-of-4,Huerto Verde 5.9 in (15 cm) Ceramic Bowl Set of 4,"cat:gifts, cat:new-arrivals, cat:tabletop, Ceramic, Easter, Entertaining, Everyday Use, Green, Hostess Gift, Housewarming, HUERTO VERDE, Mediterranean, Microwave-safe; dishwasher-safe; 100% ceramic, Mother's Day, Organic Modern, seg:first-dinner-party, seg:the-first-kitchen, seg:the-full-table, Serving, Small Bowl, Thanksgiving, The Art of the Table, The Dinner Party, Wabi-Sabi, Wedding, Weekend Brunch, kit:eligible",Active
huerto-verde-green-ceramic-charger-plate,Huerto Verde Green Ceramic Charger Plate,"cat:new-arrivals, cat:tabletop, Ceramic, Charger Plate, Dinner Party, Décor & Styling, Easter, Entertaining, Garden Parties, Green, Hostess Gift, Housewarming, HUERTO VERDE, Mediterranean, Microwave- and dishwasher-safe; 100% ceramic., Mother's Day, Organic Modern, Self-Gift, Thanksgiving, The Art of the Table, The Sunday Table, Wabi-Sabi, kit:eligible",Active
huerto-verde-green-ceramic-dinner-plates-set-of-2,"Huerto Verde Green Ceramic Dinner Plates, Set of 2","cat:gifts, cat:new-arrivals, cat:tabletop, Ceramic, Dinner Plate, Entertaining, Everyday Use, Green, Hostess Gift, Housewarming, HUERTO VERDE, Mediterranean, Microwave- and dishwasher-safe 100% ceramic, Mother's Day, Organic Modern, seg:season-opener, seg:the-first-kitchen, Serving, Thanksgiving, The Art of the Table, The Sunday Table, Wabi-Sabi, Wedding, Wedding Season, Weekend Gatherings, kit:eligible",Active
huerto-verde-green-ceramic-leaf-shaped-tray,Huerto Verde Green Ceramic Leaf-Shaped Tray,"100% ceramic; microwave- and dishwasher-safe., cat:new-arrivals, cat:tabletop, Ceramic, Décor & Styling, Entertaining, Green, Hostess Gift, Hostess Gifts, Housewarming, HUERTO VERDE, Mediterranean, Mother's Day, Organic Modern, Serving, Serving Tray, Thank-You, The Art of the Table, The Host's Touch, Wabi-Sabi, Wedding Season, kit:eligible",Active
ice-pine-tabletop-led-christmas-tree,Ice Pine Tabletop LED Christmas Tree,"Abeto, cat:decor, cat:new-arrivals, Chino, Christmas, Décor & Styling, Entertaining, Gifting, Green, Holiday Gift, Holiday Traditions, Hostess Gift, Housewarming, LED-lit; compact tabletop size, Minimalist, Organic Modern, Polietileno, Scandinavian, Seasonal Tables, Tabletop LED Tree, The Host's Touch, kit:eligible",Active
indigo-garden-ceramic-bowls-6-in-set-of-4,"Indigo Garden Ceramic Bowls, 6 in, Set of 4","Blue, cat:gifts, cat:new-arrivals, cat:tabletop, Ceramic, Cereal Bowl, Classic/Heritage, Coastal, Entertaining, Everyday Celebrations, Everyday Use, Hostess Gift, Housewarming, JARDIN INDIGO, Microwave-safe; dishwasher-safe; 100% ceramic., Organic Modern, seg:first-dinner-party, seg:the-first-kitchen, seg:the-full-table, Serving, The Dinner Party, The Sunday Table, Wedding, Wedding Season, kit:eligible",Active
indigo-garden-ceramic-cup-and-saucer-set-of-4,Indigo Garden Ceramic Cup and Saucer Set of 4,"Blue, cat:gifts, cat:new-arrivals, cat:tabletop, Ceramic, Christmas, Classic/Heritage, Coastal, Coffee & Tea, Cup and Saucer Set, Entertaining, Gifting, Hostess Gift, Housewarming, JARDIN INDIGO, Microwave-safe and dishwasher-safe; 100% ceramic., Mother's Day, Organic Modern, seg:someone-in-mind, seg:weeknight-ceremony, Slow Mornings, Thank-You, The Coffee Ritual, The Tea Ritual, Wedding Season, kit:eligible",Active
individual-induction-egg-pan-5-5-in,"Individual Induction Egg Pan, 5.5 in","Al, Baquelita, Black, Breakfast in Bed, Carbono, cat:kitchen, cat:new-arrivals, Cooking & Baking, Egg Pan, Everyday Use, Gifting, Graduation, Graduation Season, Housewarming, Induction-ready; Teflon nonstick coating; riveted bakelite handle, Minimalist, Organic Modern, seg:weeknight-ceremony, Self-Gift, Slow Mornings, Steel, The Coffee Ritual, kit:eligible",Active
iron-wire-plate-rack-in-chrome-silver,Iron Wire Plate Rack in Chrome Silver,"100% iron wire construction; chrome silver finish; protects porcelain while keeping it on display, Alambre, ALUMINIO PLATEADO, cat:kitchen, cat:new-arrivals, Classic/Heritage, Décor & Styling, Entertaining, Everyday Use, Hostess Gift, Housewarming, Iron, Minimalist, Organic Modern, Plate Rack, Silver, The Art of the Table, The Host's Touch, The Housewarming, Wedding, Wedding Season, kit:eligible",Active
irregular-acacia-wood-serving-bowl-9-8-in,"Irregular Acacia Wood Serving Bowl, 9.8 in","ACACIA, cat:new-arrivals, cat:tabletop, Christmas, Décor & Styling, Entertaining, Handmade; 100% wood, Hostess Gift, Housewarming, Minimalist, Natural, Organic Modern, Self-Gift, Serving, Serving Bowl, Thanksgiving, The Host's Touch, The Housewarming, Wabi-Sabi, Wedding Season, Weekend Gatherings, Wood, kit:eligible",Active
irregular-marble-look-cabinet-knobs-set-of-2,"Irregular Marble-Look Cabinet Knobs, Set of 2","Brass, Cabinet Knob, cat:decor, cat:gifts, cat:new-arrivals, Décor & Styling, Everyday Use, Gifting, Hostess Gift, Housewarming, Iron, Japandi, Marmol, Minimalist, Organic Modern, seg:first-dinner-party, Self-Gift, Set of 2; 70% brass and 30% iron construction; irregular marble-look face, The Collected Home, The Host's Touch, The Housewarming, kit:eligible",Active
ivory-aluminum-cookware-set-8-piece,"Ivory Aluminum Cookware Set, 8-Piece","Aluminum, cat:gifts, cat:kitchen, cat:new-arrivals, Cooking & Baking, Cooking Together, Cookware Set, Everyday Use, Gifting, Glass, Housewarming, Minimalist, Nonstick coating; aluminum construction for even cooking; glass lids, Organic Modern, Scandinavian, seg:the-first-kitchen, seg:weeknight-ceremony, Self-Gift, Stainless steel, The Housewarming, Wedding, Wedding Season, Weekend Gatherings, White, kit:eligible",Active
ivory-curved-sculptural-candle-3-in,"Ivory Curved Sculptural Candle, 3 in","50% soy wax blend, Candlelit Dinners, cat:home-fragrance, cat:new-arrivals, Cera, Christmas, Décor & Styling, Entertaining, Gifting, Hostess Gift, Housewarming, Ivory, Just Because, Minimalist, Mother's Day, Organic Modern, Paraffin, Sculptural Candle, seg:someone-in-mind, Slow Evenings, Soja, The Host's Touch, Unscented; 50% paraffin, Wabi-Sabi, Wedding Season, kit:eligible",Active
ivory-cyclone-unscented-sculptural-candle-3-5-in-9-cm,"Ivory Cyclone Unscented Sculptural Candle, 3.5 in (9 cm)","Candlelit Dinners, cat:home-fragrance, cat:new-arrivals, Cera, Christmas, CICLON, Décor & Styling, Entertaining, Gifting, Hostess Gift, Housewarming, Ivory, Japandi, Just Because, Minimalist, Organic Modern, Paraffin, Slow Evenings, Soja, Thanksgiving, The Host's Touch, Unscented Candle, Unscented; 50% paraffin and 50% soy wax blend, Valentine's Day, kit:eligible",Active
ivory-double-wall-insulated-bottle-25-4-fl-oz,"Ivory Double-Wall Insulated Bottle, 25.4 fl oz","BPA-free water bottle; double-wall insulated stainless steel, cat:new-arrivals, cat:outdoor, Everyday Use, Gifting, Graduation, Graduation Season, Housewarming, Insulated Water Bottle, Ivory, Japandi, Minimalist, Open-Door Hospitality, Outdoor & Patio, Outdoor Living, Polypropylene, Scandinavian, Self-Gift, Silicone, Stainless steel, The Overnight Guest, kit:eligible",Active
ivory-double-wall-travel-tumbler-13-5-fl-oz-400-ml,"Ivory Double-Wall Travel Tumbler, 13.5 fl oz (400 mL)","BPA-free; double-wall construction; stainless steel body with a fitted lid, cat:new-arrivals, cat:outdoor, Christmas, Coffee & Tea, Everyday Use, Father's Day, Hostess Gift, Ivory, Minimalist, Mother's Day, Organic Modern, Outdoor & Patio, Polypropylene, Resorte, Scandinavian, seg:weeknight-ceremony, Self-Gift, Silicone, Slow Mornings, Stainless steel, Thank-You, The Coffee Ritual, The Tea Ritual, Travel Tumbler, kit:eligible",Active
ivory-fluted-pillar-candle-5-5-in,"Ivory Fluted Pillar Candle, 5.5 in","Candlelit Dinners, cat:home-fragrance, cat:new-arrivals, Cera, Christmas, COLUMNA, Décor & Styling, Entertaining, Gifting, Hostess Gift, Housewarming, Ivory, Japandi, Minimalist, Organic Modern, Paraffin, Pillar Candle, Slow Evenings, Soja, Thank-You, Thanksgiving, The Host's Touch, Unscented; 50% paraffin and 50% soy wax blend, Wedding Season, kit:eligible",Active
ivory-paraffin-decorative-candle,Ivory Paraffin Decorative Candle,"Candlelit Dinners, cat:home-fragrance, cat:new-arrivals, Christmas, Décor & Styling, Entertaining, Gifting, Hostess Gift, Housewarming, Ivory, Ivory paraffin wax for indoor decorative use; compact scale for trays and candleholders., Just Because, Minimalist, Organic Modern, Paraffin, Plastic, Scented Candle, Slow Evenings, Thanksgiving, The Host's Touch, Wabi-Sabi, Wedding Season, kit:eligible",Active
ivory-ribbed-pillar-candle-8-3-in,"Ivory Ribbed Pillar Candle, 8.3 in","Candlelit Dinners, cat:home-fragrance, cat:new-arrivals, Cera, Christmas, Classic/Heritage, Décor & Styling, Entertaining, FRANJAS, Gifting, Hostess Gift, Housewarming, Ivory, Minimalist, Organic Modern, Paraffin, Pillar Candle, Slow Evenings, Soja, Thank-You, Thanksgiving, The Host's Touch, Unscented; 50/50 paraffin-soy wax; ribbed ivory surface, Wedding Season, kit:eligible",Active
ivory-ribbed-unscented-pillar-candle-9-4-in,"Ivory Ribbed Unscented Pillar Candle, 9.4 in","Candlelit Dinners, cat:home-fragrance, cat:new-arrivals, Cera, Christmas, COLUMNA, Décor & Styling, Entertaining, Gifting, Hostess Gift, Hostess Gifts, Housewarming, Ivory, Minimalist, Organic Modern, Paraffin, Pillar Candle, Scandinavian, seg:someone-in-mind, seg:the-full-table, Soja, Thank-You, Thanksgiving, The Dinner Party, Unscented; 50% paraffin and 50% soy wax; ribbed ivory surface., Wedding Season, kit:eligible",Active
ivory-roman-unscented-pillar-candle-5-9-in,"Ivory Roman Unscented Pillar Candle, 5.9 in","50% soy wax; fluted Roman form, Candlelit Dinners, cat:home-fragrance, cat:new-arrivals, Cera, Christmas, Classic/Heritage, Décor & Styling, Entertaining, Gifting, Hostess Gift, Housewarming, Ivory, Minimalist, Organic Modern, Paraffin, Pillar Candle, ROMANO, Soja, Thank-You, Thanksgiving, The Dinner Party, The Host's Touch, Unscented; 50% paraffin, Wedding Season, kit:eligible",Active
ivory-spiral-taper-candles-9-8-in-set-of-2,"Ivory Spiral Taper Candles, 9.8 in, Set of 2","Candlelit Dinners, cat:gifts, cat:home-fragrance, cat:new-arrivals, Cera, Christmas, Dinner Party, Décor & Styling, Entertaining, ESPIRAL, Hostess Gift, Housewarming, Ivory, Minimalist, Organic Modern, Paraffin, Scandinavian, seg:first-dinner-party, seg:the-full-table, Soja, Taper Candle, Thanksgiving, The Art of the Table, The Dinner Party, Unscented; 85% paraffin and 15% soy wax; sculptural spiral form, Wedding, Wedding Season, kit:eligible",Active
ivory-spiral-taper-candles-set-of-2,"Ivory Spiral Taper Candles, Set of 2","Candlelit Dinners, cat:gifts, cat:home-fragrance, cat:new-arrivals, Cera, Christmas, Classic/Heritage, Dinner Party, Décor & Styling, Entertaining, ESPIRAL, Hostess Gift, Housewarming, Ivory, Just Because, Minimalist, Paraffin, Scandinavian, seg:first-dinner-party, Soja, Taper Candle, Thanksgiving, The Dinner Party, The Host's Touch, Unscented; 80% paraffin and 20% soy wax blend; sculpted spiral form, Wedding Season, kit:eligible",Active
ivory-striped-pillar-candle-unscented-5-1-in-13-cm,"Ivory Striped Pillar Candle, Unscented, 5.1 in (13 cm)","Candlelit Dinners, cat:home-fragrance, cat:new-arrivals, Cera, Christmas, Classic/Heritage, Décor & Styling, Entertaining, FRANJAS, Gifting, Hostess Gift, Hostess Gifts, Housewarming, Ivory, Minimalist, Organic Modern, Paraffin, Pillar Candle, Soja, Thank-You, Thanksgiving, The Art of the Table, Unscented; 50% paraffin and 50% soy wax blend; ribbed ivory form, Wedding Season, kit:eligible",Active
ivory-striped-taper-candles-10-6-in-set-of-2,"Ivory Striped Taper Candles, 10.6 in, Set of 2","Candlelit Dinners, cat:gifts, cat:home-fragrance, cat:new-arrivals, Cera, Christmas, Classic/Heritage, Décor & Styling, Entertaining, Gifting, Hostess Gift, Housewarming, Ivory, Minimalist, Paraffin, Scandinavian, seg:first-dinner-party, seg:the-first-kitchen, seg:the-full-table, Soja, Taper Candle, Thanksgiving, The Dinner Party, The Host's Touch, Unscented; paraffin-soy wax blend; set of 2, Wedding, Wedding Season, kit:eligible",Active
ivory-taper-candles-set-of-2,"Ivory Taper Candles, Set of 2","Candlelit Dinners, cat:gifts, cat:home-fragrance, cat:new-arrivals, Christmas, Classic/Heritage, Dinner Party, Décor & Styling, Entertaining, Hostess Gift, Housewarming, Ivory, Ivory paraffin taper pair; boxed set of 2, Minimalist, Organic Modern, Paraffin, Plastic, seg:first-dinner-party, Taper Candle, Thank-You, Thanksgiving, The Dinner Party, The Host's Touch, Wedding Season, kit:eligible",Active
j-monogram-white-mug-for-coffee-and-tea,J Monogram White Mug for Coffee and Tea,"Birthday, cat:new-arrivals, cat:tabletop, Christmas, Classic/Heritage, Coffee & Tea, Everyday Use, Gifting, Housewarming, Microwave-safe; 100% new bone china porcelain, Minimalist, Mother's Day, Mug, MUG LETRAS BLANCO, New Bone China, Porcelain, Scandinavian, Thank-You, The Coffee Ritual, The Overnight Guest, The Tea Ritual, Wedding Season, White, kit:eligible",Active
jardin-indigo-blue-ceramic-bowl-7-9-in,"Jardin Indigo Blue Ceramic Bowl, 7.9 in","Blue, cat:new-arrivals, cat:tabletop, Ceramic, Classic/Heritage, Coastal, Entertaining, Everyday Use, Hostess Gift, Housewarming, JARDIN INDIGO, Microwave-safe; dishwasher-safe; 100% ceramic., Minimalist, seg:the-first-kitchen, Serving, Serving Bowl, Thanksgiving, The Art of the Table, The Sunday Table, Wedding, Wedding Season, Weekend Gatherings, kit:eligible",Active
jardin-indigo-blue-ceramic-dinner-plates-set-of-4,"Jardin Indigo Blue Ceramic Dinner Plates, Set of 4","Blue, cat:gifts, cat:new-arrivals, cat:tabletop, Ceramic, Classic/Heritage, Coastal, Dinner Party, Dinner Plate, Entertaining, Everyday Use, Hostess Gift, Hostess Gifts, Housewarming, JARDIN INDIGO, Microwave- and dishwasher-safe ceramic; set of 4 with four coordinated blue-and-white floral patterns, seg:the-first-kitchen, The Dinner Party, The Sunday Table, Wedding, Wedding Season, kit:eligible",Active
jardin-indigo-ceramic-salad-plates-8-5-in-set-of-4,"Jardin Indigo Ceramic Salad Plates, 8.5 in, Set of 4","Blue, cat:gifts, cat:new-arrivals, cat:tabletop, Ceramic, Christmas, Classic/Heritage, Coastal, Entertaining, Everyday Use, Hostess Gift, Housewarming, JARDIN INDIGO, Mediterranean, Microwave-safe and dishwasher-safe 100% ceramic; blue and white set of 4, Salad Plate, seg:the-first-kitchen, seg:the-full-table, Serving, Thanksgiving, The Art of the Table, The Sunday Table, Wedding, Wedding Season, Weekend Brunch, kit:eligible",Active
jardin-indigo-ceramic-serving-tray,Jardin Indigo Ceramic Serving Tray,"100% ceramic; microwave- and dishwasher-safe, Blue, cat:new-arrivals, cat:tabletop, Ceramic, Christmas, Classic/Heritage, Coastal, Entertaining, Gifting, Hostess Gift, Housewarming, JARDIN INDIGO, Mediterranean, seg:someone-in-mind, seg:the-full-table, Serving, Serving Tray, Thank-You, Thanksgiving, The Dinner Party, The Host's Touch, Wedding Season, Weekend Gatherings, kit:eligible",Active
julieta-porcelain-cup-and-saucer-set-8-pieces,"Julieta Porcelain Cup and Saucer Set, 8 Pieces","cat:gifts, cat:new-arrivals, cat:tabletop, Classic/Heritage, Coffee & Tea, Cup and Saucer Set, Entertaining, Gifting, Hostess Gift, Housewarming, Minimalist, Mother's Day, Porcelain, Porcelain; microwave-safe; dishwasher-safe, Scandinavian, Thank-You, The Coffee Ritual, The Host's Touch, The Tea Ritual, Wedding Season, White, kit:eligible",Active
jungle-animal-gift-wrap-sheets-set-of-250,"Jungle Animal Gift Wrap Sheets, Set of 250","250 pre-cut paper sheets; jungle animal print, cat:gifts, cat:new-arrivals, Christmas, Corporate/Client, Everyday Celebrations, Everyday Use, Gift Wrap Paper, Gifting, Holiday Gift, Hostess Gifts, Minimalist, Neutral, Organic Modern, Scandinavian, Self-Gift, Special Occasion, The Host's Touch, kit:eligible",Active
jungle-treasure-multicolor-paper-napkins-set-of-20,"Jungle Treasure Multicolor Paper Napkins, Set of 20","cat:gifts, cat:new-arrivals, cat:tabletop, Classic/Heritage, Cocktail Hour, Entertaining, Gifting, Hostess Gift, Housewarming, Just Because, Mediterranean, Multicolor, Organic Modern, Papel, Paper Napkins, seg:season-opener, seg:someone-in-mind, Serving, Set of 20 napkins; 100% paper; single-use cleanup., TESORO JUNGLA, The Host's Touch, Weekend Gatherings, kit:eligible",Active
jungle-treasure-porcelain-dinner-plates-10-8-in-27-5-cm-set-of-4,"Jungle Treasure Porcelain Dinner Plates, 10.8 in (27.5 cm), Set of 4","100% new bone china plates; set of 4 assorted multicolor designs, cat:gifts, cat:new-arrivals, cat:tabletop, Christmas, Classic/Heritage, Dinner Party, Dinner Plate, Entertaining, Hostess Gift, Housewarming, Multicolor, New Bone China, Organic Modern, Porcelain, seg:the-full-table, Serving, TESORO JUNGLA, Thanksgiving, The Art of the Table, The Dinner Party, The Sunday Table, Wedding, Wedding Season, kit:eligible",Active
jute-owl-figurine-natural-fiber-shelf-decor,"Jute Owl Figurine, Natural Fiber Shelf Decor","cat:decor, cat:new-arrivals, Décor & Styling, Everyday Use, Figurine, Gifting, Hierba, Hostess Gift, Hostess Gifts, Housewarming, Just Because, Minimalist, Natural, Natural grass texture; lightweight polyfoam form; easy dry-cloth care., Objects with Stories, Organic Modern, Poliespuma, seg:someone-in-mind, Thanksgiving, The Collected Home, Wabi-Sabi, kit:eligible",Active
k-monogram-porcelain-coffee-mug,K Monogram Porcelain Coffee Mug,"cat:new-arrivals, cat:tabletop, Christmas, Classic/Heritage, Coffee & Tea, Coffee Mug, Everyday Use, Gifting, Graduation Season, Hostess Gift, Housewarming, Just Because, Microwave-safe; 100% new bone china porcelain, Minimalist, MUG LETRAS BLANCO, New Bone China, Porcelain, The Coffee Ritual, The Overnight Guest, The Tea Ritual, Wedding Season, White, kit:eligible",Active
kioto-7-9-in-20-cm-porcelain-bowl-white,"Kioto 7.9 in (20 cm) Porcelain Bowl, White","100% porcelain in white., Bowl, cat:new-arrivals, cat:tabletop, Entertaining, Everyday Use, Hostess Gift, Housewarming, Japandi, KIOTO, Minimalist, Open-Door Hospitality, Organic Modern, Porcelain, seg:the-first-kitchen, seg:the-full-table, Serving, Thanksgiving, The Dinner Party, The Sunday Table, Wedding, Wedding Season, White, kit:eligible",Active
kioto-porcelain-dinner-plates-set-of-2-10-5-in-26-6-cm,"Kioto Porcelain Dinner Plates, Set of 2, 10.5 in (26.6 cm)","cat:gifts, cat:new-arrivals, cat:tabletop, Dinner Party, Dinner Plate, Everyday Celebrations, Everyday Use, Hostess Gift, Housewarming, Japandi, KIOTO, Minimalist, Porcelain, Scandinavian, Serving, Thanksgiving, The Dinner Party, The Sunday Table, Wedding, Wedding Season, White, White porcelain; set of 2 for two complete place settings, kit:eligible",Active
kioto-white-porcelain-bowls-set-of-2-6-7-in,"Kioto White Porcelain Bowls Set of 2, 6.7 in","Bowl, cat:gifts, cat:new-arrivals, cat:tabletop, Everyday Use, Gifting, Hostess Gift, Housewarming, Japandi, KIOTO, Minimalist, Open-Door Hospitality, Porcelain, Porcelain construction; 30.4 fl oz (900 mL) capacity per bowl, Scandinavian, seg:the-first-kitchen, Serving, Slow Mornings, The Sunday Table, Wedding, Wedding Season, White, kit:eligible",Active
kioto-white-porcelain-cup-and-saucer-set-8-pieces,"Kioto White Porcelain Cup and Saucer Set, 8 Pieces","cat:gifts, cat:new-arrivals, cat:tabletop, Christmas, Coffee & Tea, Cup and Saucer Set, Entertaining, Gifting, Hostess Gift, Housewarming, Japandi, KIOTO, Minimalist, Mother's Day, Porcelain, Scandinavian, seg:weeknight-ceremony, The Coffee Ritual, The Host's Touch, The Tea Ritual, Wedding, Wedding Season, White, White porcelain; four matched cup-and-saucer pairs; 8.5 fl oz (250 mL) capacity per cup., kit:eligible",Active
kioto-white-porcelain-salad-plates-set-of-4,"Kioto White Porcelain Salad Plates, Set of 4","cat:gifts, cat:new-arrivals, cat:tabletop, Entertaining, Everyday Use, Hostess Gift, Housewarming, Japandi, KIOTO, Minimalist, Porcelain, Porcelain; set of 4, Salad Plate, Scandinavian, seg:season-opener, seg:the-first-kitchen, Serving, Thanksgiving, The Art of the Table, The Sunday Table, Wedding, Wedding Season, Weekend Gatherings, White, kit:eligible",Active
kioto-white-porcelain-small-bowl-11-8-fl-oz,"Kioto White Porcelain Small Bowl, 11.8 fl oz","Bowl, cat:new-arrivals, cat:tabletop, Everyday Use, Gifting, Hostess Gift, Housewarming, Japandi, KIOTO, Minimalist, Organic Modern, Porcelain, Porcelain construction; 11.8 fl oz (350 mL) capacity., Serving, Thank-You, The Host's Touch, The Sunday Table, The Tea Ritual, Wedding Season, White, kit:eligible",Active
kitchen-meat-mallet-with-stainless-steel-handle,Kitchen Meat Mallet with Stainless Steel Handle,"Abs, Black, cat:kitchen, cat:new-arrivals, Cooking & Baking, Cooking Together, Double-sided flat and textured head; weighted design for boneless meats, Everyday Use, Gifting, Hostess Gift, Housewarming, Iron, Laminado, Meat Tenderizer, Minimalist, Organic Modern, Plastic, Recipes Worth Passing Down, Self-Gift, Silver, Stainless steel, The Housewarming, Wedding Season, kit:eligible",Active
klassik-porcelain-espresso-cup-and-saucer-set-8-piece,"Klassik Porcelain Espresso Cup and Saucer Set, 8-Piece","cat:gifts, cat:new-arrivals, cat:tabletop, Christmas, Classic/Heritage, Coffee & Tea, Espresso Cup & Saucer Set, Everyday Use, Gifting, Hostess Gift, Hostess Gifts, Housewarming, KLASSIK, Minimalist, Mother's Day, Porcelain, Porcelain; microwave- and dishwasher-safe, Scandinavian, seg:the-first-kitchen, seg:weeknight-ceremony, The Coffee Ritual, The Dinner Party, Wedding, Wedding Season, White, kit:eligible",Active
klassik-white-cereal-bowls-set-of-4,"Klassik White Cereal Bowls, Set of 4","cat:gifts, cat:new-arrivals, cat:tabletop, Cereal Bowl, Everyday Use, Gifting, Hostess Gift, Housewarming, Japandi, KLASSIK, Minimalist, Scandinavian, seg:the-first-kitchen, Serving, Set of 4; 23.7 fl oz (700 mL) capacity, Slow Mornings, The Housewarming, The Sunday Table, Wedding, Wedding Season, White, kit:eligible",Active
klassik-white-porcelain-cup-saucer-set-8-pieces,"Klassik White Porcelain Cup & Saucer Set, 8 Pieces","cat:gifts, cat:new-arrivals, cat:tabletop, Christmas, Classic/Heritage, Coffee & Tea, Cup and Saucer Set, Entertaining, Gifting, Hostess Gift, Housewarming, KLASSIK, Minimalist, Mother's Day, Porcelain, Porcelain; dishwasher-safe; microwave-safe, Scandinavian, The Coffee Ritual, The Tea Ritual, Wedding, Wedding Season, Weekend Brunch, White, kit:eligible",Active
klassik-white-porcelain-salad-plates-set-of-4,"Klassik White Porcelain Salad Plates, Set of 4","cat:gifts, cat:new-arrivals, cat:tabletop, Christmas, Classic/Heritage, Entertaining, Everyday Celebrations, Everyday Use, Hostess Gift, Housewarming, KLASSIK, Minimalist, Porcelain, Porcelain; microwave- and dishwasher-safe; set of 4, Salad Plate, Scandinavian, seg:first-dinner-party, seg:the-full-table, Serving, Thanksgiving, The Dinner Party, The Sunday Table, Wedding, Wedding Season, White, kit:eligible",Active
klassik-white-porcelain-set-of-4-dinner-plates,Klassik White Porcelain Set of 4 Dinner Plates,"cat:gifts, cat:new-arrivals, cat:tabletop, Christmas, Classic/Heritage, Dinner Party, Dinner Plate, Entertaining, Everyday Use, Hostess Gift, Housewarming, KLASSIK, Microwave-safe; dishwasher-safe, Minimalist, Porcelain, Scandinavian, seg:first-dinner-party, Thanksgiving, The Dinner Party, The Sunday Table, Wedding, Wedding Season, Weekend Gatherings, White, kit:eligible",Active
kora-16-piece-dinnerware-set-service-for-4,"Kora 16-Piece Dinnerware Set, Service for 4","BASICS, cat:gifts, cat:new-arrivals, cat:tabletop, Ceramic, Christmas, Dinner Party, Dinnerware Set, Entertaining, Everyday Celebrations, Everyday Use, Housewarming, Microwave- and dishwasher-safe; 100% ceramic, Minimalist, Multicolor, Organic Modern, Scandinavian, seg:first-dinner-party, seg:the-first-kitchen, Self-Gift, Thanksgiving, The Sunday Table, Wedding, Wedding Season, Weekend Gatherings, kit:eligible",Active
kraft-protocol-enclosure-cards-in-paper-bag,Kraft Protocol Enclosure Cards in Paper Bag,"A Gift with a Story, cat:gifts, cat:new-arrivals, Compact 3.9 x 2.4 in (10 x 6 cm) format; kraft paper bag for organized packaging, Corporate/Client, Décor & Styling, Entertaining, Gifting, Hostess Gift, Hostess Gifts, Kraft Brown, Minimalist, Organic Modern, Packaging Insert Card, Scandinavian, Thank-You, The Host's Touch, kit:eligible",Active
large-bamboo-serving-tray-with-handles,Large Bamboo Serving Tray with Handles,"100% bamboo; integrated cutout handles, Bamboo, BAMBU, cat:new-arrivals, cat:tabletop, Everyday Use, Gifting, Hostess Gift, Housewarming, Japandi, Minimalist, Mother's Day, Natural Wood, Open-Door Hospitality, Organic Modern, Serving, Serving Tray, Slow Mornings, Thank-You, Thanksgiving, The Tea Ritual, Wedding Season, kit:eligible",Active
large-clear-acrylic-pitcher-with-lid,Large Clear Acrylic Pitcher with Lid,"Acrylic, cat:new-arrivals, cat:outdoor, Classic/Heritage, Clear, Coastal, Entertaining, Fourth of July, GRAVUR, Hostess Gift, Housewarming, Impact-resistant acrylic and polystyrene; top-rack dishwasher-safe., Minimalist, Outdoor & Patio, Outdoor Living, Pitcher, Poliestireno, Poolside, Serving, Wedding, Wedding Season, Weekend Gatherings, kit:eligible",Active
large-glass-storage-jar-with-bamboo-lid-spoon,Large Glass Storage Jar with Bamboo Lid & Spoon,"Bamboo, BAMBU, cat:kitchen, cat:new-arrivals, Christmas, Clear, Coffee & Tea, Dishwasher-safe; attached bamboo spoon; clear glass body, Everyday Use, Glass, Hostess Gift, Housewarming, Japandi, Mother's Day, Open-Door Hospitality, Organic Modern, Scandinavian, seg:weeknight-ceremony, Serving, Storage Jar, Thank-You, Thanksgiving, The Coffee Ritual, The Tea Ritual, kit:eligible",Active
large-oval-stainless-steel-grater-with-rubber-handle,Large Oval Stainless Steel Grater with Rubber Handle,"Black, cat:kitchen, cat:new-arrivals, Caucho, Christmas, Classic/Heritage, Cooking & Baking, Cooking Together, Entertaining, Everyday Use, Grater, Hostess Gift, Housewarming, Minimalist, seg:first-dinner-party, Stainless steel, Stainless steel body; black rubber handle; curved blade, Thank-You, Thanksgiving, The Dinner Party, The Host's Touch, kit:eligible",Active
large-springform-pan-in-carbon-steel-10-2-in,"Large Springform Pan in Carbon Steel, 10.2 in","and dishwasher-safe carbon steel, Carbono, cat:kitchen, cat:new-arrivals, Christmas, Cooking & Baking, freezer-, Gifting, Hostess Gift, Housewarming, Minimalist, Mother's Day, Organic Modern, Recipes Worth Passing Down, Removable base; oven-, Scandinavian, Silver, Special Occasion, Springform Pan, Steel, Thanksgiving, The Gift That Becomes a Tradition, The Sunday Table, Wedding, kit:eligible",Active
large-white-ceramic-star-bowl,Large White Ceramic Star Bowl,"cat:new-arrivals, cat:tabletop, Ceramic, Christmas, Entertaining, Gifting, Holiday Traditions, Hostess Gift, Housewarming, Microwave-safe ceramic bowl; dishwasher-safe ceramic bowl, Minimalist, New Year, Organic Modern, Scandinavian, seg:the-full-table, Serving, Serving Bowl, Thanksgiving, The Dinner Party, The Host's Touch, Wedding, White, kit:eligible",Active
large-white-ceramic-storage-canister-with-rubberwood-lid,Large White Ceramic Storage Canister with Rubberwood Lid,"cat:kitchen, cat:new-arrivals, Caucho, Ceramic, CERAMICA Y MADERA, Christmas, Coffee & Tea, Dishwasher-safe; 80% ceramic with rubberwood lid, Everyday Use, Gifting, Hostess Gift, Housewarming, Japandi, Minimalist, Mother's Day, Organic Modern, seg:weeknight-ceremony, Self-Gift, Storage Canister, The Coffee Ritual, The Collected Home, The Tea Ritual, Wedding Season, White, Wood, kit:eligible",Active
leaves-design-borosilicate-tumblers-set-of-2,"Leaves Design Borosilicate Tumblers, Set of 2","Bar & Barware, Borosilicate glass; 19.3 fl oz (570 mL) capacity per glass; set of 2., cat:bar-glassware, cat:gifts, cat:new-arrivals, Christmas, Clear, Cocktail Hour, Everyday Use, Gifting, Glass, Hostess Gift, Hostess Gifts, Housewarming, Minimalist, Organic Modern, Scandinavian, seg:season-opener, seg:the-first-kitchen, The Well-Set Bar, Tumbler, Wedding, Wedding Season, gift-glass",Active
lemon-ceramic-salt-pepper-shakers-set-of-2,"Lemon Ceramic Salt & Pepper Shakers, Set of 2","cat:gifts, cat:new-arrivals, cat:tabletop, Caucho, Ceramic, Coastal, Entertaining, Everyday Use, Hostess Gift, Hostess Gifts, Housewarming, Lead- and cadmium-free certified; dishwasher-safe., LIMONES, Mediterranean, Mother's Day, Multicolor, Organic Modern, Salt & Pepper Shaker Set, Serving, Silicone, Thank-You, The Sunday Table, Wedding Season, Weekend Brunch, kit:eligible",Active
lemon-ceramic-serving-tray,Lemon Ceramic Serving Tray,"cat:new-arrivals, cat:tabletop, Ceramic, Certified lead- and cadmium-free; microwave- and dishwasher-safe, Coastal, Easter, Entertaining, Gifting, Hostess Gift, Hostess Gifts, Housewarming, Just Because, LIMONES, Mediterranean, Mother's Day, Multicolor, Organic Modern, Outdoor Living, Serving, Serving Tray, Wedding Season, Weekend Gatherings, kit:eligible",Active
lemon-collection-ceramic-pitcher-41-9-fl-oz,"Lemon Collection Ceramic Pitcher, 41.9 fl oz","cat:new-arrivals, cat:tabletop, Ceramic, Classic/Heritage, Easter, Entertaining, Everyday Use, Hostess Gift, Housewarming, LIMONES, Mediterranean, Microwave-safe; dishwasher-safe; lead-free ceramic serveware certified free of cadmium., Mother's Day, Multicolor, Organic Modern, Pitcher, Serving, The Host's Touch, The Sunday Table, Wedding Season, Weekend Gatherings, kit:eligible",Active
lemon-print-melamine-bowl-12-2-fl-oz-360-ml,"Lemon Print Melamine Bowl, 12.2 fl oz (360 mL)","100% melamine; top-rack dishwasher-safe, cat:new-arrivals, cat:outdoor, Coastal, Entertaining, Fourth of July, Hostess Gift, Housewarming, Just Because, LIMONES, Melamine, Melamine Bowl, Minimalist, Multicolor, Organic Modern, Outdoor & Patio, Outdoor Living, Poolside, seg:season-opener, Serving, Weekend Gatherings, kit:eligible",Active
lemon-shaped-melamine-serving-tray-11-x-8-in,"Lemon-Shaped Melamine Serving Tray, 11 x 8 in","100% melamine; top-rack dishwasher-safe, cat:new-arrivals, cat:outdoor, Coastal, Entertaining, Everyday Use, Fourth of July, Hostess Gift, Housewarming, Just Because, LIMONES, Melamine, Minimalist, Mother's Day, Multicolor, Organic Modern, Outdoor & Patio, Outdoor Living, Poolside, Serving Tray, The Backyard BBQ, Wedding Season, kit:eligible",Active
letter-b-white-porcelain-coffee-mug,Letter B White Porcelain Coffee Mug,"Birthday, cat:new-arrivals, cat:tabletop, Christmas, Classic/Heritage, Coffee & Tea, Coffee Mug, Everyday Use, Gifting, Housewarming, Microwave-safe; 100% new bone china porcelain., Minimalist, Mother's Day, MUG LETRAS BLANCO, New Bone China, Porcelain, Scandinavian, Thank-You, The Coffee Ritual, The Host's Touch, The Tea Ritual, White, kit:eligible",Active
levi-amber-acrylic-coffee-tumblers-set-of-2,"Levi Amber Acrylic Coffee Tumblers, Set of 2","Acrylic, Bar & Barware, Brown, cat:gifts, cat:new-arrivals, cat:outdoor, Classic/Heritage, Coastal, Cocktail Hour, Entertaining, Fourth of July, Hostess Gift, Housewarming, Just Because, LEVI, Lightweight acrylic and polystyrene; embossed brown finish; set of 2., Organic Modern, Outdoor & Patio, Outdoor Living, Poliestireno, seg:season-opener, The Well-Set Bar, Tumbler, Wedding Season, kit:eligible",Active
levi-brown-acrylic-stemmed-goblets-14-9-fl-oz-set-of-2,"Levi Brown Acrylic Stemmed Goblets, 14.9 fl oz, Set of 2","Acrylic, Acrylic and polystyrene construction; made for cold outdoor drinks., Acrylic Goblet, Brown, cat:gifts, cat:new-arrivals, cat:outdoor, Classic/Heritage, Coastal, Cocktail Hour, Entertaining, Fourth of July, Hostess Gift, Housewarming, LEVI, Mediterranean, Outdoor & Patio, Outdoor Living, Poliestireno, Poolside, seg:season-opener, Self-Gift, Wedding Season, kit:eligible",Active
lia-large-white-porcelain-serving-plate-14-7-in,"Lia Large White Porcelain Serving Plate, 14.7 in","and oven-safe., cat:new-arrivals, cat:tabletop, Christmas, Dinner Party, dishwasher-, Entertaining, Hostess Gift, Housewarming, Minimalist, Organic Modern, Porcelain, Porcelain; microwave-, seg:the-first-kitchen, seg:the-full-table, Serving, Serving Plate, Thanksgiving, The Dinner Party, The Host's Touch, Wabi-Sabi, Wedding, Wedding Season, Weekend Gatherings, White, kit:eligible",Active
lily-porcelain-cup-and-saucer-set-5-1-fl-oz-set-of-4,"Lily Porcelain Cup and Saucer Set, 5.1 fl oz, Set of 4","cat:gifts, cat:new-arrivals, cat:tabletop, Certified lead- and cadmium-free; microwave- and dishwasher-safe., Classic/Heritage, Coffee & Tea, Cup & Saucer Set, Entertaining, Gifting, Hostess Gift, Hostess Gifts, Housewarming, LILY, Mother's Day, Multicolor, Organic Modern, Porcelain, seg:someone-in-mind, seg:weeknight-ceremony, Thank-You, The Coffee Ritual, The Tea Ritual, Wedding Season, kit:eligible",Active
limonetta-ceramic-lemon-salad-plate-8-7-in,"Limonetta Ceramic Lemon Salad Plate, 8.7 in","Birthday, cat:new-arrivals, cat:tabletop, Ceramic, Classic/Heritage, Coastal, Easter, Entertaining, Everyday Use, Hostess Gift, Housewarming, LIMONETTA, Mediterranean, Microwave-safe; dishwasher-safe; 100% ceramic., Mother's Day, Salad Plate, Serving, The Art of the Table, The Sunday Table, Wedding Season, Weekend Brunch, White, Yellow, kit:eligible",Active
limonetta-ceramic-mug-and-saucer-set-of-2,Limonetta Ceramic Mug and Saucer Set of 2,"cat:gifts, cat:new-arrivals, cat:tabletop, Ceramic, Christmas, Classic/Heritage, Coastal, Coffee & Tea, Cup and Saucer Set, Everyday Use, Gifting, Hostess Gift, Housewarming, LIMONETTA, Microwave- and dishwasher-safe ceramic; set includes matching saucers, Mother's Day, Organic Modern, seg:someone-in-mind, seg:weeknight-ceremony, Thank-You, The Coffee Ritual, The Host's Touch, The Tea Ritual, Wedding Season, White, Yellow, kit:eligible",Active
line-16-piece-stainless-steel-flatware-set,Line 16-Piece Stainless Steel Flatware Set,"cat:gifts, cat:new-arrivals, cat:tabletop, Christmas, Dinner Party, Dishwasher-safe stainless steel; satin finish; complete service for 4, Entertaining, Everyday Celebrations, Everyday Use, Flatware Set, Hostess Gift, Housewarming, LINE, Minimalist, Organic Modern, Scandinavian, seg:first-dinner-party, Silver, Stainless steel, Thanksgiving, The Dinner Party, The Sunday Table, Wedding, Wedding Season, kit:eligible",Active
line-black-iron-wire-napkin-holder,Line Black Iron Wire Napkin Holder,"100% iron wire; compact open-frame design, Alambre, ALUMINIO NEGRO, Black, cat:new-arrivals, cat:tabletop, Christmas, Entertaining, Everyday Use, Hostess Gift, Housewarming, Iron, Minimalist, Napkin Holder, Organic Modern, Scandinavian, seg:first-dinner-party, seg:the-full-table, Serving, Thank-You, Thanksgiving, The Dinner Party, The Host's Touch, The Sunday Table, kit:eligible",Active
line-gold-iron-wire-napkin-holder,Line Gold Iron Wire Napkin Holder,"100% iron wire; compact upright profile, Alambre, ALUMINIO DORADO, Bar & Barware, Bauhaus, cat:new-arrivals, cat:tabletop, Christmas, Cocktail Hour, Entertaining, Gold, Hostess Gift, Housewarming, Iron, Minimalist, Napkin Holder, New Year, Organic Modern, seg:season-opener, Serving, Thank-You, Thanksgiving, The Host's Touch, Weekend Gatherings, kit:eligible",Active
line-silver-wire-napkin-holder,Line Silver Wire Napkin Holder,"100% iron wire; compact upright design, Alambre, ALUMINIO PLATEADO, cat:new-arrivals, cat:tabletop, Entertaining, Everyday Use, Hostess Gift, Housewarming, Iron, Minimalist, Napkin Holder, Organic Modern, Scandinavian, Serving, Silver, Thank-You, Thanksgiving, The Host's Touch, The Sunday Table, Wedding Season, Weekend Gatherings, kit:eligible",Active
lined-glass-oil-and-vinegar-dispenser-bottle,Lined Glass Oil and Vinegar Dispenser Bottle,"cat:kitchen, cat:new-arrivals, Christmas, Clear, Cooking & Baking, Cooking Together, Dishwasher-safe; clear soda-lime glass., Everyday Use, Glass, Hostess Gift, Housewarming, Metal, Minimalist, Oil and Vinegar Dispenser Bottle, Organic Modern, Scandinavian, Serving, Silicone, Sodalime, Thanksgiving, The Host's Touch, The Sunday Table, Wedding, Wedding Season, kit:eligible",Active
lines-blue-and-white-dinner-plate-10-6-in,"Lines Blue and White Dinner Plate, 10.6 in","100% porcelain New Bone China; open-stock single plate for replacement or set building, cat:new-arrivals, cat:tabletop, Christmas, Classic/Heritage, Coastal, Dinner Party, Dinner Plate, Entertaining, Everyday Use, Hostess Gift, Housewarming, LINEAS, Minimalist, New Bone China, Porcelain, Thanksgiving, The Art of the Table, The Sunday Table, Wedding, Wedding Season, Weekend Gatherings, White, kit:eligible",Active
lines-green-striped-porcelain-dinner-plate-10-6-in,"Lines Green Striped Porcelain Dinner Plate, 10.6 in","100% porcelain; New Bone China porcelain, cat:new-arrivals, cat:tabletop, Christmas, Classic/Heritage, Coastal, Dinner Party, Dinner Plate, Entertaining, Everyday Use, Hostess Gift, Housewarming, LINEAS, Mediterranean, New Bone China, Porcelain, Thanksgiving, The Art of the Table, The Sunday Table, Wedding, Wedding Season, Weekend Gatherings, White, kit:eligible",Active
log-style-bamboo-charger-plate-13-in-33-cm,"Log-Style Bamboo Charger Plate, 13 in (33 cm)","95% bamboo construction; reusable log-style presentation layer, Bamboo, cat:new-arrivals, cat:tabletop, Charger Plate, Christmas, Coastal, Dinner Party, Entertaining, Hostess Gift, Hostess Gifts, Housewarming, Multicolor, Organic Modern, Polypropylene, seg:the-first-kitchen, seg:the-full-table, Serving, Thanksgiving, The Art of the Table, The Dinner Party, Wabi-Sabi, Wedding, Wedding Season, kit:eligible",Active
long-bamboo-handle-bottle-cleaning-brush-16-5-in-42-cm,"Long Bamboo Handle Bottle Cleaning Brush, 16.5 in (42 cm)","16.5 in (42 cm) deep reach; bamboo handle with flexible iron core, ASEO BAMBU, Bamboo, Bottle Brush, cat:bath, cat:new-arrivals, Coffee & Tea, Everyday Beauty, Everyday Use, Gifting, Graduation Season, Hostess Gift, Housewarming, Iron, Japandi, Just Because, Minimalist, Natural Wood, Open-Door Hospitality, Organic Modern, Polypropylene, The Host's Touch, White, kit:eligible",Active
long-gray-silicone-oven-mitt-with-anti-slip-grip,Long Gray Silicone Oven Mitt with Anti-Slip Grip,"cat:kitchen, cat:new-arrivals, Christmas, Cooking & Baking, Cooking Together, Everyday Use, Gifting, Gray, Heat-resistant silicone; anti-slip grip; dishwasher-safe, Hostess Gift, Housewarming, Minimalist, Mother's Day, Organic Modern, Oven Mitt, Scandinavian, Self-Gift, SILICONA GRIS, Silicone, Thanksgiving, The Housewarming, The Sunday Table, kit:eligible",Active
lucca-acrylic-short-tumbler-14-fl-oz-white-and-clear,"Lucca Acrylic Short Tumbler, 14 fl oz, White and Clear","Acrylic, Bar & Barware, Bauhaus, cat:new-arrivals, cat:outdoor, Coastal, Cocktail Hour, Everyday Use, Fourth of July, Hostess Gift, Housewarming, Just Because, LUCCA, Minimalist, Outdoor & Patio, Outdoor Living, Poolside, seg:season-opener, Shatter-resistant tumbler; top-rack dishwasher-safe, Short Tumbler, Wedding Season, White, kit:eligible",Active
lumin-clear-glass-candle-holder-5-3-in-13-5-cm,"Lumin Clear Glass Candle Holder, 5.3 in (13.5 cm)","Candle Holder, Candlelit Dinners, cat:decor, cat:new-arrivals, Christmas, Classic/Heritage, Clear, Clear 100% sodalime glass; wipe-clean care with mild soap, Décor & Styling, Entertaining, Gifting, Glass, Hostess Gift, Housewarming, Just Because, Minimalist, Organic Modern, seg:the-full-table, Sodalime, Thanksgiving, The Dinner Party, The Host's Touch, Wedding Season, kit:eligible",Active
lustro-clear-glass-tumblers-17-9-fl-oz-set-of-2,"Lustro Clear Glass Tumblers, 17.9 fl oz, Set of 2","Bar & Barware, cat:bar-glassware, cat:gifts, cat:new-arrivals, Clear, Cocktail Hour, Dishwasher-safe; 100% soda-lime glass; clear finish, Entertaining, Everyday Use, Glass, Hostess Gift, Hostess Gifts, Housewarming, Just Because, Lima, LUSTRO, Minimalist, Organic Modern, Scandinavian, Soda, The Well-Set Bar, Tumbler, Wedding Season, gift-glass",Active
luz-de-pino-white-ceramic-serving-tray-12-in,"Luz de Pino White Ceramic Serving Tray, 12 in","cat:new-arrivals, cat:tabletop, Ceramic, Coastal, Cocktail Hour, Dinner Party, Entertaining, Hostess Gift, Hostess Gifts, Housewarming, LUZ DE PINO, Microwave- and dishwasher-safe ceramic, Minimalist, Organic Modern, Serving, Serving Tray, The Dinner Party, Wedding, Wedding Season, White, kit:eligible",Active
m-initial-mug-in-new-bone-china,M Initial Mug in New Bone China,"Birthday, cat:new-arrivals, cat:tabletop, Christmas, Classic/Heritage, Coffee & Tea, Everyday Use, Father's Day, Gifting, Hostess Gift, Housewarming, Microwave-safe; 100% new bone china porcelain, Minimalist, Mother's Day, Mug, MUG LETRAS BLANCO, New Bone China, Porcelain, The Coffee Ritual, The Overnight Guest, The Tea Ritual, White, kit:eligible",Active
magnetic-stainless-steel-mini-grater-black,"Magnetic Stainless Steel Mini Grater, Black","Bar & Barware, Black, Built-in magnet; stainless steel body; three blades, cat:kitchen, cat:new-arrivals, Caucho, Christmas, Cocktail Hour, Coffee & Tea, Everyday Use, Hostess Gift, Just Because, Mini Grater, Minimalist, Organic Modern, Scandinavian, seg:weeknight-ceremony, Self-Gift, Stainless steel, Thanksgiving, The Coffee Ritual, The Host's Touch, kit:eligible",Active
magnolia-flower-paper-napkins-set-of-20,"Magnolia Flower Paper Napkins, Set of 20","cat:gifts, cat:new-arrivals, cat:tabletop, Classic/Heritage, Coastal, Easter, Entertaining, Garden Parties, Gifting, Hostess Gift, Housewarming, Mother's Day, Organic Modern, Papel, Paper Napkins, Serving, Set of 20; disposable paper construction, Thank-You, The Host's Touch, Wedding Season, Weekend Brunch, White, kit:eligible",Active
mahogany-7-9-in-20-cm-aluminum-frying-pan,Mahogany 7.9 in (20 cm) Aluminum Frying Pan,"A Table for One, Alumino, Baquelita, Beige, CAOBA, cat:kitchen, cat:new-arrivals, Coated aluminum body; Bakelite handle., Cooking & Baking, Cooking Together, Everyday Use, Frying Pan, Gifting, Housewarming, Japandi, Minimalist, Organic Modern, seg:the-first-kitchen, Self-Gift, The Housewarming, Wedding, Wedding Season, kit:eligible",Active
mahogany-beige-nonstick-fry-pan-9-4-in-24-cm,"Mahogany Beige Nonstick Fry Pan, 9.4 in (24 cm)","Alumino, Baquelita, Beige, CAOBA, cat:kitchen, cat:new-arrivals, Cooking & Baking, Cooking Together, Everyday Use, Fry Pan, Gifting, Housewarming, Minimalist, Nonstick coated aluminum; bakelite handle, Organic Modern, Scandinavian, seg:the-first-kitchen, seg:weeknight-ceremony, Self-Gift, Slow Mornings, The Overnight Guest, Wedding, Wedding Season, kit:eligible",Active
mango-wood-calendar-perpetual-date-blocks,"Mango Wood Calendar, Perpetual Date Blocks","100% mango wood; reusable date display with no paper refills., Black, cat:decor, cat:new-arrivals, Christmas, Décor & Styling, Everyday Use, Gifting, Hostess Gift, Housewarming, Japandi, Minimalist, Natural, New Year, Organic Modern, Perpetual Calendar, Slow Mornings, Thank-You, The Coffee Ritual, The Collected Home, Wood, kit:eligible",Active
mango-wood-playing-card-game-set,Mango Wood Playing Card Game Set,"Brass, Card Game Set, cat:decor, cat:gifts, cat:new-arrivals, Christmas, Décor & Styling, Entertaining, Game Night, Gifting, Hostess Gift, Housewarming, Iron, Japandi, Just Because, Mango wood box with brass and iron details; compact lidded playing card storage, Minimalist, Natural, Organic Modern, seg:someone-in-mind, Thanksgiving, The Host's Touch, Weekend Gatherings, Wood, kit:eligible",Active
mango-wood-tic-tac-toe-game,Mango Wood Tic-Tac-Toe Game,"100% mango wood, Board Game, cat:decor, cat:new-arrivals, Christmas, Décor & Styling, Entertaining, Everyday Use, Father's Day, Game Night, Hostess Gift, Housewarming, Japandi, Just Because, Minimalist, Natural Wood, Organic Modern, seg:someone-in-mind, The Housewarming, Wedding Season, Weekend Gatherings, Wood, kit:eligible",Active
mango-wood-tic-tac-toe-game-27184,Mango Wood Tic-Tac-Toe Game,"100% polished mango wood; compact decorative tabletop game, Black, cat:decor, cat:new-arrivals, Décor & Styling, Entertaining, Everyday Use, Game Night, Graduation Season, Hostess Gift, Housewarming, Japandi, Just Because, Minimalist, Natural, Organic Modern, Pulido, The Collected Home, The Host's Touch, Tic-Tac-Toe Game, Wood, kit:eligible",Active
manual-coffee-grinder-with-container-set-black,"Manual Coffee Grinder with Container Set, Black","Black, CAFE, cat:gifts, cat:new-arrivals, cat:tabletop, Christmas, Coffee & Tea, cord-free grinding; separate lidded container, Everyday Use, Father's Day, Gifting, Hostess Gift, Hostess Gifts, Housewarming, Japandi, Manual, Manual Coffee Grinder, Minimalist, Mother's Day, Scandinavian, seg:weeknight-ceremony, Self-Gift, Slow Mornings, The Coffee Ritual, kit:eligible",Active
mar-antique-blue-13-in-charger-plate,Mar Antique Blue 13 in Charger Plate,"13 in (33 cm) service size; lightweight polypropylene with calcium powder; hand wash only, Blue, Calcio, Candlelit Dinners, cat:new-arrivals, cat:tabletop, Charger Plate, Christmas, Classic/Heritage, Coastal, Dinner Party, Décor & Styling, Entertaining, Hostess Gift, Housewarming, Organic Modern, Polvo, Polypropylene, Thanksgiving, The Art of the Table, The Dinner Party, Wedding, Wedding Season, kit:eligible",Active
marble-and-acacia-cheese-board-11-9-x-5-9-in-30-2-x-15-cm,"Marble and Acacia Cheese Board, 11.9 x 5.9 in (30.2 x 15 cm)","cat:new-arrivals, cat:tabletop, Cheese Board, Christmas, Cocktail Hour, Entertaining, Gifting, Hostess Gift, Hostess Gifts, Housewarming, Japandi, Marble, Minimalist, Natural marble with gray veining; acacia wood detail, Natural Wood, Organic Modern, seg:the-first-kitchen, Serving, Wedding, Wedding Season, Wine Night, Wood, kit:eligible",Active
marble-and-wood-picture-frame-10-2-in,"Marble and Wood Picture Frame, 10.2 in","A Gift with a Story, cat:decor, cat:new-arrivals, Christmas, Décor & Styling, Everyday Use, Gifting, Housewarming, Japandi, Minimalist, Mother's Day, Natural marble with wood accent; tabletop display, Organic Modern, Picture Frame, seg:the-first-kitchen, Thank-You, The Collected Home, The Housewarming, Wedding, Wedding Season, White marble and natural wood, kit:eligible",Active
marble-and-wood-picture-frame-8-3-in,"Marble and Wood Picture Frame, 8.3 in","A Gift with a Story, cat:decor, cat:new-arrivals, Christmas, Décor & Styling, Everyday Use, Gifting, Housewarming, Japandi, Marble and wood construction; freestanding tabletop display, Minimalist, Mother's Day, Natural Wood, Organic Modern, Picture Frame, seg:the-first-kitchen, Thank-You, The Collected Home, The Housewarming, Wedding, Wedding Season, White, kit:eligible",Active
marble-and-wood-striped-square-coaster,Marble and Wood Striped Square Coaster,"50% marble; protects tables from stains and scratches, 50% wood, Bar & Barware, cat:new-arrivals, cat:tabletop, Coaster, Cocktail Hour, Entertaining, Everyday Use, Hostess Gift, Housewarming, Japandi, Marble, Minimalist, Natural Wood, Organic Modern, Self-Gift, The Coffee Ritual, The Host's Touch, Wedding Season, Wood, kit:eligible",Active
marble-cake-stand-with-glass-dome,Marble Cake Stand with Glass Dome,"Cake Stand, cat:new-arrivals, cat:tabletop, Classic/Heritage, Entertaining, Gifting, Glass, Hostess Gift, Housewarming, Marble, Marble base; clear soda-lime glass dome; compact covered display, Minimalist, Mother's Day, Multicolor, Organic Modern, Serving, Sodalime, Thanksgiving, The Host's Touch, The Sunday Table, Wedding, Wedding Season, Weekend Brunch, kit:eligible",Active
marble-finish-salt-and-pepper-mill,Marble-Finish Salt and Pepper Mill,"Aluminum, cat:new-arrivals, cat:tabletop, Caucho, Christmas, Cooking Together, Everyday Use, Gifting, Hostess Gift, Hostess Gifts, Housewarming, Made for coarse salt and peppercorns; compact 1.1 oz (30 g) capacity, Minimalist, Natural Wood, Organic Modern, Plastic, Polypropylene, Salt & Pepper Mill, Scandinavian, Serving, Stainless steel, Thank-You, Thanksgiving, The Sunday Table, Wedding Season, Wood, kit:eligible",Active
marble-porcelain-salad-plates-set-of-4-8-3-in-21-cm,"Marble Porcelain Salad Plates, Set of 4, 8.3 in (21 cm)","cat:gifts, cat:new-arrivals, cat:tabletop, Christmas, Entertaining, Everyday Use, Gray, Hostess Gift, Hostess Gifts, Housewarming, MARMOL, Mediterranean, Microwave- and dishwasher-safe plates in porcelain; set of 4, Minimalist, Organic Modern, Porcelain, Salad Plate, seg:first-dinner-party, Serving, Thanksgiving, The Dinner Party, The Sunday Table, Wedding, Wedding Season, kit:eligible",Active
marble-wood-square-coaster,Marble & Wood Square Coaster,"50% marble; protects tables from stains and scratches, 50% wood, Bar & Barware, cat:new-arrivals, cat:tabletop, Christmas, Coaster, Entertaining, Everyday Use, Hostess Gift, Housewarming, Japandi, Marble, Minimalist, Natural Wood, Organic Modern, Thank-You, The Coffee Ritual, The Host's Touch, The Nightcap, Wedding Season, Wood, kit:eligible",Active
margarita-collection-floral-salad-plates-set-of-4,"Margarita Collection Floral Salad Plates, Set of 4","cat:gifts, cat:new-arrivals, cat:tabletop, Classic/Heritage, Coastal, Dishwasher-safe; certified lead- and cadmium-free to international standard, Dolomita, Easter, Entertaining, Garden Parties, Gifting, Hostess Gift, Hostess Gifts, Housewarming, MARGARITA, Mother's Day, Multicolor, Organic Modern, Salad Plate, seg:someone-in-mind, Serving, Thank-You, The Sunday Table, Wedding Season, kit:eligible",Active
margarita-cup-and-saucer-set-11-8-fl-oz-set-of-4,"Margarita Cup and Saucer Set, 11.8 fl oz, Set of 4","cat:gifts, cat:new-arrivals, cat:tabletop, Christmas, Classic/Heritage, Coastal, Coffee & Tea, Cup and Saucer Set, Dishwasher-safe; certified to an international lead- and cadmium-free standard., Dolomita, Entertaining, Gifting, Hostess Gift, Housewarming, MARGARITA, Mother's Day, Multicolor, Organic Modern, seg:someone-in-mind, seg:weeknight-ceremony, Thank-You, The Coffee Ritual, The Host's Touch, The Tea Ritual, Wedding Season, kit:eligible",Active
marine-glass-drink-charms-set-of-6,"Marine Glass Drink Charms, Set of 6","100% borosilicate glass; set of 6 distinct drink identifiers, Bar & Barware, cat:bar-glassware, cat:gifts, cat:new-arrivals, Christmas, Coastal, Cocktail Hour, Entertaining, Gifting, Glass, Hostess Gift, Housewarming, MARINO, Minimalist, Multicolor, New Year, Organic Modern, seg:first-dinner-party, seg:the-full-table, Thank-You, The Dinner Party, Wedding Season, Wine Glass Charms, Wine Night, kit:eligible",Active
marmol-gray-porcelain-bowl-set-5-9-in-set-of-4,"Marmol Gray Porcelain Bowl Set, 5.9 in, Set of 4","cat:gifts, cat:new-arrivals, cat:tabletop, Cereal Bowl, Entertaining, Everyday Use, Gray, Hostess Gift, Housewarming, MARMOL, Mediterranean, Microwave-safe and dishwasher-safe porcelain, Minimalist, Organic Modern, Porcelain, seg:the-first-kitchen, Serving, Slow Mornings, Thanksgiving, The Housewarming, The Sunday Table, Wedding, Wedding Season, kit:eligible",Active
marmol-porcelain-marble-dinner-plates-set-of-4,"Marmol Porcelain Marble Dinner Plates, Set of 4","cat:gifts, cat:new-arrivals, cat:tabletop, Dinner Party, Dinner Plate, Entertaining, Everyday Use, Gray, Hostess Gift, Housewarming, MARMOL, Mediterranean, Microwave- and dishwasher-safe porcelain; set of 4, Minimalist, Organic Modern, Porcelain, The Art of the Table, The Dinner Party, The Sunday Table, Wedding, Wedding Season, kit:eligible",Active
matte-black-cast-iron-rectangular-grill-pan,Matte Black Cast Iron Rectangular Grill Pan,"100% cast iron; induction-compatible; oven-safe., Black, cat:kitchen, cat:new-arrivals, Cooking & Baking, Cooking Together, Entertaining, Father's Day, Fundido, Gifting, Grill Pan, Hostess Gift, Housewarming, Iron, Japandi, Minimalist, Organic Modern, seg:the-first-kitchen, seg:weeknight-ceremony, The Dinner Party, Wedding, Wedding Season, Weekend Gatherings, kit:eligible",Active
matte-black-porcelain-bowl-4-3-in,"Matte Black Porcelain Bowl, 4.3 in","Black, Bowl, cat:new-arrivals, cat:tabletop, Christmas, Entertaining, Everyday Use, Hostess Gift, Housewarming, Japandi, Microwave- and dishwasher-safe porcelain, Minimalist, NEGRO MATE, Organic Modern, Porcelain, seg:the-full-table, Self-Gift, Serving, Thanksgiving, The Art of the Table, The Dinner Party, The Host's Touch, Wedding Season, kit:eligible",Active
matte-black-porcelain-bowls-set-of-4-20-3-fl-oz,"Matte Black Porcelain Bowls Set of 4, 20.3 fl oz","Black, Bowl, cat:gifts, cat:new-arrivals, cat:tabletop, Christmas, Entertaining, Everyday Celebrations, Everyday Use, Hostess Gift, Housewarming, Japandi, Microwave- and dishwasher-safe porcelain., Minimalist, NEGRO MATE, Organic Modern, Porcelain, seg:season-opener, seg:the-first-kitchen, seg:the-full-table, Serving, Thanksgiving, The Sunday Table, Wedding, Wedding Season, Weekend Gatherings, kit:eligible",Active
matte-black-porcelain-charger-plate-12-inch,"Matte Black Porcelain Charger Plate, 12 Inch","Black, Candlelit Dinners, cat:new-arrivals, cat:tabletop, Charger Plate, Christmas, Dinner Party, Décor & Styling, Entertaining, Hostess Gift, Housewarming, Japandi, Minimalist, NEGRO MATE, New Year, Organic Modern, Porcelain, Porcelain construction; matte black finish, seg:the-first-kitchen, seg:the-full-table, Thanksgiving, The Art of the Table, The Dinner Party, Wedding, kit:eligible",Active
matte-black-porcelain-coffee-mug,Matte Black Porcelain Coffee Mug,"Black, cat:new-arrivals, cat:tabletop, Christmas, Coffee & Tea, Everyday Use, Gifting, Graduation Season, Housewarming, Japandi, Matte black porcelain; microwave- and dishwasher-safe., Minimalist, Mother's Day, Mug, NEGRO MATE, Organic Modern, Porcelain, Self-Gift, Slow Mornings, Thank-You, The Coffee Ritual, The Tea Ritual, kit:eligible",Active
matte-black-porcelain-cup-saucer-set-8-piece,"Matte Black Porcelain Cup & Saucer Set, 8-Piece","Black, cat:gifts, cat:new-arrivals, cat:tabletop, Christmas, Coffee & Tea, Cup & Saucer Set, Entertaining, Gifting, Hostess Gift, Housewarming, Japandi, Microwave- and dishwasher-safe porcelain., Minimalist, Mother's Day, NEGRO MATE, Organic Modern, Porcelain, The Coffee Ritual, The Host's Touch, The Tea Ritual, Wedding, Wedding Season, kit:eligible",Active
matte-black-porcelain-dinner-plates-10-2-in-26-cm-set-of-4,"Matte Black Porcelain Dinner Plates, 10.2 in (26 cm), Set of 4","Black, cat:gifts, cat:new-arrivals, cat:tabletop, Christmas, Dinner Party, Dinner Plate, Entertaining, Everyday Use, Hostess Gift, Housewarming, Japandi, Microwave- and dishwasher-safe porcelain with a matte black finish., Minimalist, NEGRO MATE, Organic Modern, Porcelain, seg:the-full-table, Thanksgiving, The Art of the Table, The Dinner Party, The Sunday Table, Wedding, Wedding Season, kit:eligible",Active
matte-black-porcelain-oval-serving-tray,Matte Black Porcelain Oval Serving Tray,"Black, cat:new-arrivals, cat:tabletop, Cocktail Hour, Dishwasher-safe and microwave-safe porcelain., Entertaining, Gifting, Hostess Gift, Housewarming, Japandi, Minimalist, NEGRO MATE, Organic Modern, Porcelain, Serving, Serving Tray, The Dinner Party, The Host's Touch, Wedding, Wedding Season, kit:eligible",Active
matte-black-porcelain-ramekin,Matte Black Porcelain Ramekin,"Black, cat:new-arrivals, cat:tabletop, Christmas, Cooking Together, Entertaining, Everyday Use, Hostess Gift, Housewarming, Japandi, Microwave-safe porcelain; dishwasher-safe cleanup, Minimalist, NEGRO MATE, Organic Modern, Porcelain, Ramekin, seg:first-dinner-party, seg:the-full-table, Self-Gift, Serving, Thanksgiving, The Dinner Party, The Host's Touch, Wedding Season, kit:eligible",Active
matte-black-porcelain-salad-plates-set-of-4,Matte Black Porcelain Salad Plates Set of 4,"Black, cat:gifts, cat:new-arrivals, cat:tabletop, Entertaining, Everyday Celebrations, Everyday Use, Hostess Gift, Housewarming, Japandi, Minimalist, NEGRO MATE, Organic Modern, Porcelain, Porcelain; microwave- and dishwasher-safe, Salad Plate, Serving, The Dinner Party, The Sunday Table, Wedding, Wedding Season, kit:eligible",Active
matte-black-porcelain-soup-bowl-with-handle,Matte Black Porcelain Soup Bowl with Handle,"Black, cat:new-arrivals, cat:tabletop, Christmas, Entertaining, Everyday Use, Hostess Gift, Housewarming, Microwave- and dishwasher-safe porcelain, Minimalist, NEGRO MATE, Organic Modern, Porcelain, Self-Gift, Serving, Slow Evenings, Soup Bowl, Thanksgiving, The Dinner Party, The Sunday Table, Wabi-Sabi, kit:eligible",Active
matte-copper-stainless-steel-moscow-mule-mug,Matte Copper Stainless Steel Moscow Mule Mug,"100% stainless steel; 18.6 fl oz (550 mL) capacity, Bar & Barware, Birthday, cat:bar-glassware, cat:new-arrivals, Classic/Heritage, Cocktail Hour, Copper, Entertaining, Hostess Gift, Hostess Gifts, Housewarming, Mid-Century, Moscow Mule Mug, MOSCU, New Year, Organic Modern, seg:season-opener, Stainless steel, The Well-Set Bar, Wedding Season, kit:eligible",Active
matte-gold-metal-napkin-holder-for-table,Matte Gold Metal Napkin Holder for Table,"100% iron wire; compact freestanding design; wipe clean with a soft, Alambre, ALUMINIO DORADO, cat:new-arrivals, cat:tabletop, Christmas, Classic/Heritage, Cocktail Hour, dry cloth, Entertaining, Everyday Use, Gold, Hostess Gift, Housewarming, Iron, Minimalist, Napkin Holder, New Year, Open-Door Hospitality, Organic Modern, seg:season-opener, Serving, Thank-You, Thanksgiving, Weekend Gatherings, kit:eligible",Active
melamine-cocktail-plates-set-of-8,"Melamine Cocktail Plates, Set of 8","Bar & Barware, Birthday, cat:gifts, cat:new-arrivals, cat:outdoor, Coastal, Cocktail Hour, Cocktail Plate, Durable melamine; set of 8 with assorted multicolor cocktail artwork, Entertaining, Fourth of July, Hostess Gift, Housewarming, Mediterranean, Multicolor, Outdoor & Patio, Outdoor Living, seg:season-opener, The Well-Set Bar, Wedding Season, kit:eligible",Active
mila-beige-lunch-bag-with-zip-top,Mila Beige Lunch Bag with Zip Top,"A Gift with a Story, Beige, Birthday, cat:kitchen, cat:new-arrivals, Everyday Use, Gifting, Graduation Season, Lunch Bag, Minimalist, Organic Modern, Outdoor & Patio, Reusable design; zip-top closure, Scandinavian, Self-Gift, Slow Mornings, Thank-You, The Host's Touch, kit:eligible",Active
milan-gold-pvc-dining-table-placemat,Milan Gold PVC Dining Table Placemat,"100% PVC; wipe-clean surface, cat:new-arrivals, cat:tabletop, Christmas, Classic/Heritage, Dinner Party, Entertaining, Everyday Use, Gold, Holiday Gift, Holiday Traditions, Hostess Gift, Housewarming, MILAN, Minimalist, New Year, Organic Modern, Placemat, Pvc, seg:the-full-table, Thanksgiving, The Art of the Table, The Dinner Party, kit:eligible",Active
milano-collection-glass-cocktail-shaker-13-5-fl-oz,"Milano Collection Glass Cocktail Shaker, 13.5 fl oz","Bar & Barware, cat:bar-glassware, cat:new-arrivals, Christmas, Classic/Heritage, Clear, Clear soda-lime glass body; stainless steel top; compact 13.5 fl oz (400 mL) capacity, Cocktail Hour, Cocktail Shaker, Entertaining, Glass, Hostess Gift, Housewarming, Lime, Minimalist, New Year, seg:season-opener, Self-Gift, Soda, Stainless steel, The Nightcap, The Well-Set Bar, Wedding Season, kit:eligible",Active
milano-double-wall-stainless-steel-ice-bucket,Milano Double-Wall Stainless Steel Ice Bucket,"Bar & Barware, cat:bar-glassware, cat:new-arrivals, Cocktail Hour, Double-wall stainless steel construction; fitted lid and arched carry handle, Entertaining, Gray, Hostess Gift, Housewarming, Ice Bucket, Japandi, MILANO, Minimalist, New Year, Organic Modern, seg:season-opener, Stainless steel, The Dinner Party, The Well-Set Bar, Wedding, Wedding Season, kit:eligible",Active
milano-round-woven-paper-placemat-brown-fringe,"Milano Round Woven Paper Placemat, Brown Fringe","100% paper; wipe-clean care with a soft cloth, Brown, cat:new-arrivals, cat:tabletop, Christmas, Coastal, Décor & Styling, Entertaining, Everyday Use, Hostess Gift, Housewarming, Japandi, Organic Modern, Papel, Placemat, Self-Gift, Thanksgiving, The Art of the Table, The Sunday Table, Wedding Season, Weekend Gatherings, kit:eligible",Active
milano-stainless-steel-cocktail-shaker-25-4-fl-oz,"Milano Stainless Steel Cocktail Shaker, 25.4 fl oz","100% stainless steel; 25.4 fl oz (750 mL) capacity, Bar & Barware, Bauhaus, cat:bar-glassware, cat:new-arrivals, Cocktail Hour, Cocktail Shaker, Entertaining, Father's Day, Gray, Hostess Gift, Housewarming, MILANO, Minimalist, New Year, seg:season-opener, Self-Gift, Stainless steel, The Nightcap, The Well-Set Bar, Wedding Season, kit:eligible",Active
mini-artificial-pine-tree-with-jute-base-7-9-in,"Mini Artificial Pine Tree with Jute Base, 7.9 in","Abeto, Artificial Tree, cat:decor, cat:new-arrivals, Chino, Christmas, Classic/Heritage, Décor & Styling, Gifting, Green, Holiday Gift, Holiday Traditions, Hostess Gift, Indoor artificial pine tree; compact footprint; dry-cloth care, Just Because, Jute, Organic Modern, Polietileno, Scandinavian, Seasonal Tables, Special Occasion, The Host's Touch, kit:eligible",Active
mini-bamboo-serving-board-with-handle,Mini Bamboo Serving Board with Handle,"100% bamboo; compact handled shape for small portions and easy passing, Bamboo, BAMBU, Carbonizado, cat:new-arrivals, cat:tabletop, Christmas, Cocktail Hour, Entertaining, Gifting, Hostess Gift, Hostess Gifts, Housewarming, Japandi, Minimalist, Organic Modern, seg:someone-in-mind, seg:the-full-table, Serving, Serving Board, Thank-You, Thanksgiving, The Dinner Party, Wedding Season, kit:eligible",Active
mini-bamboo-tabletop-broom-and-dustpan-set,Mini Bamboo Tabletop Broom and Dustpan Set,"ASEO BAMBU, Bamboo, Bamboo handle with polypropylene pan and PET bristles; compact two-piece set for tabletop and desk cleanup, Beige, cat:bath, cat:gifts, cat:new-arrivals, Décor & Styling, Entertaining, Everyday Beauty, Everyday Use, Hostess Gift, Housewarming, Japandi, Just Because, Mini Tabletop Broom and Dustpan Set, Mother's Day, Open-Door Hospitality, Organic Modern, Pet, Polietileno, Polypropylene, Scandinavian, seg:first-dinner-party, Tereftalato, The Host's Touch, Wedding Season, kit:eligible",Active
mini-frosted-artificial-pine-tree-5-9-in,"Mini Frosted Artificial Pine Tree, 5.9 in","Abeto, Artificial Christmas Tree, cat:decor, cat:new-arrivals, Chino, Christmas, Compact indoor scale; polyethylene branches with Chinese fir base., Décor & Styling, Entertaining, Gifting, Green, Holiday Gift, Holiday Traditions, Hostess Gift, Just Because, Minimalist, Organic Modern, Polietileno, Scandinavian, Seasonal Tables, The Host's Touch, kit:eligible",Active
mini-gray-silicone-pastry-brush,Mini Gray Silicone Pastry Brush,"cat:kitchen, cat:new-arrivals, Cooking & Baking, Cooking Together, Everyday Use, Gifting, Gray, Heat-resistant silicone; dishwasher-safe., Hostess Gift, Hostess Gifts, Housewarming, Minimalist, Organic Modern, Pastry Brush, Scandinavian, Self-Gift, SILICONA GRIS, Silicone, Thanksgiving, Wedding Season, Weekend Brunch, kit:eligible",Active
mini-gray-silicone-spatula,Mini Gray Silicone Spatula,"100% silicone; dishwasher-safe; high-temperature resistant., cat:kitchen, cat:new-arrivals, Cooking & Baking, Cooking Together, Everyday Celebrations, Everyday Use, Gifting, Graduation Season, Gray, Hostess Gift, Housewarming, Just Because, Mini Spatula, Minimalist, Mother's Day, Organic Modern, Scandinavian, SILICONA GRIS, Silicone, The Sunday Table, Wedding Season, kit:eligible",Active
mini-potted-ice-pine-artificial-tree,Mini Potted Ice Pine Artificial Tree,"Artificial Christmas Tree, cat:decor, cat:new-arrivals, Christmas, Compact tabletop size; dry-cloth care for indoor use, Décor & Styling, Gifting, Green, Holiday Gift, Holiday Traditions, Hostess Gift, Minimalist, Organic Modern, Papel, Polietileno, Polifoam, Scandinavian, Seasonal Tables, Self-Gift, Special Occasion, The Host's Touch, kit:eligible",Active
mini-white-porcelain-3-fl-oz-creamer-pitcher,Mini White Porcelain 3 fl oz Creamer Pitcher,"cat:new-arrivals, cat:tabletop, Christmas, Classic/Heritage, Coffee & Tea, Creamer Pitcher, Everyday Use, Hostess Gift, Housewarming, Minimalist, Porcelain, Porcelain; dishwasher- and microwave-safe, Scandinavian, seg:weeknight-ceremony, Serving, Thank-You, The Coffee Ritual, The Tea Ritual, Wedding Season, Weekend Brunch, White, kit:eligible",Active
mini-white-porcelain-creamer-pitcher-1-4-fl-oz-40-ml,"Mini White Porcelain Creamer Pitcher, 1.4 fl oz (40 mL)","cat:new-arrivals, cat:tabletop, Christmas, Classic/Heritage, Coffee & Tea, Creamer Pitcher, Dishwasher-safe; microwave-safe; porcelain resists odors and flavor transfer, Entertaining, Hostess Gift, Housewarming, Minimalist, Mother's Day, Porcelain, Scandinavian, seg:weeknight-ceremony, Serving, Thank-You, Thanksgiving, The Coffee Ritual, The Host's Touch, The Tea Ritual, White, kit:eligible",Active
monogram-p-white-porcelain-mug,Monogram P White Porcelain Mug,"100% new bone china; Microwave-safe, cat:new-arrivals, cat:tabletop, Christmas, Classic/Heritage, Coffee & Tea, Coffee Mug, Everyday Use, Gifting, Hostess Gift, Housewarming, Just Because, Minimalist, Mother's Day, MUG LETRAS BLANCO, New Bone China, Porcelain, Scandinavian, The Coffee Ritual, The Overnight Guest, The Tea Ritual, White, kit:eligible",Active
multicolor-borosilicate-glass-coffee-spoons-set-of-4,"Multicolor Borosilicate Glass Coffee Spoons, Set of 4","100% borosilicate glass; dishwasher-safe., cat:gifts, cat:new-arrivals, cat:tabletop, Christmas, Coffee & Tea, Coffee Spoon, Entertaining, Gifting, Glass, Holiday Gift, Holiday Traditions, Hostess Gift, Housewarming, Minimalist, Multicolor, NOCHE BUENA SNOW, Organic Modern, Scandinavian, The Coffee Ritual, The Tea Ritual, kit:eligible",Active
multicolor-ceramic-condiment-spoon,Multicolor Ceramic Condiment Spoon,"100% ceramic; microwave- and dishwasher-safe., cat:new-arrivals, cat:tabletop, Ceramic, Coffee & Tea, Condiment Spoon, Gifting, Hostess Gift, Housewarming, Just Because, Minimalist, Multicolor, NAHUA, Organic Modern, seg:weeknight-ceremony, Serving, The Art of the Table, The Host's Touch, The Tea Ritual, Wabi-Sabi, Wedding Season, kit:eligible",Active
multicolor-glass-christmas-tree-candle-holder,Multicolor Glass Christmas Tree Candle Holder,"100% borosilicate glass, Candlelit Dinners, cat:decor, cat:new-arrivals, Christmas, Classic/Heritage, Décor & Styling, Entertaining, Glass, Holiday Gift, Holiday Traditions, Hostess Gift, Housewarming, Multicolor, Organic Modern, Scandinavian, Special Occasion, Taper Candle Holder, Thanksgiving, The Host's Touch, kit:eligible",Active
multicolor-glass-christmas-tree-taper-candle-holder,Multicolor Glass Christmas Tree Taper Candle Holder,"100% borosilicate glass; wipe-clean care, Candlelit Dinners, cat:decor, cat:new-arrivals, Christmas, Décor & Styling, Entertaining, Gifting, Glass, Holiday Gift, Holiday Traditions, Hostess Gift, Housewarming, Minimalist, Multicolor, Organic Modern, Scandinavian, Taper Candle Holder, The Host's Touch, kit:eligible",Active
multicolor-new-bone-china-creamer-pitcher,Multicolor New Bone China Creamer Pitcher,"100% new bone china creamer; 12.8 fl oz (380 mL) capacity, Bauhaus, cat:new-arrivals, cat:tabletop, Christmas, Coffee & Tea, CONTRASTE, Creamer Pitcher, Entertaining, Hostess Gift, Housewarming, Minimalist, Mother's Day, Multicolor, New Bone China, Organic Modern, Porcelain, seg:weeknight-ceremony, Serving, Thank-You, Thanksgiving, The Coffee Ritual, The Tea Ritual, Weekend Brunch, kit:eligible",Active
mushroom-lidded-mug,Mushroom Lidded Mug,"cat:new-arrivals, cat:tabletop, Christmas, Coffee & Tea, Everyday Use, Gifting, Holiday Gift, Hostess Gift, Hostess Gifts, Microwave-safe and dishwasher-safe; generous 13.2 fl oz (390 mL) capacity, Mug with Lid, Multicolor, New Bone China, Organic Modern, Porcelain, Scandinavian, seg:weeknight-ceremony, Self-Gift, The Coffee Ritual, The Tea Ritual, Wabi-Sabi, kit:eligible",Active
mushroom-napkins-set-of-20,"Mushroom Napkins, Set of 20","100% paper; multicolor mushroom print; set of 20, cat:gifts, cat:new-arrivals, cat:tabletop, Classic/Heritage, Entertaining, Gifting, Hostess Gift, Housewarming, Just Because, Multicolor, Organic Modern, Papel, Paper Napkins, Serving, Thanksgiving, The Host's Touch, The Sunday Table, Wabi-Sabi, Weekend Gatherings, kit:eligible",Active
nahua-ceramic-dinner-plates-set-of-2,"Nahua Ceramic Dinner Plates, Set of 2","100% ceramic; microwave- and dishwasher-safe; set of 2, cat:gifts, cat:new-arrivals, cat:tabletop, Ceramic, Christmas, Dinner Plate, Entertaining, Everyday Use, Hostess Gift, Housewarming, Minimalist, Multicolor, NAHUA, Organic Modern, seg:first-dinner-party, seg:the-full-table, Serving, Thanksgiving, The Art of the Table, The Dinner Party, The Sunday Table, Wabi-Sabi, Wedding, Wedding Season, kit:eligible",Active
nahua-ceramic-serving-tray,Nahua Ceramic Serving Tray,"cat:new-arrivals, cat:tabletop, Ceramic, Christmas, Entertaining, Gifting, Hostess Gift, Housewarming, Microwave-safe serving platter with dishwasher-safe cleanup; 100% ceramic., Minimalist, Multicolor, NAHUA, Organic Modern, seg:the-first-kitchen, Serving, Serving Tray, Thanksgiving, The Dinner Party, The Host's Touch, Wabi-Sabi, Wedding, Wedding Season, Weekend Gatherings, kit:eligible",Active
nativo-gold-round-pvc-placemat,Nativo Gold Round PVC Placemat,"100% PVC; low-profile 0.04 in (0.1 cm) thickness, cat:new-arrivals, cat:tabletop, Christmas, Classic/Heritage, Dinner Party, Entertaining, Everyday Use, Gold, Holiday Gift, Holiday Traditions, Hostess Gift, Housewarming, Minimalist, New Year, Organic Modern, Placemat, Pvc, Thanksgiving, The Dinner Party, The Sunday Table, kit:eligible",Active
natural-acacia-serving-board-with-handle,Natural Acacia Serving Board with Handle,"ACACIA, Acacia wood; handled shape with hanging hole, cat:new-arrivals, cat:tabletop, Cocktail Hour, Entertaining, Gifting, Hostess Gift, Hostess Gifts, Housewarming, Japandi, Minimalist, Natural, Organic Modern, Serving, Serving Board, The Dinner Party, Wedding, Wedding Season, Wood, kit:eligible",Active
natural-bamboo-egg-holder,Natural Bamboo Egg Holder,"100% bamboo; upright support for boiled eggs; hand-wash care, Bamboo, BAMBU, Breakfast in Bed, cat:new-arrivals, cat:tabletop, Easter, Egg Cup, Everyday Use, Gifting, Hostess Gift, Housewarming, Japandi, Just Because, Minimalist, Mother's Day, Natural, Organic Modern, Serving, Slow Mornings, The Sunday Table, kit:eligible",Active
natural-bamboo-ladle-9-1-in-23-cm,"Natural Bamboo Ladle, 9.1 in (23 cm)","100% bamboo; compact 1.3 fl oz (38 mL) bowl, Bamboo, BAMBU, cat:new-arrivals, cat:tabletop, Cooking & Baking, Cooking Together, Everyday Use, Hostess Gift, Housewarming, Japandi, Just Because, Minimalist, Natural, Organic Modern, Serving, Soup Ladle, Thanksgiving, The Host's Touch, The Sunday Table, kit:eligible",Active
natural-bamboo-napkin-holder,Natural Bamboo Napkin Holder,"100% bamboo; compact upright storage, Bamboo, BAMBU, cat:new-arrivals, cat:tabletop, Entertaining, Everyday Use, Hostess Gift, Housewarming, Japandi, Just Because, Minimalist, Mother's Day, Napkin Holder, Natural, Open-Door Hospitality, Organic Modern, Serving, Thanksgiving, The Host's Touch, Wedding Season, Weekend Brunch, kit:eligible",Active
natural-bamboo-paper-towel-holder,Natural Bamboo Paper Towel Holder,"98% bamboo with 2% iron; compact freestanding footprint, Bamboo, BAMBU, cat:kitchen, cat:new-arrivals, Cooking & Baking, Cooking Together, Everyday Use, Gifting, Hostess Gift, Housewarming, Iron, Japandi, Natural, Open-Door Hospitality, Organic Modern, Paper Towel Holder, Scandinavian, Self-Gift, The Host's Touch, kit:eligible",Active
natural-bamboo-salt-pepper-shaker-set,Natural Bamboo Salt & Pepper Shaker Set,"Bamboo, Bamboo and PVC construction; includes 1 salt shaker and 1 pepper shaker; hand wash only., BAMBU, cat:gifts, cat:new-arrivals, cat:tabletop, Christmas, Everyday Celebrations, Everyday Use, Gifting, Hostess Gift, Hostess Gifts, Housewarming, Japandi, Minimalist, Natural, Organic Modern, Pvc, Salt & Pepper Shaker Set, Serving, Thank-You, Thanksgiving, The Sunday Table, kit:eligible",Active
natural-bamboo-serving-tongs-11-8-in,"Natural Bamboo Serving Tongs, 11.8 in","Acrylic, Bamboo, BAMBU, cat:new-arrivals, cat:tabletop, Christmas, Entertaining, Everyday Use, Hostess Gift, Housewarming, Iron, Japandi, Just Because, MDF, Minimalist, Natural, Organic Modern, seg:first-dinner-party, Serving, Serving Tongs, Sustainable bamboo construction; gentle grip for delicate foods, Thanksgiving, The Host's Touch, The Tea Ritual, Wedding Season, Weekend Brunch, Wood, kit:eligible",Active
natural-bamboo-tea-organizer-with-4-compartments,Natural Bamboo Tea Organizer with 4 Compartments,"Bamboo, BAMBU, cat:kitchen, cat:new-arrivals, Christmas, Coffee & Tea, Décor & Styling, Four compartments; 90% bamboo construction, Gifting, Hanukkah, Hostess Gift, Hostess Gifts, Housewarming, Japandi, MDF, Minimalist, Mother's Day, Natural, Organic Modern, Tea Box, Thank-You, The Overnight Guest, The Tea Ritual, Wood, kit:eligible",Active
natural-bamboo-whisk-for-matcha,Natural Bamboo Whisk for Matcha,"100% bamboo; natural color, A Gift with a Story, Bamboo, BAMBU, cat:new-arrivals, cat:tabletop, Christmas, Coffee & Tea, Everyday Use, Gifting, Hostess Gift, Japandi, Matcha Whisk, Minimalist, Mother's Day, Natural, Organic Modern, seg:weeknight-ceremony, Self-Gift, Slow Mornings, Thank-You, The Tea Ritual, kit:eligible",Active
natural-birch-wood-mushroom-decorative-object-5-9-in-15-cm,"Natural Birch Wood Mushroom Decorative Object, 5.9 in (15 cm)","Abedul, cat:decor, cat:new-arrivals, Corteza, Decorative Object, Décor & Styling, Gifting, Hostess Gift, Housewarming, Just Because, Macizo, Natural, Organic Modern, Poliespuma, Scandinavian, Seasonal Tables, Solid birch wood with natural bark texture; wipe gently with a dry cloth., Special Occasion, Thanksgiving, The Collected Home, The Host's Touch, Wabi-Sabi, Wood, kit:eligible",Active
natural-grass-bear-figurine,Natural Grass Bear Figurine,"cat:decor, cat:new-arrivals, Christmas, Decorative Figurine, Décor & Styling, Everyday Use, Gifting, Hierba, Hostess Gift, Housewarming, Just Because, Natural, Natural fiber texture; compact shelf-ready scale., Objects with Stories, Organic Modern, Poliespuma, Scandinavian, seg:someone-in-mind, Thanksgiving, The Collected Home, The Housewarming, Wabi-Sabi, kit:eligible",Active
natural-grass-fox-figurine,Natural Grass Fox Figurine,"cat:decor, cat:new-arrivals, Christmas, Decorative Figurine, Décor & Styling, Everyday Use, Gifting, Hierba, Hostess Gift, Housewarming, Just Because, Natural, Organic Modern, Poliespuma, Scandinavian, Seasonal Tables, seg:someone-in-mind, Textured grass surface; lightweight polyfoam form; dry-cloth care., Thanksgiving, The Host's Touch, The Housewarming, Wabi-Sabi, kit:eligible",Active
natural-grass-hanging-bear-ornament,Natural Grass Hanging Bear Ornament,"A Gift with a Story, cat:decor, cat:new-arrivals, Christmas, Décor & Styling, Gifting, Hanging Ornament, Hierba, Holiday Gift, Holiday Traditions, Hostess Gift, Natural, Natural grass texture; lightweight polyfoam form, Organic Modern, Poliespuma, Scandinavian, seg:someone-in-mind, Special Occasion, Thank-You, The Host's Touch, Wabi-Sabi, kit:eligible",Active
natural-grass-hanging-owl-ornament-4-3-in-11-cm,"Natural Grass Hanging Owl Ornament, 4.3 in (11 cm)","cat:decor, cat:new-arrivals, Christmas, Décor & Styling, Gifting, Hanging Ornament, Hierba, Holiday Gift, Holiday Traditions, Hostess Gift, Just Because, Natural, Natural grass texture; lightweight polyfoam form, Organic Modern, Poliespuma, Scandinavian, Seasonal Tables, seg:someone-in-mind, Special Occasion, Thanksgiving, The Collected Home, Wabi-Sabi, kit:eligible",Active
natural-grass-owl-figurine-7-9-in,"Natural Grass Owl Figurine, 7.9 in","cat:decor, cat:new-arrivals, Decorative Figurine, Décor & Styling, Everyday Use, Gifting, Halloween, Hierba, Hostess Gift, Housewarming, Just Because, Natural, Natural grass texture; lightweight polyfoam form; wipe gently with a dry cloth., Objects with Stories, Organic Modern, Poliespuma, Scandinavian, seg:someone-in-mind, Thanksgiving, The Collected Home, The Host's Touch, Wabi-Sabi, kit:eligible",Active
natural-grass-reindeer-hanging-ornament-5-1-in,"Natural Grass Reindeer Hanging Ornament, 5.1 in","A Gift with a Story, cat:decor, cat:new-arrivals, Christmas, Décor & Styling, Gifting, Hanging Ornament, Hierba, Holiday Gift, Holiday Traditions, Hostess Gift, Lightweight hanging design; natural grass texture, Natural, Organic Modern, Poliespuma, Scandinavian, Seasonal Tables, Special Occasion, Thank-You, Wabi-Sabi, kit:eligible",Active
natural-grass-squirrel-figurine-6-3-in,"Natural Grass Squirrel Figurine, 6.3 in","cat:decor, cat:new-arrivals, Decorative Figurine, Décor & Styling, Entertaining, Gifting, Hierba, Holiday Gift, Hostess Gift, Housewarming, Natural, Natural grass surface; lightweight polyfoam form, Organic Modern, Poliespuma, Scandinavian, Seasonal Tables, Thanksgiving, The Host's Touch, Wabi-Sabi, kit:eligible",Active
natural-grass-squirrel-figurine-8-3-in,"Natural Grass Squirrel Figurine, 8.3 in","cat:decor, cat:new-arrivals, Decorative Figurine, Décor & Styling, Gifting, Harvest Table, Hierba, Hostess Gift, Housewarming, Natural, Organic Modern, Poliespuma, Scandinavian, Seasonal Tables, seg:someone-in-mind, Special Occasion, Textured grass exterior; lightweight polyfoam form; wipes clean with a dry cloth, Thank-You, Thanksgiving, The Collected Home, Wabi-Sabi, kit:eligible",Active
natural-jute-knot-napkin-rings-set-of-4,"Natural Jute Knot Napkin Rings, Set of 4","cat:gifts, cat:new-arrivals, cat:tabletop, Christmas, Coastal, Dinner Party, Décor & Styling, Easter, Entertaining, Hostess Gift, Housewarming, Jute, Napkin Ring, Natural, Natural jute; dry-wipe care, Organic Modern, seg:first-dinner-party, seg:the-full-table, Thank-You, Thanksgiving, The Dinner Party, The Host's Touch, The Sunday Table, Wabi-Sabi, kit:eligible",Active
natural-jute-owl-decorative-figurine,Natural Jute Owl Decorative Figurine,"40% grass and 60% polyfoam; wipe clean with a dry cloth, cat:decor, cat:new-arrivals, Decorative Figurine, Décor & Styling, Everyday Use, Gifting, Halloween, Hierba, Hostess Gift, Housewarming, Just Because, Natural, Organic Modern, Poliespuma, Scandinavian, Seasonal Tables, Thanksgiving, The Collected Home, The Host's Touch, Wabi-Sabi, kit:eligible",Active
natural-pine-cone-hanging-ornament,Natural Pine Cone Hanging Ornament,"80% pine cone; ready-to-hang indoor decor; wipes clean with a damp cloth, Brown, cat:decor, cat:new-arrivals, Christmas, Classic/Heritage, Cono, Décor & Styling, Gifting, Hanging Ornament, Holiday Gift, Holiday Traditions, Hostess Gift, Just Because, Organic Modern, Plastic, Seasonal Tables, seg:someone-in-mind, Special Occasion, Thanksgiving, The Host's Touch, Wabi-Sabi, kit:eligible",Active
natural-round-corn-husk-placemat,Natural Round Corn Husk Placemat,"100% corn husk; cleans with a soft cloth, cat:new-arrivals, cat:tabletop, Coastal, Décor & Styling, Entertaining, Everyday Use, Hoja, Hostess Gift, Housewarming, Just Because, Maiz, Natural, Organic Modern, Placemat, Thanksgiving, The Host's Touch, The Sunday Table, Wabi-Sabi, Wedding Season, Weekend Gatherings, kit:eligible",Active
natural-water-hyacinth-picture-frame-9-1-x-7-1-in-23-x-18-cm,"Natural Water Hyacinth Picture Frame, 9.1 x 7.1 in (23 x 18 cm)","cat:decor, cat:new-arrivals, Christmas, Coastal, Décor & Styling, Everyday Use, Gifting, Hostess Gift, Housewarming, Jacinto, Madera Contrachapada, Metal, Mother's Day, Natural, Natural water hyacinth with metal and plywood construction; compact tabletop scale., Objects with Stories, Organic Modern, Picture Frame, Thank-You, The Collected Home, The Housewarming, Wabi-Sabi, Wedding Season, kit:eligible",Active
natural-wood-bead-garland-with-cotton-tassels,Natural Wood Bead Garland with Cotton Tassels,"cat:decor, cat:new-arrivals, Christmas, Coastal, Cotton, Decorative Garland, dry cloth, Décor & Styling, Entertaining, Gifting, Hostess Gift, Housewarming, Japandi, Just Because, Natural, Organic Modern, Seasonal Tables, Thanksgiving, The Collected Home, The Host's Touch, Wood, Wood beads with cotton tassels; wipe clean with a soft, kit:eligible",Active
natural-wood-door-knob-decorative-wood-door-pull,Natural Wood Door Knob | Decorative Wood Door Pull,"cat:decor, cat:new-arrivals, Classic/Heritage, Door Knob, Décor & Styling, Everyday Use, Gifting, Housewarming, Just Because, Natural Wood, Natural wood; substantial hand feel; soft dry-cloth care., Objects with Stories, Organic Modern, Self-Gift, The Collected Home, The Housewarming, Wabi-Sabi, Wood, kit:eligible",Active
natural-wood-salt-pepper-mill,Natural Wood Salt & Pepper Mill,"Aluminum, cat:new-arrivals, cat:tabletop, Caucho, Christmas, Cooking Together, Entertaining, Everyday Use, Hostess Gift, Housewarming, Minimalist, Natural rubberwood body; designed for dry peppercorns and coarse salt., Natural Wood, Organic Modern, Plastic, Polypropylene, Salt & Pepper Mill, Scandinavian, seg:the-full-table, Self-Gift, Serving, Stainless steel, Thanksgiving, The Dinner Party, The Host's Touch, Wedding Season, Wood, kit:eligible",Active
nomex-bbq-glove-with-extended-cuff,Nomex BBQ Glove with Extended Cuff,"100% Nomex exterior; full-finger extended cuff; hand-washable, BBQ, BBQ Glove, Black, cat:new-arrivals, cat:outdoor, Cooking & Baking, Cotton, Entertaining, Father's Day, Fourth of July, Hostess Gift, Housewarming, Minimalist, Nomex, Organic Modern, Outdoor & Patio, Outdoor Living, Polyester, Self-Gift, The Backyard BBQ, The Host's Touch, kit:eligible",Active
nonna-brown-glass-candleholder,Nonna Brown Glass Candleholder,"100% soda-lime glass; compact indoor décor with hand-wash care, Brown, Candle Holder, Candlelit Dinners, cat:decor, cat:new-arrivals, Christmas, Décor & Styling, Entertaining, Gifting, Glass, Hostess Gift, Housewarming, Just Because, Lime, Minimalist, New Year, Organic Modern, seg:someone-in-mind, seg:the-full-table, Soda, Thanksgiving, The Dinner Party, The Host's Touch, Wabi-Sabi, kit:eligible",Active
nonna-gray-glass-taper-candle-holder,Nonna Gray Glass Taper Candle Holder,"100% soda-lime glass; compact single-candle form; hand-wash care., Candlelit Dinners, cat:decor, cat:new-arrivals, Christmas, Classic/Heritage, Décor & Styling, Entertaining, Gifting, Glass, Gray, Holiday Gift, Holiday Traditions, Hostess Gift, Housewarming, Lime, Minimalist, New Year, Scandinavian, seg:someone-in-mind, seg:the-full-table, Soda, Taper Candle Holder, Thanksgiving, The Dinner Party, kit:eligible",Active
nonstick-carbon-steel-baking-sheet-with-handles,Nonstick Carbon Steel Baking Sheet with Handles,"Al, Antiadherente, Baking Sheet, Black, Carbono, cat:kitchen, cat:new-arrivals, Christmas, Cooking & Baking, Cooking Together, Everyday Use, Gifting, Holiday Traditions, Housewarming, Minimalist, Mother's Day, Nonstick carbon steel; handled edges for oven transfers, Organic Modern, Revestimiento, seg:the-first-kitchen, Self-Gift, Steel, Thanksgiving, Wedding, Weekend Brunch, kit:eligible",Active
olive-branch-paper-napkins-set-of-20,"Olive Branch Paper Napkins, Set of 20","cat:gifts, cat:new-arrivals, cat:tabletop, Coastal, Cocktail Hour, Entertaining, Green, Hostess Gift, Housewarming, Minimalist, Mother's Day, Organic Modern, Papel, Paper Napkins, seg:season-opener, Serving, Set of 20 disposable paper napkins; green-and-white olive branch print, Thank-You, The Host's Touch, Wedding Season, Weekend Gatherings, kit:eligible",Active
olive-green-cotton-kitchen-apron-with-front-pocket,Olive Green Cotton Kitchen Apron with Front Pocket,"100% cotton; 170 GSM fabric; front pocket, cat:kitchen, cat:new-arrivals, Christmas, Cooking & Baking, Cooking Together, Cotton, Everyday Use, Gifting, Green, Gsm, Hostess Gift, Hostess Gifts, Housewarming, Japandi, Kitchen Apron, Minimalist, Mother's Day, Open-Door Hospitality, Organic Modern, Self-Gift, Thanksgiving, kit:eligible",Active
oliveto-green-ceramic-bowls-5-2-in-set-of-2,"Oliveto Green Ceramic Bowls, 5.2 in, Set of 2","Bowl, cat:gifts, cat:new-arrivals, cat:tabletop, Ceramic, Everyday Use, Gifting, Green, Hostess Gift, Housewarming, Microwave-safe; dishwasher-safe, Minimalist, OLIVETO, Organic Modern, seg:the-first-kitchen, seg:the-full-table, Serving, Thanksgiving, The Dinner Party, The Host's Touch, The Sunday Table, Wabi-Sabi, Wedding, Wedding Season, kit:eligible",Active
oliveto-green-ceramic-dinner-plate-11-4-in,"Oliveto Green Ceramic Dinner Plate, 11.4 in","cat:new-arrivals, cat:tabletop, Ceramic, Christmas, Classic/Heritage, Dinner Plate, Entertaining, Everyday Use, Green, Hostess Gift, Housewarming, Mediterranean, Microwave- and dishwasher-safe; 100% ceramic., OLIVETO, Organic Modern, Serving, Thanksgiving, The Art of the Table, The Dinner Party, The Sunday Table, Wedding, Wedding Season, kit:eligible",Active
oliveto-two-section-ceramic-serving-bowl,Oliveto Two-Section Ceramic Serving Bowl,"100% ceramic, cat:new-arrivals, cat:tabletop, Ceramic, Christmas, Cocktail Hour, dishwasher-safe, Divided Serving Bowl, Entertaining, Gifting, Green, Hostess Gift, Housewarming, Mediterranean, Microwave-safe, OLIVETO, Organic Modern, seg:season-opener, seg:someone-in-mind, seg:the-full-table, Serving, Thank-You, Thanksgiving, The Host's Touch, two-section design, Wabi-Sabi, Wedding Season, Weekend Gatherings, kit:eligible",Active
onata-white-porcelain-sauce-dish,Onata White Porcelain Sauce Dish,"cat:new-arrivals, cat:tabletop, Christmas, Entertaining, Everyday Celebrations, Everyday Use, Hostess Gift, Housewarming, Japandi, Microwave- and dishwasher-safe porcelain; compact individual portion size., Minimalist, Porcelain, Sauce Dish, Scandinavian, seg:the-full-table, Serving, Thank-You, Thanksgiving, The Dinner Party, The Host's Touch, Wedding Season, White, kit:eligible",Active
opra-porcelain-8-5-fl-oz-creamer-pitcher,Opra Porcelain 8.5 fl oz Creamer Pitcher,"and dishwasher-safe porcelain; hotel-grade construction., cat:new-arrivals, cat:tabletop, Christmas, Classic/Heritage, Coffee & Tea, Creamer, Entertaining, Hostess Gift, Housewarming, Microwave-, Minimalist, OPRA, oven-, Porcelain, Scandinavian, seg:weeknight-ceremony, Serving, Thank-You, Thanksgiving, The Coffee Ritual, The Host's Touch, The Tea Ritual, White, kit:eligible",Active
opra-white-porcelain-charger-plate,Opra White Porcelain Charger Plate,"and dishwasher-safe porcelain., cat:new-arrivals, cat:tabletop, Charger Plate, Christmas, Classic/Heritage, Dinner Party, Entertaining, Hostess Gift, Housewarming, Microwave-, Minimalist, OPRA, oven-, Porcelain, Scandinavian, seg:the-first-kitchen, seg:the-full-table, Serving, Thanksgiving, The Art of the Table, The Dinner Party, The Sunday Table, Wedding, Wedding Season, White, kit:eligible",Active
opra-white-porcelain-coffee-mugs-9-1-oz-set-of-4,"Opra White Porcelain Coffee Mugs, 9.1 oz, Set of 4","and dishwasher-safe mugs., cat:gifts, cat:new-arrivals, cat:tabletop, Christmas, Classic/Heritage, Coffee & Tea, Everyday Use, Gifting, Hostess Gift, Hotel-grade porcelain; microwave-, Housewarming, Minimalist, Mother's Day, Mug, OPRA, oven-, Porcelain, Scandinavian, seg:the-first-kitchen, seg:weeknight-ceremony, Slow Mornings, The Coffee Ritual, The Tea Ritual, Wedding, Wedding Season, White, kit:eligible",Active
opra-white-porcelain-cups-with-saucers-6-8-fl-oz-set-of-4,"Opra White Porcelain Cups with Saucers, 6.8 fl oz, Set of 4","and dishwasher-safe porcelain; four matching cups with saucers, cat:gifts, cat:new-arrivals, cat:tabletop, Christmas, Classic/Heritage, Coffee & Tea, Cup and Saucer Set, Entertaining, Everyday Use, Hostess Gift, Housewarming, Microwave-, Minimalist, Mother's Day, OPRA, oven-, Porcelain, Scandinavian, seg:first-dinner-party, Thank-You, The Coffee Ritual, The Host's Touch, The Tea Ritual, Wedding Season, White, kit:eligible",Active
opra-white-porcelain-dessert-plates-7-5-in-19-cm-set-of-4,"Opra White Porcelain Dessert Plates, 7.5 in (19 cm), Set of 4","and dishwasher-safe porcelain; hotel-quality construction, cat:gifts, cat:new-arrivals, cat:tabletop, Christmas, Classic/Heritage, Dessert Plate, Entertaining, Everyday Use, Hostess Gift, Hostess Gifts, Housewarming, Microwave-, Minimalist, OPRA, oven-, Porcelain, Scandinavian, seg:first-dinner-party, seg:the-first-kitchen, seg:the-full-table, Serving, Thanksgiving, The Dinner Party, The Sunday Table, Wedding, Wedding Season, White, kit:eligible",Active
opra-white-porcelain-dinner-plates-set-of-4,"Opra White Porcelain Dinner Plates, Set of 4","and dishwasher-safe., cat:gifts, cat:new-arrivals, cat:tabletop, Christmas, Classic/Heritage, Dinner Party, Dinner Plate, Entertaining, Everyday Celebrations, Everyday Use, Hostess Gift, Housewarming, Minimalist, OPRA, oven-, Porcelain, Porcelain; microwave-, Scandinavian, Thanksgiving, The Dinner Party, The Sunday Table, Wedding, Wedding Season, White, kit:eligible",Active
opra-white-porcelain-salad-plates-set-of-4,"Opra White Porcelain Salad Plates, Set of 4","and dishwasher-safe., cat:gifts, cat:new-arrivals, cat:tabletop, Christmas, Classic/Heritage, Dinner Party, Entertaining, Everyday Use, Hostess Gift, Hotel-grade porcelain; microwave-, Housewarming, Minimalist, OPRA, oven-, Porcelain, Salad Plate, Scandinavian, Thanksgiving, The Art of the Table, The Sunday Table, Wedding, Wedding Season, Weekend Gatherings, White, kit:eligible",Active
opra-white-porcelain-sauce-dishes-5-1-fl-oz-set-of-2,"Opra White Porcelain Sauce Dishes, 5.1 fl oz, Set of 2","and dishwasher-safe., cat:gifts, cat:new-arrivals, cat:tabletop, Christmas, Classic/Heritage, Entertaining, Everyday Celebrations, Everyday Use, Hostess Gift, Housewarming, Minimalist, OPRA, oven-, Porcelain, Porcelain; microwave-, Sauce Dish, Scandinavian, seg:first-dinner-party, seg:the-first-kitchen, seg:the-full-table, Serving, Thank-You, Thanksgiving, The Dinner Party, The Host's Touch, Wedding Season, White, kit:eligible",Active
opra-white-porcelain-soup-bowls-set-of-4,"Opra White Porcelain Soup Bowls, Set of 4","18.6 fl oz (550 mL) capacity; microwave-, and dishwasher-safe., cat:gifts, cat:new-arrivals, cat:tabletop, Christmas, Classic/Heritage, Entertaining, Everyday Use, Hostess Gift, Housewarming, Minimalist, OPRA, oven-, Porcelain, Scandinavian, seg:first-dinner-party, seg:season-opener, seg:the-first-kitchen, seg:the-full-table, Serving, Soup Bowl, Thanksgiving, The Dinner Party, The Sunday Table, Wedding, Wedding Season, Weekend Gatherings, White, kit:eligible",Active
opra-white-porcelain-sugar-bowl-with-lid-8-5-fl-oz,"Opra White Porcelain Sugar Bowl with Lid, 8.5 fl oz","and dishwasher-safe porcelain; lidded wide-mouth design, cat:new-arrivals, cat:tabletop, Classic/Heritage, Coffee & Tea, Gifting, Hostess Gift, Housewarming, Microwave-, Minimalist, Mother's Day, OPRA, oven-, Porcelain, Scandinavian, seg:weeknight-ceremony, Serving, Sugar Bowl, Thank-You, The Coffee Ritual, The Host's Touch, The Tea Ritual, Wedding Season, White, kit:eligible",Active
orly-beige-polyurethane-placemat,Orly Beige Polyurethane Placemat,"100% polyurethane; wipes clean with a soft cloth, Beige, cat:new-arrivals, cat:tabletop, Christmas, Entertaining, Everyday Use, Gifting, Hostess Gift, Housewarming, Japandi, Minimalist, Organic Modern, Placemat, Poliuretano, Self-Gift, Thanksgiving, The Host's Touch, The Sunday Table, Wedding Season, Weekend Gatherings, kit:eligible",Active
oval-acacia-footed-serving-board-14-2-in,"Oval Acacia Footed Serving Board, 14.2 in","100% acacia wood; raised footed profile; naturally varied grain, Acacia, cat:new-arrivals, cat:tabletop, Christmas, Cocktail Hour, Entertaining, Gifting, Hostess Gift, Hostess Gifts, Housewarming, Japandi, Minimalist, Natural, Organic Modern, seg:the-first-kitchen, seg:the-full-table, Serving, Serving Board, Thanksgiving, The Dinner Party, Wedding, Wedding Season, Wood, kit:eligible",Active
oval-acacia-wood-salad-servers-set-of-2,"Oval Acacia Wood Salad Servers, Set of 2","100% acacia wood; spoon-and-fork serving pair, ACACIA, cat:gifts, cat:new-arrivals, cat:tabletop, Christmas, Coastal, Entertaining, Gifting, Hostess Gift, Housewarming, Japandi, Natural, Organic Modern, Salad Servers, seg:the-full-table, Serving, Thanksgiving, The Art of the Table, The Sunday Table, Wedding, Wedding Season, Weekend Gatherings, Wood, kit:eligible",Active
oval-bamboo-serving-tray-13-4-in,"Oval Bamboo Serving Tray, 13.4 in","100% bamboo; serving tray with sauce space, Bamboo, BAMBU, cat:new-arrivals, cat:tabletop, Christmas, Cooking & Baking, Entertaining, Hostess Gift, Housewarming, Japandi, Minimalist, Natural, Organic Modern, Self-Gift, Serving, Serving Tray, Thanksgiving, The Dinner Party, The Host's Touch, Wedding Season, Weekend Gatherings, kit:eligible",Active
ovni-crystal-wine-glasses-16-9-fl-oz-set-of-2,"Ovni Crystal Wine Glasses, 16.9 fl oz, Set of 2","100% crystal; tall stemmed 16.9 fl oz (500 mL) goblets, Bar & Barware, cat:bar-glassware, cat:gifts, cat:new-arrivals, Christmas, Clear, Cristal, Dinner Party, Entertaining, Hostess Gift, Housewarming, Minimalist, New Year, Organic Modern, OVNI, Scandinavian, seg:first-dinner-party, seg:season-opener, seg:the-full-table, The Dinner Party, The Well-Set Bar, Wedding, Wedding Season, Wine Glasses, Wine Night, gift-glass",Active
ovni-crystal-wine-glasses-24-7-fl-oz-730-ml-set-of-2,"Ovni Crystal Wine Glasses, 24.7 fl oz (730 mL), Set of 2","100% crystal; generous 24.7 fl oz (730 mL) capacity, Bar & Barware, cat:bar-glassware, cat:gifts, cat:new-arrivals, Classic/Heritage, Clear, Cristal, Dinner Party, Entertaining, Hostess Gift, Housewarming, Minimalist, New Year, Organic Modern, OVNI, Thanksgiving, The Dinner Party, The Well-Set Bar, Wedding, Wedding Season, Wine Glass, Wine Night, gift-glass",Active
palermo-white-porcelain-dinnerware-set-service-for-4,"Palermo White Porcelain Dinnerware Set, Service for 4","100% porcelain; microwave- and dishwasher-safe; complete 20-piece service for 4, BASICS, cat:gifts, cat:new-arrivals, cat:tabletop, Christmas, Classic/Heritage, Coffee & Tea, Dinnerware Set, Entertaining, Everyday Celebrations, Everyday Use, Hostess Gift, Housewarming, Minimalist, Porcelain, Scandinavian, seg:first-dinner-party, seg:the-first-kitchen, seg:the-full-table, Thanksgiving, The Dinner Party, The Sunday Table, Wedding, Wedding Season, White, kit:eligible",Active
palm-paper-dinner-napkins-set-of-20,"Palm Paper Dinner Napkins, Set of 20","cat:gifts, cat:new-arrivals, cat:tabletop, Classic/Heritage, Coastal, Entertaining, Green, Hostess Gift, Hostess Gifts, Housewarming, Just Because, Organic Modern, Outdoor & Patio, Outdoor Living, PALMERAS, Papel, Paper Napkin, Serving, Set of 20 disposable paper napkins; 13 in square luncheon size., Weekend Brunch, kit:eligible",Active
palmeras-7-5-in-outdoor-melamine-bowls-set-of-2,"Palmeras 7.5 in Outdoor Melamine Bowls, Set of 2","cat:gifts, cat:new-arrivals, cat:outdoor, Coastal, Dishwasher-safe 100% melamine; lightweight set of 2 for outdoor dining., Entertaining, Fourth of July, Hostess Gift, Housewarming, Just Because, Melamine, Melamine Bowl, Minimalist, Multicolor, Organic Modern, Outdoor & Patio, Outdoor Living, PALMERAS, Poolside, seg:season-opener, Serving, Weekend Gatherings, kit:eligible",Active
paper-cocktail-napkins-set-of-20-multicolor,"Paper Cocktail Napkins Set of 20, Multicolor","Bar & Barware, cat:gifts, cat:new-arrivals, cat:tabletop, Coastal, Cocktail Hour, Cocktail Napkin, Disposable paper; 20-count set., Entertaining, Hostess Gift, Housewarming, Mediterranean, Multicolor, Organic Modern, Papel, seg:first-dinner-party, seg:season-opener, seg:someone-in-mind, Thank-You, The Well-Set Bar, Weekend Gatherings, kit:eligible",Active
pasantes-porcelain-mini-serving-bowl-0-85-fl-oz-25-ml,"Pasantes Porcelain Mini Serving Bowl, 0.85 fl oz (25 mL)","cat:new-arrivals, cat:tabletop, Christmas, Classic/Heritage, Entertaining, Gifting, Hostess Gift, Housewarming, Mini Bowl, Minimalist, Porcelain, Scandinavian, seg:someone-in-mind, seg:the-full-table, Serving, Thank-You, Thanksgiving, The Dinner Party, The Host's Touch, Wedding Season, Weekend Brunch, White, White porcelain; microwave- and dishwasher-safe, kit:eligible",Active
pasta-paper-napkins-set-of-20,"Pasta Paper Napkins, Set of 20","100% paper; 20-count set, cat:gifts, cat:new-arrivals, cat:tabletop, Classic/Heritage, Entertaining, Gifting, Hostess Gift, Hostess Gifts, Housewarming, Just Because, Mediterranean, Multicolor, Organic Modern, Papel, Paper Napkins, seg:first-dinner-party, seg:the-full-table, Serving, The Dinner Party, Weekend Gatherings, kit:eligible",Active
pepper-ceramic-lidded-bowl-16-2-fl-oz-480-ml,"Pepper Ceramic Lidded Bowl, 16.2 fl oz (480 mL)","cat:new-arrivals, cat:tabletop, Ceramic, Certified lead- and cadmium-free; microwave- and dishwasher-safe, Classic/Heritage, Cocktail Hour, Cooking Together, Everyday Use, Gifting, Hostess Gift, Hostess Gifts, Housewarming, Lidded Serving Bowl, Mediterranean, Organic Modern, PIMIENTO, Red, seg:someone-in-mind, Serving, Thank-You, Wedding Season, kit:eligible",Active
pietra-10-in-porcelain-dinner-plate-set-of-4,Pietra 10 in Porcelain Dinner Plate Set of 4,"cat:gifts, cat:new-arrivals, cat:tabletop, Christmas, Dinner Party, Dinner Plate, Dishwasher-safe; microwave-safe, Entertaining, Everyday Celebrations, Everyday Use, Hostess Gift, Housewarming, Minimalist, Multicolor, Organic Modern, PIETRA, Porcelain, seg:first-dinner-party, Thanksgiving, The Dinner Party, The Sunday Table, Wabi-Sabi, Wedding, Wedding Season, kit:eligible",Active
pietra-3-4-fl-oz-100-ml-porcelain-ramekin,Pietra 3.4 fl oz (100 mL) Porcelain Ramekin,"cat:new-arrivals, cat:tabletop, Christmas, Cooking & Baking, Cooking Together, Entertaining, Hostess Gift, Housewarming, Minimalist, Multicolor, Organic Modern, Oven-safe porcelain; microwave- and dishwasher-safe, PIETRA, Porcelain, Ramekin, seg:the-full-table, Serving, Thanksgiving, The Dinner Party, The Host's Touch, Wabi-Sabi, Wedding, Wedding Season, kit:eligible",Active
pietra-cube-porcelain-mini-plate-for-sauces,Pietra Cube Porcelain Mini Plate for Sauces,"cat:new-arrivals, cat:tabletop, Christmas, Dipping Plate, Entertaining, Everyday Use, Hostess Gift, Hostess Gifts, Housewarming, Mediterranean, Microwave-safe porcelain; dishwasher-safe on a regular or gentle cycle, Multicolor, Organic Modern, PIETRA, Porcelain, seg:the-full-table, Serving, Thank-You, Thanksgiving, The Art of the Table, The Dinner Party, Wabi-Sabi, Wedding Season, kit:eligible",Active
pietra-irregular-porcelain-serving-tray,Pietra Irregular Porcelain Serving Tray,"cat:new-arrivals, cat:tabletop, Christmas, Décor & Styling, Entertaining, Hostess Gift, Housewarming, Japandi, Microwave- and dishwasher-safe porcelain, Multicolor, Organic Modern, PIETRA, Porcelain, seg:the-first-kitchen, seg:the-full-table, Serving, Serving Tray, Thanksgiving, The Art of the Table, The Dinner Party, Wabi-Sabi, Wedding, Wedding Season, Weekend Gatherings, kit:eligible",Active
pietra-porcelain-cup-and-saucer-set-11-8-fl-oz-8-pieces,"Pietra Porcelain Cup and Saucer Set, 11.8 fl oz, 8 Pieces","Brown, cat:gifts, cat:new-arrivals, cat:tabletop, Coffee & Tea, Cup and Saucer Set, Entertaining, Everyday Use, Hostess Gift, Housewarming, Japandi, Minimalist, Organic Modern, PIETRA, Porcelain, Porcelain; microwave- and dishwasher-safe., seg:the-first-kitchen, The Coffee Ritual, The Tea Ritual, Wedding, Wedding Season, Weekend Brunch, kit:eligible",Active
pietra-porcelain-dip-bowl-2-8-in,"Pietra Porcelain Dip Bowl, 2.8 in","Brown, cat:new-arrivals, cat:tabletop, Christmas, Cocktail Hour, Dip Bowl, Entertaining, Everyday Use, Gray, Hostess Gift, Housewarming, Just Because, Minimalist, Organic Modern, PIETRA, Porcelain, Porcelain; microwave- and dishwasher-safe, seg:the-full-table, Serving, Thanksgiving, The Art of the Table, The Host's Touch, Wabi-Sabi, Wedding Season, kit:eligible",Active
pietra-porcelain-salad-plates-7-9-in-set-of-4,"Pietra Porcelain Salad Plates, 7.9 in, Set of 4","cat:gifts, cat:new-arrivals, cat:tabletop, Christmas, Entertaining, Everyday Use, Hostess Gift, Housewarming, Microwave- and dishwasher-safe porcelain; set of 4, Minimalist, Multicolor, Organic Modern, PIETRA, Porcelain, Salad Plate, seg:the-full-table, Serving, Thanksgiving, The Art of the Table, The Dinner Party, The Sunday Table, Wabi-Sabi, Wedding, Wedding Season, kit:eligible",Active
pietra-porcelain-soup-bowl-with-handle-16-9-fl-oz,"Pietra Porcelain Soup Bowl with Handle, 16.9 fl oz","Brown, cat:new-arrivals, cat:tabletop, Christmas, Entertaining, Everyday Use, Gray, Hostess Gift, Housewarming, Microwave-safe porcelain; dishwasher-safe, Minimalist, Organic Modern, PIETRA, Porcelain, Self-Gift, Serving, Slow Evenings, Soup Bowl, Thanksgiving, The Host's Touch, The Sunday Table, Wabi-Sabi, kit:eligible",Active
pietra-porcelain-soup-bowls-set-of-4,"Pietra Porcelain Soup Bowls, Set of 4","cat:gifts, cat:new-arrivals, cat:tabletop, Christmas, Entertaining, Everyday Use, Hostess Gift, Housewarming, Japandi, Microwave- and dishwasher-safe porcelain; generous 24.5 fl oz (725 mL) capacity., Multicolor, Organic Modern, PIETRA, Porcelain, seg:first-dinner-party, seg:the-full-table, Serving, Slow Evenings, Soup Bowl, Thanksgiving, The Dinner Party, The Sunday Table, Wabi-Sabi, Wedding, Wedding Season, kit:eligible",Active
pine-light-white-ceramic-serving-bowl-with-wavy-rim,Pine Light White Ceramic Serving Bowl with Wavy Rim,"100% ceramic; microwave- and dishwasher-safe., cat:new-arrivals, cat:tabletop, Ceramic, Coastal, Entertaining, Everyday Use, Hostess Gift, Housewarming, LUZ DE PINO, Minimalist, Organic Modern, seg:the-first-kitchen, Serving, Serving Bowl, The Art of the Table, The Dinner Party, Wedding, Wedding Season, Weekend Gatherings, White, kit:eligible",Active
pineapple-ceramic-dinner-plates-10-6-in-set-of-2,"Pineapple Ceramic Dinner Plates, 10.6 in, Set of 2","cat:gifts, cat:new-arrivals, cat:tabletop, Ceramic, Classic/Heritage, Coastal, Dinner Plate, Entertaining, Everyday Use, Hostess Gift, Housewarming, Lead- and cadmium-free; microwave- and dishwasher-safe, Multicolor, Organic Modern, PINA, Serving, The Art of the Table, The Sunday Table, Wedding, Wedding Season, Weekend Gatherings, kit:eligible",Active
plain-white-porcelain-mug-12-5-fl-oz,"Plain White Porcelain Mug, 12.5 fl oz","cat:new-arrivals, cat:tabletop, Christmas, Coffee & Tea, Everyday Use, Gifting, Hostess Gift, Housewarming, Japandi, Just Because, Microwave-safe; dishwasher-safe, Minimalist, Mug, Porcelain, Scandinavian, SIMPLE, Slow Mornings, The Coffee Ritual, The Tea Ritual, White, kit:eligible",Active
plastic-cutting-board-with-handle-white-and-black,"Plastic Cutting Board with Handle, White and Black","Black, Built-in handle; slim 0.4 in (1 cm) profile, cat:kitchen, cat:new-arrivals, Christmas, Cooking & Baking, Cooking Together, Cutting Board, Everyday Use, Gifting, Hostess Gift, Housewarming, Minimalist, Open-Door Hospitality, Organic Modern, Plastic, Scandinavian, Self-Gift, Thanksgiving, The Sunday Table, Wedding Season, White, kit:eligible",Active
plumeria-artificial-flower-stem-35-4-in,"Plumeria Artificial Flower Stem, 35.4 in","Artificial Flower Stem, cat:decor, cat:new-arrivals, Coastal, Décor & Styling, Entertaining, Flexible iron core; no water, Flowers on the Table, Gifting, Green, Hostess Gift, Housewarming, Iron, Japandi, Just Because, Mother's Day, or special care required; does not attract insects., Organic Modern, Polietileno, sunlight, The Art of the Table, The Collected Home, Wedding Season, kit:eligible",Active
poinsettia-glass-charger-plate-12-4-in-31-5-cm,"Poinsettia Glass Charger Plate, 12.4 in (31.5 cm)","100% soda-lime glass; multicolor finish; decorative scale for layered place settings, cat:new-arrivals, cat:tabletop, Charger Plate, Christmas, Classic/Heritage, Dinner Party, Décor & Styling, Entertaining, Glass, Holiday Gift, Holiday Traditions, Hostess Gift, Housewarming, Multicolor, Organic Modern, POINSETTIA VIDRIO, Seasonal Tables, Soda-lime, The Art of the Table, kit:eligible",Active
poinsettia-glass-dinner-plate-10-2-in,"Poinsettia Glass Dinner Plate, 10.2 in","cat:new-arrivals, cat:tabletop, Christmas, Classic/Heritage, Dinner Party, Dinner Plate, Dishwasher-safe; 100% soda-lime glass, Entertaining, Glass, Holiday Gift, Holiday Traditions, Hostess Gift, Housewarming, Multicolor, Organic Modern, POINSETTIA VIDRIO, seg:someone-in-mind, Serving, Soda-lime, The Art of the Table, The Dinner Party, kit:eligible",Active
poinsettia-glass-side-plate-8-3-in,"Poinsettia Glass Side Plate, 8.3 in","cat:new-arrivals, cat:tabletop, Christmas, Classic/Heritage, Dishwasher-safe; 100% soda-lime glass., Entertaining, Gifting, Glass, Holiday Gift, Holiday Traditions, Hostess Gift, Hostess Gifts, Housewarming, Multicolor, Organic Modern, POINSETTIA VIDRIO, seg:someone-in-mind, Serving, Side Plate, Soda-lime, Thanksgiving, The Sunday Table, kit:eligible",Active
porcelain-bee-coffee-mug-with-floral-design,Porcelain Bee Coffee Mug with Floral Design,"cat:new-arrivals, cat:tabletop, Certified lead- and cadmium-free; microwave- and dishwasher-safe, Classic/Heritage, Coffee & Tea, Coffee Mug, Easter, Everyday Use, Gifting, Hostess Gift, Housewarming, Mother's Day, Multicolor, Organic Modern, Porcelain, Scandinavian, seg:weeknight-ceremony, Slow Mornings, Thank-You, The Tea Ritual, The Thoughtful Thank-You, Wedding Season, kit:eligible",Active
porcelain-cup-and-saucer-set-arena-collection-8-piece,"Porcelain Cup and Saucer Set, Arena Collection, 8-Piece","ARENA, cat:gifts, cat:new-arrivals, cat:tabletop, Christmas, Coastal, Coffee & Tea, Cup & Saucer Set, Entertaining, Gifting, Hostess Gift, Housewarming, Minimalist, Mother's Day, Multicolor, Organic Modern, Porcelain, Porcelain; four cups with four matching saucers; 8.5 fl oz (250 mL) capacity., The Coffee Ritual, The Tea Ritual, Wedding, Wedding Season, Weekend Brunch, kit:eligible",Active
porcelain-cup-and-saucer-set-contrast-8-pieces,"Porcelain Cup and Saucer Set, Contrast, 8 Pieces","100% new bone china porcelain; four cups with matching saucers; mix-and-match multicolor design, Bauhaus, cat:gifts, cat:new-arrivals, cat:tabletop, Christmas, Coffee & Tea, CONTRASTE, Cup and Saucer Set, Entertaining, Gifting, Hostess Gift, Housewarming, Mid-Century, Minimalist, Multicolor, New Bone China, Porcelain, seg:someone-in-mind, Thank-You, The Coffee Ritual, The Tea Ritual, Wedding Season, Weekend Brunch, kit:eligible",Active
porcelain-holiday-cup-saucer-set-8-pieces,"Porcelain Holiday Cup & Saucer Set, 8 Pieces","cat:gifts, cat:new-arrivals, cat:tabletop, Christmas, Classic/Heritage, Coffee & Tea, Cup & Saucer Set, Entertaining, Gifting, Holiday Gift, Holiday Traditions, Hostess Gift, Housewarming, Microwave- and dishwasher-safe porcelain, Multicolor, NAVIDAD SILVESTRE, Organic Modern, Porcelain, seg:someone-in-mind, The Coffee Ritual, The Tea Ritual, kit:eligible",Active
porcelain-individual-butter-dish-white,"Porcelain Individual Butter Dish, White","Butter Dish, cat:new-arrivals, cat:tabletop, Christmas, Classic/Heritage, Entertaining, Everyday Use, Hostess Gift, Housewarming, Microwave-safe and dishwasher-safe porcelain., Minimalist, Porcelain, Scandinavian, seg:the-full-table, Serving, Thanksgiving, The Dinner Party, The Host's Touch, The Sunday Table, Wedding, Wedding Season, White, kit:eligible",Active
porcelain-ladybug-mug,Porcelain Ladybug Mug,"cat:new-arrivals, cat:tabletop, Certified lead- and cadmium-free porcelain; microwave- and dishwasher-safe, Christmas, Classic/Heritage, Coffee & Tea, Coffee Mug, Everyday Use, Gifting, Hostess Gift, Housewarming, Mother's Day, Multicolor, Organic Modern, Porcelain, Scandinavian, Slow Mornings, Thank-You, The Coffee Ritual, The Tea Ritual, kit:eligible",Active
porcelain-letter-mug-a,"Porcelain Letter Mug, A","100% new bone china; generous 14.5 fl oz (430 mL) capacity; letter A floral design, Birthday, cat:new-arrivals, cat:tabletop, Christmas, Classic/Heritage, Coffee & Tea, Everyday Use, Gifting, Graduation Season, HABITAT, Mother's Day, Mug, Multicolor, New Bone China, Organic Modern, Porcelain, Self-Gift, Thank-You, The Coffee Ritual, The Overnight Guest, The Tea Ritual, kit:eligible",Active
porcelain-letter-mug-c,"Porcelain Letter Mug, C","100% new bone china; letter C floral design; 14.5 fl oz (430 mL) capacity, Birthday, Breakfast in Bed, cat:new-arrivals, cat:tabletop, Christmas, Classic/Heritage, Coastal, Coffee & Tea, Coffee Mug, Everyday Use, Gifting, HABITAT, Hostess Gift, Just Because, Multicolor, New Bone China, Organic Modern, Porcelain, The Coffee Ritual, The Tea Ritual, kit:eligible",Active
porcelain-letter-mug-d,"Porcelain Letter Mug, D","Birthday, cat:new-arrivals, cat:tabletop, Christmas, Classic/Heritage, Coffee & Tea, Everyday Use, Gifting, Graduation Season, Housewarming, Just Because, Microwave-safe; 100% new bone china porcelain, Minimalist, Mother's Day, Mug, MUG LETRAS BLANCO, New Bone China, Organic Modern, Porcelain, Slow Mornings, The Coffee Ritual, The Tea Ritual, White, kit:eligible",Active
porcelain-letter-mug-d-26650,"Porcelain Letter Mug, D","14.5 fl oz capacity; 100% new bone china porcelain; personalized letter D floral design, A Gift with a Story, Birthday, cat:new-arrivals, cat:tabletop, Christmas, Classic/Heritage, Coffee & Tea, Everyday Use, Gifting, HABITAT, Just Because, Mother's Day, Mug, Multicolor, New Bone China, Organic Modern, Porcelain, Thank-You, The Coffee Ritual, The Tea Ritual, kit:eligible",Active
porcelain-letter-mug-e,"Porcelain Letter Mug, E","Birthday, cat:new-arrivals, cat:tabletop, Christmas, Classic/Heritage, Coffee & Tea, Everyday Use, Gifting, Graduation Season, Hostess Gift, Hostess Gifts, Microwave-safe; 100% new bone china porcelain; Letter E monogram, Minimalist, Monogram Mug, Mother's Day, MUG LETRAS BLANCO, New Bone China, Porcelain, Scandinavian, seg:weeknight-ceremony, Thank-You, The Coffee Ritual, The Tea Ritual, White, kit:eligible",Active
porcelain-letter-mug-f,"Porcelain Letter Mug, F","Birthday, Breakfast in Bed, cat:new-arrivals, cat:tabletop, Christmas, Classic/Heritage, Coffee & Tea, Coffee Mug, Everyday Use, Gifting, Graduation Season, Hostess Gift, Microwave-safe; 100% new bone china porcelain; 11.8 fl oz (350 mL) capacity, Minimalist, Mother's Day, MUG LETRAS BLANCO, New Bone China, Porcelain, Scandinavian, Thank-You, The Coffee Ritual, The Tea Ritual, White, kit:eligible",Active
porcelain-letter-mug-f-26648,"Porcelain Letter Mug, F","A Gift with a Story, Birthday, cat:new-arrivals, cat:tabletop, Christmas, Classic/Heritage, Coffee & Tea, Everyday Use, Gifting, HABITAT, Hostess Gift, Mother's Day, Mug, Multicolor, New Bone China, New bone china; personalized Letter F design; 14.5 fl oz (430 mL) capacity, Organic Modern, Porcelain, seg:someone-in-mind, Thank-You, The Coffee Ritual, The Tea Ritual, Wabi-Sabi, Wedding Season, kit:eligible",Active
porcelain-letter-mug-g,"Porcelain Letter Mug, G","cat:new-arrivals, cat:tabletop, Christmas, Classic/Heritage, Coffee & Tea, Coffee Mug, Everyday Use, Father's Day, Gifting, Hostess Gift, Hostess Gifts, Housewarming, Just Because, Microwave-safe; 100% New Bone China porcelain; 11.8 fl oz (350 mL) capacity, Minimalist, Mother's Day, MUG LETRAS BLANCO, New Bone China, Porcelain, Scandinavian, The Coffee Ritual, The Tea Ritual, White, kit:eligible",Active
porcelain-letter-mug-i,"Porcelain Letter Mug, I","A Gift with a Story, cat:new-arrivals, cat:tabletop, Christmas, Classic/Heritage, Coffee & Tea, Everyday Use, Gifting, Graduation Season, Hostess Gift, Housewarming, Just Because, Microwave-safe; 100% new bone china porcelain; 11.8 fl oz (350 mL) capacity, Minimalist, Mother's Day, Mug, MUG LETRAS BLANCO, New Bone China, Porcelain, Scandinavian, The Coffee Ritual, The Tea Ritual, White, kit:eligible",Active
porcelain-letter-mug-l,"Porcelain Letter Mug, L","cat:new-arrivals, cat:tabletop, Christmas, Classic/Heritage, Coffee & Tea, Coffee Mug, Everyday Use, Gifting, Graduation Season, Hostess Gift, Housewarming, Just Because, Microwave-safe; 100% new bone china, Minimalist, Mother's Day, MUG LETRAS BLANCO, New Bone China, Porcelain, Scandinavian, The Coffee Ritual, The Overnight Guest, The Tea Ritual, White, kit:eligible",Active
porcelain-letter-mug-l-26649,"Porcelain Letter Mug, L","100% new bone china; Letter L floral design; generous 14.5 fl oz (430 mL) capacity, A Gift with a Story, Birthday, cat:new-arrivals, cat:tabletop, Christmas, Classic/Heritage, Coffee & Tea, Everyday Use, Gifting, Graduation Season, HABITAT, Hostess Gift, Mother's Day, Mug, Multicolor, New Bone China, Organic Modern, Porcelain, Thank-You, The Coffee Ritual, The Tea Ritual, kit:eligible",Active
porcelain-letter-mug-m,"Porcelain Letter Mug, M","100% new bone china porcelain; generous 14.5 fl oz (430 mL) capacity., Birthday, cat:new-arrivals, cat:tabletop, Classic/Heritage, Coffee & Tea, Everyday Use, Gifting, Graduation Season, HABITAT, Just Because, Minimalist, Mother's Day, Mug, Multicolor, New Bone China, Organic Modern, Porcelain, Slow Mornings, Thank-You, The Coffee Ritual, The Tea Ritual, kit:eligible",Active
porcelain-letter-mug-n,"Porcelain Letter Mug, N","A Gift with a Story, Birthday, cat:new-arrivals, cat:tabletop, Christmas, Classic/Heritage, Coffee & Tea, Everyday Use, Gifting, Graduation Season, Housewarming, Microwave-safe; 100% new bone china porcelain, Minimalist, Mother's Day, Mug, MUG LETRAS BLANCO, New Bone China, Porcelain, Scandinavian, Thank-You, The Coffee Ritual, The Tea Ritual, White, kit:eligible",Active
porcelain-letter-mug-o,"Porcelain Letter Mug, O","cat:new-arrivals, cat:tabletop, Christmas, Classic/Heritage, Coffee & Tea, Coffee Mug, Everyday Use, Gifting, Graduation Season, Hostess Gift, Hostess Gifts, Housewarming, Just Because, Microwave-safe; 100% new bone china, Minimalist, MUG LETRAS BLANCO, New Bone China, Organic Modern, Porcelain, seg:someone-in-mind, The Coffee Ritual, The Tea Ritual, White, kit:eligible",Active
porcelain-letter-mug-s,"Porcelain Letter Mug, S","Birthday, cat:new-arrivals, cat:tabletop, Christmas, Classic/Heritage, Coffee & Tea, Everyday Use, Gifting, Graduation Season, Hostess Gift, Housewarming, Microwave-safe; 100% new bone china porcelain; 11.8 fl oz (350 mL) capacity, Minimalist, Mug, MUG LETRAS BLANCO, New Bone China, Porcelain, The Coffee Ritual, The Tea Ritual, The Thoughtful Thank-You, White, kit:eligible",Active
porcelain-letter-mug-w,"Porcelain Letter Mug, W","Birthday, cat:new-arrivals, cat:tabletop, Christmas, Classic/Heritage, Coffee & Tea, Everyday Use, Gifting, Housewarming, Just Because, Microwave-safe; 100% new bone china., Minimalist, Mug, MUG LETRAS BLANCO, New Bone China, Porcelain, Scandinavian, The Coffee Ritual, The Host's Touch, The Tea Ritual, White, kit:eligible",Active
porcelain-salad-plates-porto-blue-floral-8-in-20-3-cm-set-of-4,"Porcelain Salad Plates, Porto Blue Floral, 8 in (20.3 cm), Set of 4","Artisan-made porcelain; microwave- and dishwasher-safe; certified lead- and cadmium-free, cat:gifts, cat:new-arrivals, cat:tabletop, Classic/Heritage, Coastal, Entertaining, Everyday Use, Hostess Gift, Hostess Gifts, Housewarming, Multicolor, Organic Modern, Porcelain, PORTO, Salad Plate, Serving, The Dinner Party, The Sunday Table, Wedding, Wedding Season, kit:eligible",Active
porcelain-soup-bowls-snow-crownville-set-of-2,"Porcelain Soup Bowls, Snow Crownville, Set of 2","cat:gifts, cat:new-arrivals, cat:tabletop, Christmas, Classic/Heritage, Dinner Party, Gifting, Holiday Gift, Holiday Traditions, Hostess Gift, Housewarming, Microwave-safe; dishwasher-safe porcelain., Multicolor, NOCHE BUENA SNOW, Porcelain, Scandinavian, seg:season-opener, seg:someone-in-mind, Serving, Soup Bowl, The Dinner Party, The Sunday Table, kit:eligible",Active
porto-blue-and-white-decorative-paper-napkins-set-of-20,"Porto Blue and White Decorative Paper Napkins, Set of 20","Blue, cat:gifts, cat:new-arrivals, cat:tabletop, Classic/Heritage, Coastal, Entertaining, Gifting, Hostess Gift, Housewarming, Organic Modern, Outdoor Living, Papel, Paper Napkins, PORTO, seg:someone-in-mind, Serving, Set of 20 paper napkins; blue and white printed design., Thank-You, The Host's Touch, Wedding Season, Weekend Gatherings, kit:eligible",Active
porto-blue-floral-porcelain-mug-set-of-4,Porto Blue Floral Porcelain Mug Set of 4,"cat:gifts, cat:new-arrivals, cat:tabletop, Christmas, Classic/Heritage, Coastal, Coffee & Tea, Everyday Use, Gifting, Hostess Gift, Housewarming, Lead-free and cadmium-free porcelain; microwave- and dishwasher-safe, Mediterranean, Mother's Day, Mug, Multicolor, Porcelain, PORTO, seg:weeknight-ceremony, Self-Gift, The Coffee Ritual, The Housewarming, The Tea Ritual, Wedding Season, kit:eligible",Active
porto-porcelain-cup-and-saucer-set-8-pieces,"Porto Porcelain Cup and Saucer Set, 8 Pieces","cat:gifts, cat:new-arrivals, cat:tabletop, Classic/Heritage, Coastal, Coffee & Tea, Cup and Saucer Set, Entertaining, Gifting, Hostess Gift, Hostess Gifts, Housewarming, Lead- and cadmium-free porcelain; microwave- and dishwasher-safe, Mediterranean, Multicolor, Porcelain, PORTO, Thank-You, The Coffee Ritual, The Tea Ritual, Wedding Season, kit:eligible",Active
porto-porcelain-dinner-plates-set-of-4-10-7-in,"Porto Porcelain Dinner Plates Set of 4, 10.7 in","A Gift with a Story, cat:gifts, cat:new-arrivals, cat:tabletop, Christmas, Classic/Heritage, Coastal, Dinner Plate, Entertaining, Everyday Use, Hostess Gift, Housewarming, Lead- and cadmium-free dinner plates; microwave- and dishwasher-safe plates., Mediterranean, Multicolor, Porcelain, PORTO, Serving, Thanksgiving, The Dinner Party, The Sunday Table, Wedding, Wedding Season, kit:eligible",Active
porto-porcelain-floral-serving-tray,Porto Porcelain Floral Serving Tray,"cat:new-arrivals, cat:tabletop, Christmas, Classic/Heritage, Coastal, Cocktail Hour, Entertaining, Gifting, Hostess Gift, Hostess Gifts, Housewarming, Lead- and cadmium-free porcelain; microwave- and dishwasher-safe., Mediterranean, Multicolor, Porcelain, PORTO, Serving, Serving Tray, Thank-You, Thanksgiving, The Art of the Table, Wedding Season, kit:eligible",Active
porto-porcelain-salad-bowl-7-9-in,"Porto Porcelain Salad Bowl, 7.9 in","cat:new-arrivals, cat:tabletop, Classic/Heritage, Entertaining, Everyday Use, Hostess Gift, Housewarming, Lead- and cadmium-free porcelain; microwave- and dishwasher-safe, Mediterranean, Multicolor, Organic Modern, Porcelain, PORTO, Salad Bowl, seg:the-first-kitchen, Serving, The Art of the Table, The Sunday Table, Wedding, Wedding Season, Weekend Gatherings, kit:eligible",Active
porto-porcelain-soup-bowls-set-of-2,"Porto Porcelain Soup Bowls, Set of 2","cat:gifts, cat:new-arrivals, cat:tabletop, Classic/Heritage, Coastal, Entertaining, Everyday Use, Hostess Gift, Hostess Gifts, Housewarming, Lead- and cadmium-free porcelain dinnerware; microwave- and dishwasher-safe, Mediterranean, Multicolor, Porcelain, PORTO, Serving, Slow Evenings, Soup Bowl, The Sunday Table, Wedding, Wedding Season, kit:eligible",Active
primavera-decorative-paper-napkins-set-of-6,"Primavera Decorative Paper Napkins, Set of 6","100% paper; disposable single-use cleanup; multicolor botanical print, cat:gifts, cat:new-arrivals, cat:tabletop, Classic/Heritage, Easter, Entertaining, Gifting, Hostess Gift, Housewarming, Mother's Day, Multicolor, Organic Modern, Papel, Paper Napkins, Scandinavian, seg:someone-in-mind, Serving, Thank-You, The Host's Touch, The Sunday Table, Wedding Season, Weekend Gatherings, kit:eligible",Active
pumpkin-white-porcelain-cups-with-saucers-set-of-4,"Pumpkin White Porcelain Cups with Saucers, Set of 4","and oven-safe porcelain; four cups with four matching saucers., cat:gifts, cat:new-arrivals, cat:tabletop, Christmas, Classic/Heritage, Coffee & Tea, Cup and Saucer Set, dishwasher-, Entertaining, Gifting, Hostess Gift, Housewarming, Microwave-, Minimalist, Organic Modern, Porcelain, PUMPKIN, Thanksgiving, The Coffee Ritual, The Tea Ritual, Wedding, Wedding Season, Weekend Brunch, White, kit:eligible",Active
purple-double-wall-thermos-with-straw-11-8-fl-oz,"Purple Double-Wall Thermos with Straw, 11.8 fl oz","cat:new-arrivals, cat:outdoor, Caucho, Christmas, Everyday Use, Gifting, Graduation Season, Hostess Gift, Insulated Water Bottle, Japandi, Minimalist, Outdoor & Patio, Outdoor Living, Polypropylene, Purple, Scandinavian, Self-Gift, Slow Mornings, Stainless steel, Stainless steel body with polypropylene and thermoplastic rubber parts; built-in straw with carry handle; double-wall construction, Termoplástico, Thank-You, The Overnight Guest, kit:eligible",Active
purple-hydrangea-paper-napkins-set-of-20,"Purple Hydrangea Paper Napkins, Set of 20","cat:gifts, cat:new-arrivals, cat:tabletop, Classic/Heritage, Coastal, Easter, Entertaining, Everyday Use, Garden Parties, Green, Hostess Gift, Hostess Gifts, Housewarming, Mother's Day, Organic Modern, Papel, Paper Napkins, Serving, Set of 20 paper napkins; 13.0 x 13.0 in (33 x 33 cm) open; disposable paper for easy cleanup, Thank-You, Wedding Season, Weekend Brunch, kit:eligible",Active
pyramid-glass-wine-decanter-56-8-fl-oz-1680-ml,"Pyramid Glass Wine Decanter, 56.8 fl oz (1680 mL)","Bar & Barware, cat:bar-glassware, cat:new-arrivals, Christmas, Clear, Dinner Party, Dishwasher safe; 56.8 fl oz (1680 mL) capacity, Entertaining, Glass, Hostess Gift, Housewarming, Minimalist, Organic Modern, Scandinavian, seg:the-full-table, Thanksgiving, The Dinner Party, The Well-Set Bar, Wedding, Wedding Season, Wine Decanter, Wine Night, kit:eligible",Active
rando-large-brown-glass-vase,Rando Large Brown Glass Vase,"100% soda-lime glass; generous 37.2 fl oz (1.1 L) capacity, Brown, cat:decor, cat:new-arrivals, Decorative Vase, Décor & Styling, Entertaining, Flowers on the Table, Gifting, Glass, Hostess Gift, Housewarming, Lime, Minimalist, Mother's Day, Organic Modern, Self-Gift, Soda, Thanksgiving, The Art of the Table, The Collected Home, Wabi-Sabi, Wedding Season, kit:eligible",Active
rando-small-brown-decorative-glass-vase,Rando Small Brown Decorative Glass Vase,"100% soda-lime glass; compact 22.0 fl oz (650 mL) capacity, Brown, cat:decor, cat:new-arrivals, Decorative Vase, Décor & Styling, Everyday Use, Flowers on the Table, Gifting, Glass, Hostess Gift, Housewarming, Lime, Minimalist, Mother's Day, Organic Modern, Soda, Thank-You, The Art of the Table, The Housewarming, Wabi-Sabi, Wedding Season, kit:eligible",Active
rectangular-borosilicate-glass-meal-prep-container-with-divider,Rectangular Borosilicate Glass Meal Prep Container with Divider,"cat:kitchen, cat:new-arrivals, Clear, CONTENEDORES DE BOROSILICATO, Cooking & Baking, Cooking Together, Everyday Use, Food Storage Container, Gifting, Glass, Glass base oven-safe up to 752°F (400°C); microwave-safe with lid open; dishwasher-safe., Hostess Gift, Housewarming, Minimalist, Open-Door Hospitality, Organic Modern, Polypropylene, Scandinavian, Self-Gift, Silicone, The Sunday Table, Wedding Season, kit:eligible",Active
rectangular-carbon-steel-nonstick-loaf-pan,Rectangular Carbon Steel Nonstick Loaf Pan,"Al, Antiadherente, Black, Carbon steel body with nonstick coating; practical side handles for oven transfers., Carbono, cat:kitchen, cat:new-arrivals, Christmas, Coffee & Tea, Cooking & Baking, Gifting, Hostess Gift, Hostess Gifts, Housewarming, Loaf Pan, Minimalist, Organic Modern, Revestimiento, Scandinavian, seg:weeknight-ceremony, Steel, Thank-You, Thanksgiving, The Tea Ritual, Weekend Brunch, kit:eligible",Active
red-ceramic-bowls-6-1-in-set-of-2,"Red Ceramic Bowls, 6.1 in, Set of 2","A Gift with a Story, cat:gifts, cat:new-arrivals, cat:tabletop, Ceramic, Cereal Bowl, Everyday Use, Gifting, Hostess Gift, Housewarming, HUERTO MESTIZO, Mediterranean, Microwave- and dishwasher-safe; certified lead- and cadmium-free., Organic Modern, Red, Serving, Thank-You, The Sunday Table, Wabi-Sabi, Wedding Season, Weekend Gatherings, kit:eligible",Active
red-ceramic-small-bowl-set-of-2,Red Ceramic Small Bowl Set of 2,"cadmium-free; microwave- and dishwasher-safe., cat:gifts, cat:new-arrivals, cat:tabletop, Ceramic, Christmas, Classic/Heritage, Entertaining, Everyday Use, Hostess Gift, Housewarming, HUERTO MESTIZO, Lead-free ceramic bowls, Organic Modern, Red, seg:someone-in-mind, Serving, Small Bowl, Thank-You, The Host's Touch, The Sunday Table, Wabi-Sabi, Weekend Gatherings, kit:eligible",Active
red-cotton-cloth-napkins-set-of-2,"Red Cotton Cloth Napkins, Set of 2","100% cotton; washable at up to 104°F (40°C), cat:gifts, cat:new-arrivals, cat:tabletop, Christmas, Classic/Heritage, Cloth Napkin, Cotton, Entertaining, Everyday Use, Fourth of July, Gifting, Holiday Gift, Holiday Traditions, Hostess Gift, Housewarming, Minimalist, Organic Modern, Roja, seg:first-dinner-party, The Host's Touch, The Sunday Table, Valentine's Day, kit:eligible",Active
red-garden-ceramic-serving-tray-15-in,"Red Garden Ceramic Serving Tray, 15 in","cat:new-arrivals, cat:tabletop, Ceramic, Christmas, Classic/Heritage, Dinner Party, Entertaining, Hostess Gift, Housewarming, HUERTO MESTIZO, Mediterranean, Microwave- and dishwasher-safe; certified lead- and cadmium-free., Organic Modern, Red, seg:the-first-kitchen, Serving, Serving Tray, Thanksgiving, The Dinner Party, The Sunday Table, Wedding, Wedding Season, Weekend Gatherings, kit:eligible",Active
red-holiday-candle-holder-in-borosilicate-glass-8-4-in,"Red Holiday Candle Holder in Borosilicate Glass, 8.4 in","100% borosilicate glass; wipe-clean care with mild soap and a damp cloth, Candle Holder, Candlelit Dinners, cat:decor, cat:new-arrivals, Christmas, Classic/Heritage, Décor & Styling, Entertaining, Gifting, Glass, Holiday Gift, Holiday Traditions, Hostess Gift, Housewarming, Minimalist, New Year, Red, Scandinavian, Thanksgiving, The Host's Touch, kit:eligible",Active
red-lines-porcelain-dinner-plate-10-6-in-27-cm,"Red Lines Porcelain Dinner Plate, 10.6 in (27 cm)","100% porcelain; New bone china, cat:new-arrivals, cat:tabletop, Christmas, Classic/Heritage, Coastal, Dinner Party, Dinner Plate, Entertaining, Everyday Use, Hostess Gift, Housewarming, LINEAS, Mediterranean, New Bone China, Porcelain, The Art of the Table, The Dinner Party, Valentine's Day, Wedding, Wedding Season, Weekend Gatherings, White, kit:eligible",Active
red-lobster-dolomite-serving-bowl-14-8-in,"Red Lobster Dolomite Serving Bowl, 14.8 in","Birthday, cat:new-arrivals, cat:tabletop, Classic/Heritage, Coastal, Dolomita, Dolomite ceramic; 32.1 fl oz (950 mL) capacity, Entertaining, Fourth of July, Gifting, Hostess Gift, Housewarming, LANGOSTA, Mediterranean, Multicolor, Outdoor Living, Serving, Serving Bowl, The Host's Touch, Weekend Gatherings, kit:eligible",Active
reusable-condiment-cups-set-of-4,"Reusable Condiment Cups, Set of 4","cat:gifts, cat:kitchen, cat:new-arrivals, Clear, CONTENEDORES PLASTICOS BLANCO, Everyday Use, Fourth of July, Gifting, Hostess Gift, Housewarming, Minimalist, Open-Door Hospitality, Picnics, Polypropylene, Sauce Container, Scandinavian, seg:first-dinner-party, Self-Gift, Serving, Set of 4 locking-lid cups; microwave-safe bases with lids removed before heating; freezer-ready storage with headspace, The Host's Touch, White, kit:eligible",Active
ribbed-glass-soap-dispenser-with-black-pump,Ribbed Glass Soap Dispenser with Black Pump,"Cal, cat:bath, cat:new-arrivals, Clear, Dishwasher-safe; refillable; ribbed soda-lime glass with a black polyethylene pump., Décor & Styling, Everyday Beauty, Everyday Use, Gifting, Glass, Hostess Gift, Housewarming, Minimalist, Open-Door Hospitality, Organic Modern, Polietileno, Scandinavian, Self-Gift, Soap Dispenser, Sodada, The Host's Touch, Wedding Season, kit:eligible",Active
rio-white-porcelain-creamer-pitcher-10-1-fl-oz,"Rio White Porcelain Creamer Pitcher, 10.1 fl oz","cat:new-arrivals, cat:tabletop, Christmas, Classic/Heritage, Coffee & Tea, Creamer Pitcher, Entertaining, Hostess Gift, Housewarming, Minimalist, Mother's Day, Porcelain, Porcelain; microwave- and dishwasher-safe., RIO, Scandinavian, seg:weeknight-ceremony, Serving, Thank-You, The Coffee Ritual, The Tea Ritual, Wedding Season, Weekend Brunch, White, kit:eligible",Active
rio-white-porcelain-sugar-bowl-with-lid-12-5-fl-oz,"Rio White Porcelain Sugar Bowl with Lid, 12.5 fl oz","cat:new-arrivals, cat:tabletop, Christmas, Coffee & Tea, Dishwasher-safe porcelain; microwave-safe, Everyday Use, Gifting, Hostess Gift, Housewarming, Minimalist, Mother's Day, Organic Modern, Porcelain, RIO, Scandinavian, seg:weeknight-ceremony, Self-Gift, Sugar Bowl, The Coffee Ritual, The Host's Touch, The Tea Ritual, Wedding Season, White, kit:eligible",Active
riviera-natural-round-corn-husk-placemat,Riviera Natural Round Corn Husk Placemat,"cat:new-arrivals, cat:tabletop, Christmas, Coastal, Dinner Party, Entertaining, Everyday Use, Hoja, Hostess Gift, Housewarming, Maiz, Natural, Organic Modern, Placemat, seg:the-first-kitchen, Thanksgiving, The Art of the Table, The Sunday Table, Wabi-Sabi, Wedding, Wedding Season, Weekend Gatherings, Woven 100% corn husk; wipe clean with a soft cloth., kit:eligible",Active
rococo-gold-glass-ornament-3-9-in,"Rococo Gold Glass Ornament, 3.9 in","95% glass body; metal cap; ready-to-hang cord; dry-cloth care, cat:decor, cat:new-arrivals, Christmas, Christmas Ornament, Classic/Heritage, Décor & Styling, Gifting, Glass, Gold, Holiday Gift, Holiday Traditions, Hostess Gift, Housewarming, Metal, Organic Modern, Seasonal Tables, Special Occasion, The Host's Touch, kit:eligible",Active
roman-ivory-unscented-sculptural-candle-7-7-in,"Roman Ivory Unscented Sculptural Candle, 7.7 in","50% soy wax blend; sculptural ivory form., Candlelit Dinners, cat:home-fragrance, cat:new-arrivals, Cera, Christmas, Décor & Styling, Entertaining, Gifting, Hostess Gift, Housewarming, Ivory, Just Because, Minimalist, Organic Modern, Paraffin, ROMANO, Sculptural Candle, Slow Evenings, Soja, Thanksgiving, The Host's Touch, Unscented; 50% paraffin, Wabi-Sabi, Wedding Season, kit:eligible",Active
roman-sculptural-candle-beige,"Roman Sculptural Candle, Beige","Beige, Candlelit Dinners, cat:home-fragrance, cat:new-arrivals, Cera, Christmas, Décor & Styling, Entertaining, Gifting, Hostess Gift, Housewarming, Mediterranean, Minimalist, New Year, Organic Modern, Paraffin, ROMANO, Sculptural Pillar Candle, Self-Gift, Slow Evenings, Soja, Thanksgiving, The Host's Touch, Unscented; 50% paraffin and 50% soy wax; molded sculptural relief., kit:eligible",Active
rotary-cheese-grater-with-two-drums,Rotary Cheese Grater with Two Drums,"cat:kitchen, cat:new-arrivals, Cooking & Baking, Cooking Together, Everyday Use, Hostess Gift, Housewarming, Minimalist, Organic Modern, Plastic, Rotary Grater, Scandinavian, seg:first-dinner-party, Self-Gift, Serving, Stainless steel, The Dinner Party, The Host's Touch, Two interchangeable rollers for fine and coarse grating; stainless steel cutting blades; detachable parts for washing., Wedding Season, White, kit:eligible",Active
round-acacia-marble-tic-tac-toe-game,Round Acacia & Marble Tic Tac Toe Game,"Acacia, Acacia wood with sanded marble and brass; ready-to-play tabletop format., Brass, cat:decor, cat:new-arrivals, Christmas, Décor & Styling, Entertaining, Game Night, Gifting, Hostess Gift, Housewarming, Japandi, Just Because, Lijado, Marble, Minimalist, Multicolor, New Year, Organic Modern, seg:someone-in-mind, Thanksgiving, The Collected Home, The Host's Touch, Tic Tac Toe Game, kit:eligible",Active
round-artificial-eucalyptus-branch-25-2-in,"Round Artificial Eucalyptus Branch, 25.2 in","Artificial Eucalyptus Branch, cat:decor, cat:new-arrivals, Décor & Styling, EUCALIPTO, Everyday Use, Flowers on the Table, Gifting, Green, Hostess Gift, Housewarming, Iron, Japandi, Just Because, Minimalist, Organic Modern, Polietileno, Realistic artificial eucalyptus; no watering or unwanted insects., The Collected Home, The Host's Touch, Wedding Season, kit:eligible",Active
round-bamboo-coasters-with-holder-set-of-6,"Round Bamboo Coasters with Holder, Set of 6","100% bamboo; lightweight and nonstick; protects furniture from drips, and scratches., Bamboo, BAMBU, Bar & Barware, cat:gifts, cat:new-arrivals, cat:tabletop, Christmas, Coaster Set, Cocktail Hour, Entertaining, Everyday Use, Father's Day, Hostess Gift, Hostess Gifts, Housewarming, Japandi, Minimalist, Mother's Day, Natural Wood, Organic Modern, seg:season-opener, seg:someone-in-mind, stains, Thank-You, The Well-Set Bar, kit:eligible",Active
round-bamboo-salt-pepper-shaker-set,Round Bamboo Salt & Pepper Shaker Set,"96% bamboo construction; refillable set includes one salt shaker and one pepper shaker., Bamboo, BAMBU, cat:gifts, cat:new-arrivals, cat:tabletop, Entertaining, Everyday Use, Hostess Gift, Housewarming, Japandi, Minimalist, Natural Wood, Organic Modern, Pvc, Salt & Pepper Shaker Set, seg:first-dinner-party, Self-Gift, Serving, Thanksgiving, The Host's Touch, The Sunday Table, Wedding Season, Weekend Gatherings, kit:eligible",Active
round-clear-storage-jars-3-4-fl-oz-set-of-2,"Round Clear Storage Jars, 3.4 fl oz, Set of 2","cat:gifts, cat:kitchen, cat:new-arrivals, CIRCULAR, Clear, Clear glass; metal clasp closure with silicone seal, Coffee & Tea, Cooking Together, Everyday Use, Gifting, Glass, Hostess Gift, Hostess Gifts, Housewarming, Metal, Minimalist, Organic Modern, Scandinavian, seg:first-dinner-party, seg:weeknight-ceremony, Silicone, Storage Jar, Thank-You, The Tea Ritual, Wedding Season, kit:eligible",Active
round-coated-stainless-steel-griddle-pan-9-4-in-24-cm,"Round Coated Stainless Steel Griddle Pan, 9.4 in (24 cm)","cat:kitchen, cat:new-arrivals, Compact stainless steel build with a coated cooking surface, Cooking & Baking, Cooking Together, Everyday Use, Father's Day, Gifting, Griddle Pan, Hostess Gift, Housewarming, Minimalist, Mother's Day, OLLAS ACERO INOXIDABLE, Organic Modern, seg:the-first-kitchen, seg:weeknight-ceremony, Silver, Slow Mornings, Stainless steel, Wedding, Wedding Season, Weekend Brunch, kit:eligible",Active
round-glass-container-with-bamboo-lid-22-fl-oz,"Round Glass Container with Bamboo Lid, 22 fl oz","BAMBU, cat:kitchen, cat:new-arrivals, Clear, Coffee & Tea, Dishwasher-safe; clear glass with bamboo lid, Everyday Use, Food Storage Container, Gifting, Glass, Hostess Gift, Housewarming, Japandi, Open-Door Hospitality, Organic Modern, Scandinavian, seg:weeknight-ceremony, Thank-You, The Coffee Ritual, The Tea Ritual, Wedding Season, Wood, kit:eligible",Active
round-glass-container-with-bamboo-lid-44-0-fl-oz-1300-ml,"Round Glass Container with Bamboo Lid, 44.0 fl oz (1300 mL)","BAMBU, cat:kitchen, cat:new-arrivals, Clear, Coffee & Tea, Dishwasher-safe; clear glass body with bamboo lid, Everyday Use, Food Storage Container, Gifting, Glass, Hostess Gift, Hostess Gifts, Housewarming, Japandi, Minimalist, Organic Modern, Thank-You, The Collected Home, The Tea Ritual, Wedding Season, Wood, kit:eligible",Active
round-glass-food-storage-containers-13-5-fl-oz-400-ml-set-of-2,"Round Glass Food Storage Containers, 13.5 fl oz (400 mL), Set of 2","cat:gifts, cat:kitchen, cat:new-arrivals, Christmas, Classic/Heritage, Clear, Clear glass with silicone seal and metal closure; set of 2 for small-batch pantry organization, Everyday Use, Food Storage Container, Gifting, Glass, Hostess Gift, Housewarming, Metal, Minimalist, Organic Modern, REDONDO, Serving, Silicone, Thank-You, The Collected Home, The Tea Ritual, Wedding Season, Weekend Brunch, kit:eligible",Active
round-glass-storage-container-33-8-fl-oz-1000-ml,"Round Glass Storage Container, 33.8 fl oz (1000 mL)","A Gift with a Story, cat:kitchen, cat:new-arrivals, Classic/Heritage, Clear, Clear glass body for easy visibility; silicone seal with metal clamp closure, Coffee & Tea, Everyday Use, Gifting, Glass, Hostess Gift, Housewarming, Metal, Minimalist, Organic Modern, Pantry Jar, REDONDO, seg:weeknight-ceremony, Silicone, Thank-You, The Collected Home, The Tea Ritual, kit:eligible",Active
round-glass-storage-container-with-bamboo-lid-32-1-fl-oz,"Round Glass Storage Container with Bamboo Lid, 32.1 fl oz","BAMBU, cat:kitchen, cat:new-arrivals, Clear, Cooking Together, Dishwasher-safe; clear glass with bamboo lid, Everyday Use, Food Storage Container, Gifting, Glass, Hostess Gift, Housewarming, Japandi, Minimalist, Open-Door Hospitality, Organic Modern, Self-Gift, Serving, The Sunday Table, Wedding Season, Wood, kit:eligible",Active
round-glass-storage-container-with-metal-clasp-47-3-fl-oz,"Round Glass Storage Container with Metal Clasp, 47.3 fl oz","cat:kitchen, cat:new-arrivals, Clear, Décor & Styling, Everyday Beauty, Everyday Use, Gifting, Glass, Glass body with silicone seal; metal clasp closure, Hostess Gift, Housewarming, Metal, Minimalist, Organic Modern, REDONDO, Scandinavian, Silicone, Storage Jar, Thank-You, The Host's Touch, The Housewarming, Wedding Season, kit:eligible",Active
round-glass-storage-jar-25-4-fl-oz-750-ml,"Round Glass Storage Jar, 25.4 fl oz (750 mL)","cat:kitchen, cat:new-arrivals, Christmas, Clear, Coffee & Tea, Everyday Use, Gifting, Glass, Hostess Gift, Hostess Gifts, Housewarming, Metal, Minimalist, Organic Modern, REDONDO, Scandinavian, Silicone, Silicone seal with metal clasp; clear glass body for visible dry-food storage., Storage Jar, Thank-You, The Collected Home, The Tea Ritual, kit:eligible",Active
round-marble-and-brass-coasters-gold-lines-set-of-4,"Round Marble and Brass Coasters, Gold Lines, Set of 4","Bar & Barware, Brass, cat:gifts, cat:new-arrivals, cat:tabletop, Classic/Heritage, Coaster Set, Cocktail Hour, Entertaining, Everyday Use, Hostess Gift, Hostess Gifts, Housewarming, Marble, Minimalist, Natural, Natural marble with brass gold-line detail; set of 4., Organic Modern, seg:season-opener, seg:the-first-kitchen, The Well-Set Bar, Wedding, Wedding Season, White, kit:eligible",Active
round-marble-board-cheese-knives-set-of-4,"Round Marble Board & Cheese Knives, Set of 4","Bar & Barware, cat:gifts, cat:new-arrivals, cat:tabletop, Cheese Board Set, Christmas, Classic/Heritage, Cocktail Hour, Copper, Cuchillos, Entertaining, Hostess Gift, Hostess Gifts, Housewarming, Marble, Minimalist, Natural marble board; three stainless steel cheese knives included, Organic Modern, seg:season-opener, Serving, Stainless steel, Tabla, Thanksgiving, Wedding, Wedding Season, White, Wine Night, kit:eligible",Active
round-rubberwood-cheese-board-set-with-knives,Round Rubberwood Cheese Board Set with Knives,"cat:gifts, cat:new-arrivals, cat:tabletop, Caucho, Cheese Board Set, Christmas, Entertaining, Gifting, Hostess Gift, Hostess Gifts, Housewarming, Minimalist, Natural Wood, Organic Modern, Rubberwood board with internal tool storage; four stainless steel cheese tools included, Scandinavian, seg:first-dinner-party, seg:the-first-kitchen, seg:the-full-table, Serving, Stainless steel, Thanksgiving, The Dinner Party, Wedding, Wedding Season, Wine Night, Wood, kit:eligible",Active
round-silicone-food-storage-container-23-7-fl-oz,"Round Silicone Food Storage Container, 23.7 fl oz","100% silicone; dishwasher-safe; temperature-resistant from -40°F to 446°F (-40°C to 230°C)., Brown, cat:kitchen, cat:new-arrivals, Cooking & Baking, Cooking Together, Everyday Use, Food Storage Container, Gifting, Housewarming, Japandi, Minimalist, Open-Door Hospitality, Organic Modern, RECIPIENTES SILICONA, Self-Gift, Silicone, Thank-You, The Thoughtful Thank-You, Wedding Season, kit:eligible",Active
scalloped-ceramic-salad-bowl-50-7-fl-oz,"Scalloped Ceramic Salad Bowl, 50.7 fl oz","cat:new-arrivals, cat:tabletop, Ceramic, Christmas, Entertaining, Everyday Use, Hostess Gift, Housewarming, Microwave-safe; dishwasher-safe; 100% ceramic, Minimalist, Multicolor, NAHUA, Organic Modern, Salad Bowl, seg:the-first-kitchen, Serving, Thanksgiving, The Host's Touch, The Sunday Table, Wabi-Sabi, Wedding, Wedding Season, Weekend Gatherings, kit:eligible",Active
serena-gray-wine-glasses-14-5-fl-oz-set-of-2,"Serena Gray Wine Glasses, 14.5 fl oz, Set of 2","Bar & Barware, cat:bar-glassware, cat:gifts, cat:new-arrivals, Christmas, Dishwasher-safe; 100% soda-lime glass; set of 2, Entertaining, Gifting, Glass, Gray, Hostess Gift, Hostess Gifts, Housewarming, Lima, Minimalist, Organic Modern, Scandinavian, seg:first-dinner-party, seg:the-full-table, Soda, Thanksgiving, The Dinner Party, Wedding, Wedding Season, Wine Glass, Wine Night, gift-glass",Active
shell-paper-napkins-set-of-20,"Shell Paper Napkins, Set of 20","100% paper; 20-count set, cat:gifts, cat:new-arrivals, cat:tabletop, Coastal, Entertaining, Gifting, Hostess Gift, Housewarming, Just Because, Minimalist, Multicolor, Organic Modern, Papel, Paper Napkins, Poolside, seg:someone-in-mind, Serving, The Host's Touch, Wedding Season, Weekend Gatherings, kit:eligible",Active
silicone-4-compartment-food-storage-container-23-7-fl-oz,"Silicone 4 Compartment Food Storage Container, 23.7 fl oz","100% silicone; dishwasher-safe; temperature safe from -40°F to 446°F, Beige, cat:kitchen, cat:new-arrivals, Cooking & Baking, Cooking Together, Everyday Use, Food Storage Container, Gifting, Graduation, Graduation Season, Housewarming, Japandi, Minimalist, Organic Modern, RECIPIENTES SILICONA, seg:weeknight-ceremony, Self-Gift, Silicone, Slow Mornings, The Overnight Guest, kit:eligible",Active
silicone-and-rubberwood-rolling-pin-8-9-in-22-5-cm,"Silicone and Rubberwood Rolling Pin, 8.9 in (22.5 cm)","cat:kitchen, cat:new-arrivals, Caucho, Christmas, Cooking & Baking, Cooking Together, Everyday Use, Gifting, Gray, Housewarming, Minimalist, Organic Modern, Polypropylene, Pvc, Recipes Worth Passing Down, Rolling Pin, Scandinavian, Self-Gift, Silicone, Stick-resistant silicone surface; compact 8.9 in (22.5 cm) length, Thanksgiving, The Sunday Table, Wedding, Wedding Season, Wood, kit:eligible",Active
silicone-wine-glass-charms-set-of-12,"Silicone Wine Glass Charms, Set of 12","Bar & Barware, Bauhaus, cat:bar-glassware, cat:gifts, cat:new-arrivals, Christmas, Cocktail Hour, Entertaining, Flexible silicone; attaches to stems or rims; storage holder included, Hostess Gift, Housewarming, Minimalist, Multicolor, New Year, Organic Modern, seg:first-dinner-party, seg:season-opener, Silicone, Thank-You, Thanksgiving, The Dinner Party, Wine Glass Charms, Wine Night, kit:eligible",Active
silver-cocktail-shaker-stainless-steel,"Silver Cocktail Shaker, Stainless Steel","Bar & Barware, BAR PLATEADO, cat:bar-glassware, cat:new-arrivals, Cocktail Hour, Cocktail Shaker, Entertaining, Father's Day, Hostess Gift, Hostess Gifts, Housewarming, Mid-Century, Minimalist, New Year, Organic Modern, seg:season-opener, Self-Gift, Silver, Stainless steel, Stainless steel; silver finish, The Well-Set Bar, Wedding Season, kit:eligible",Active
silver-double-wall-stainless-steel-ice-bucket-with-lid,Silver Double-Wall Stainless Steel Ice Bucket with Lid,"Bar & Barware, BAR PLATEADO, Bauhaus, cat:bar-glassware, cat:new-arrivals, Classic/Heritage, Cocktail Hour, Double-wall stainless steel construction; fitted knob lid, Entertaining, Father's Day, Gifting, Hostess Gift, Housewarming, Ice Bucket, Minimalist, New Year, Open-Door Hospitality, seg:season-opener, Silver, Stainless steel, The Well-Set Bar, Wedding, Wedding Season, kit:eligible",Active
silver-hand-crank-coffee-grinder,Silver Hand-Crank Coffee Grinder,"CAFE, cat:new-arrivals, cat:tabletop, Christmas, Coffee & Tea, cord-free grinding; compact 6.7 in (17 cm) upright form, Everyday Use, Father's Day, Gifting, Hostess Gift, Housewarming, Manual, Manual Coffee Grinder, Minimalist, Organic Modern, Scandinavian, seg:weeknight-ceremony, Self-Gift, Silver, Slow Mornings, The Coffee Ritual, The Overnight Guest, Wedding Season, kit:eligible",Active
silver-hawthorne-cocktail-strainer,Silver Hawthorne Cocktail Strainer,"Bar & Barware, Bauhaus, cat:bar-glassware, cat:new-arrivals, Classic/Heritage, Cocktail Hour, Cocktail Strainer, Entertaining, Hostess Gift, Housewarming, Minimalist, New Year, seg:season-opener, Self-Gift, Silver, Stainless steel, Stainless steel; coiled Hawthorne design., The Nightcap, The Well-Set Bar, Wedding Season, kit:eligible",Active
silver-stainless-steel-can-opener-with-bottle-opener,Silver Stainless Steel Can Opener with Bottle Opener,"Abs, Can Opener, cat:kitchen, cat:new-arrivals, Classic/Heritage, Cooking & Baking, Cooking Together, Everyday Use, Gifting, Hostess Gift, Housewarming, Iron, Laminado, Minimalist, Open-Door Hospitality, Plastic, Self-Gift, Sharp stainless steel cutting wheel; built-in bottle opener, Silver, Stainless steel, Thanksgiving, The Host's Touch, kit:eligible",Active
silver-stainless-steel-cocktail-bar-spoon-12-2-in,"Silver Stainless Steel Cocktail Bar Spoon, 12.2 in","Bar & Barware, Bar Spoon, cat:bar-glassware, cat:new-arrivals, Classic/Heritage, Cocktail Hour, Father's Day, Gifting, Hostess Gift, Housewarming, Minimalist, New Year, Organic Modern, seg:season-opener, Self-Gift, Silver, Stainless steel, Stainless steel; long handle for mixing glasses and pitchers, The Nightcap, The Well-Set Bar, Wedding Season, kit:eligible",Active
silver-stainless-steel-cylindrical-cutlery-holder,Silver Stainless Steel Cylindrical Cutlery Holder,"cat:kitchen, cat:new-arrivals, Cooking & Baking, Cooking Together, Cutlery Holder, Everyday Use, Hostess Gift, Housewarming, Minimalist, Open-Door Hospitality, Scandinavian, Self-Gift, Serving, Silver, Stainless steel, Stainless steel; perforated body for airflow, The Host's Touch, Wedding Season, kit:eligible",Active
silver-stainless-steel-paring-knife,Silver Stainless Steel Paring Knife,"100% stainless steel construction; hand-wash care for longer surface life, cat:kitchen, cat:new-arrivals, Cooking & Baking, Cooking Together, Everyday Use, Gifting, Hostess Gift, Housewarming, Minimalist, Paring Knife, Scandinavian, seg:first-dinner-party, Self-Gift, Silver, Stainless steel, The Dinner Party, The Host's Touch, Wedding Season, kit:eligible",Active
silver-stainless-steel-pasta-server,Silver Stainless Steel Pasta Server,"cat:new-arrivals, cat:tabletop, Classic/Heritage, Cooking Together, Entertaining, Everyday Use, Hostess Gift, Housewarming, Minimalist, Organic Modern, Pasta Server, Recipes Worth Passing Down, seg:the-first-kitchen, SERVIDORAS PLATEADAS, Serving, Silver, Stainless steel, Stainless steel construction; dishwasher-safe with prompt drying, The Dinner Party, Wedding, Wedding Season, kit:eligible",Active
silver-stainless-steel-serving-ladle,Silver Stainless Steel Serving Ladle,"cat:new-arrivals, cat:tabletop, Christmas, Classic/Heritage, Dishwasher safe ladle; polished silver stainless steel., Entertaining, Everyday Use, Holiday Traditions, Hostess Gift, Housewarming, Minimalist, Organic Modern, seg:the-first-kitchen, seg:the-full-table, SERVIDORAS PLATEADAS, Serving, Serving Ladle, Silver, Stainless steel, Thanksgiving, The Dinner Party, The Sunday Table, Wedding, Wedding Season, kit:eligible",Active
silver-wine-bottle-stopper-set-of-6,Silver Wine Bottle Stopper Set of 6,"Aleacion, Bar & Barware, Bauhaus, cat:bar-glassware, cat:gifts, cat:new-arrivals, Caucho, Christmas, Entertaining, Gifting, Hostess Gift, Housewarming, Minimalist, Organic Modern, Plastic, seg:first-dinner-party, seg:someone-in-mind, seg:the-full-table, Set of 6; thermoplastic rubber seals; stainless steel accents, Silver, Stainless steel, Termoplástico, Thank-You, Thanksgiving, The Dinner Party, The Well-Set Bar, Wedding Season, Wine Bottle Stopper, Wine Night, Zinc, kit:eligible",Active
sky-blue-white-ceramic-cabinet-knobs-set-of-2,"Sky Blue & White Ceramic Cabinet Knobs, Set of 2","A Gift with a Story, Cabinet Knob, cat:decor, cat:gifts, cat:new-arrivals, Ceramic, Ceramic faces with metal fittings; matched set of 2, Classic/Heritage, Décor & Styling, Everyday Use, Gifting, Hostess Gift, Housewarming, Just Because, Metal, Minimalist, Multicolor, Organic Modern, seg:first-dinner-party, The Collected Home, The Housewarming, Wedding Season, kit:eligible",Active
slate-gray-5-piece-stainless-steel-knife-set,Slate Gray 5 Piece Stainless Steel Knife Set,"cat:gifts, cat:kitchen, cat:new-arrivals, Cooking & Baking, Cooking Together, Dishwasher safe; stainless steel blades; five-piece set, Everyday Use, Gifting, Graduation Season, Gray, Housewarming, Knife Set, Minimalist, Organic Modern, Plastic, Scandinavian, seg:first-dinner-party, seg:the-first-kitchen, Self-Gift, SLATE, Stainless steel, The Housewarming, The Sunday Table, Wedding, Wedding Season, kit:eligible",Active
slate-stainless-steel-kitchen-scissors-with-case,Slate Stainless Steel Kitchen Scissors with Case,"cat:kitchen, cat:new-arrivals, Cooking & Baking, Cooking Together, Everyday Use, Gifting, Hostess Gift, Housewarming, Kitchen Scissors, Minimalist, Organic Modern, Scandinavian, Self-Gift, Silver, SLATE, Stainless steel, Stainless steel; dishwasher-safe; includes protective case., The Host's Touch, The Housewarming, Wedding Season, kit:eligible",Active
small-airtight-food-storage-container-white-5-9-fl-oz,"Small Airtight Food Storage Container, White, 5.9 fl oz","Airtight silicone seal; microwave-safe with the lid removed., cat:kitchen, cat:new-arrivals, Clear, CONTENEDORES PLASTICOS BLANCO, Cooking & Baking, Cooking Together, Everyday Use, Food Storage Container, Gifting, Graduation Season, Hostess Gift, Housewarming, Minimalist, Organic Modern, Polypropylene, Scandinavian, Self-Gift, Silicone, The Host's Touch, The Overnight Guest, White, kit:eligible",Active
small-bamboo-serving-tray-with-handles,Small Bamboo Serving Tray with Handles,"100% bamboo; cutout handles; raised edges, Bamboo, BAMBU, Breakfast in Bed, cat:new-arrivals, cat:tabletop, Coastal, Décor & Styling, Everyday Use, Hostess Gift, Housewarming, Japandi, Mother's Day, Natural Wood, Organic Modern, Serving, Serving Tray, Thank-You, The Coffee Ritual, The Host's Touch, Wedding Season, kit:eligible",Active
small-bamboo-tray,Small Bamboo Tray,"100% bamboo; visible grain and knots; compact rimmed shape, A Gift with a Story, Bamboo, BAMBU, cat:new-arrivals, cat:tabletop, Décor & Styling, Gifting, Hostess Gift, Housewarming, Japandi, Natural Wood, Organic Modern, Serving, Serving Tray, Thank-You, The Host's Touch, The Tea Ritual, Wabi-Sabi, Wedding Season, kit:eligible",Active
small-glass-oil-vinegar-cruet-set-5-1-fl-oz-150-ml,"Small Glass Oil & Vinegar Cruet Set, 5.1 fl oz (150 mL)","cat:gifts, cat:kitchen, cat:new-arrivals, Christmas, Classic/Heritage, Clear, CUBO, Entertaining, Everyday Use, Glass, Gravity spouts for cleaner pouring; clear labeled bottles in a slim metal caddy, Hostess Gift, Housewarming, Minimalist, Oil & Vinegar Dispenser Set, Organic Modern, seg:first-dinner-party, seg:the-first-kitchen, seg:the-full-table, Serving, Stainless steel, Thanksgiving, The Dinner Party, The Host's Touch, The Sunday Table, Tpe, Wedding, Wedding Season, kit:eligible",Active
small-glass-storage-jar-with-spoon-and-bamboo-lid,Small Glass Storage Jar with Spoon and Bamboo Lid,"Bamboo, BAMBU, cat:kitchen, cat:new-arrivals, Christmas, Clear, Coffee & Tea, Dishwasher-safe; bamboo spoon included, Everyday Use, Gifting, Glass, Hostess Gift, Housewarming, Japandi, Minimalist, Mother's Day, Organic Modern, seg:weeknight-ceremony, Storage Jar, Thank-You, The Coffee Ritual, The Host's Touch, The Tea Ritual, Wedding Season, kit:eligible",Active
small-granite-effect-nonstick-saucepan-with-lid,Small Granite-Effect Nonstick Saucepan with Lid,"Aluminum, Baquelit, cat:kitchen, cat:new-arrivals, Cooking & Baking, Cooking Together, Everyday Use, Gifting, Glass, Granite-effect nonstick coating; glass lid and long handle for controlled daily cooking, GRANITO, Gray, Housewarming, Minimalist, Mother's Day, Organic Modern, Saucepan, Scandinavian, seg:the-first-kitchen, seg:weeknight-ceremony, Self-Gift, Silicone, The Housewarming, The Sunday Table, Wedding, Wedding Season, kit:eligible",Active
small-gray-silicone-funnel,Small Gray Silicone Funnel,"Bar & Barware, cat:kitchen, cat:new-arrivals, Christmas, Cocktail Hour, Cooking & Baking, Cooking Together, Dishwasher-safe; heat-resistant silicone, Everyday Use, Gray, Hostess Gift, Housewarming, Japandi, Kitchen Funnel, Minimalist, Organic Modern, SILICONA GRIS, Silicone, Thank-You, Thanksgiving, The Host's Touch, Wedding Season, kit:eligible",Active
small-green-glass-tree-candle-holder,Small Green Glass Tree Candle Holder,"100% soda-lime glass; compact green tree form for indoor candlelight., Candlelit Dinners, cat:decor, cat:new-arrivals, Christmas, Décor & Styling, Entertaining, Gifting, Glass, Green, Holiday Gift, Holiday Traditions, Hostess Gift, Housewarming, Lime, Organic Modern, Scandinavian, seg:someone-in-mind, Soda, Thanksgiving, The Host's Touch, Votive Candle Holder, Wabi-Sabi, kit:eligible",Active
small-oval-stainless-steel-grater-with-rubber-handle,Small Oval Stainless Steel Grater with Rubber Handle,"Black, cat:kitchen, cat:new-arrivals, Caucho, Cooking & Baking, Cooking Together, Gifting, Hand Grater, Hostess Gift, Housewarming, Minimalist, Scandinavian, seg:first-dinner-party, Self-Gift, Serving, Stainless steel, Stainless steel curved blade; rubber handle and base for controlled grip., Thanksgiving, The Dinner Party, The Host's Touch, Wedding Season, kit:eligible",Active
small-plastic-cutting-board-with-handle-white-black,"Small Plastic Cutting Board with Handle, White/Black","Black, cat:kitchen, cat:new-arrivals, Compact prep size; easy-grip handle opening; hand-wash care, Cooking & Baking, Cooking Together, Cutting Board, Everyday Use, Gifting, Hostess Gift, Housewarming, Minimalist, Open-Door Hospitality, Organic Modern, Plastic, Scandinavian, Self-Gift, The Overnight Guest, Wedding Season, White, kit:eligible",Active
small-stainless-steel-locking-tongs,Small Stainless Steel Locking Tongs,"Black, cat:kitchen, cat:new-arrivals, Cooking & Baking, Cooking Together, Entertaining, Everyday Use, Hostess Gift, Housewarming, Locking Tongs, Minimalist, Organic Modern, Scandinavian, seg:first-dinner-party, Self-Gift, Silver, Stainless steel, Stainless steel construction; locking design for compact storage, The Dinner Party, The Host's Touch, Wedding Season, kit:eligible",Active
small-stainless-steel-manual-whisk-5-3-in,"Small Stainless Steel Manual Whisk, 5.3 in","cat:kitchen, cat:new-arrivals, Coffee & Tea, Cooking & Baking, Everyday Use, Hostess Gift, Housewarming, Mini Whisk, Minimalist, Organic Modern, Scandinavian, seg:weeknight-ceremony, Self-Gift, Silver, Stainless steel, Stainless steel; easy hand cleaning, The Coffee Ritual, The Host's Touch, The Tea Ritual, Wedding Season, kit:eligible",Active
small-white-locking-food-storage-container,Small White Locking Food Storage Container,"Airtight locking closure; clear base for quick contents checks, cat:kitchen, cat:new-arrivals, Christmas, Clear, CONTENEDORES PLASTICOS BLANCO, Cooking & Baking, Cooking Together, Everyday Use, Food Storage Container, Gifting, Hostess Gift, Housewarming, Minimalist, Open-Door Hospitality, Organic Modern, Polypropylene, Scandinavian, Self-Gift, Silicone, Thanksgiving, The Thoughtful Thank-You, White, kit:eligible",Active
small-white-porcelain-egg-cup,Small White Porcelain Egg Cup,"Breakfast in Bed, cat:new-arrivals, cat:tabletop, Classic/Heritage, Coffee & Tea, Easter, Egg Cup, Everyday Use, Gifting, Hostess Gift, Housewarming, Microwave-safe; dishwasher-safe; non-porous porcelain resists odors and flavors., Minimalist, Mother's Day, Porcelain, Scandinavian, seg:weeknight-ceremony, Self-Gift, Slow Mornings, The Tea Ritual, White, kit:eligible",Active
smoke-gray-11-8-fl-oz-insulated-stainless-steel-bottle,Smoke Gray 11.8 fl oz Insulated Stainless Steel Bottle,"BPA-free insulated bottle; double-wall construction, cat:new-arrivals, cat:outdoor, Caucho, Coffee & Tea, Everyday Use, Graduation Season, Gray, Hostess Gift, Insulated Bottle, Minimalist, Organic Modern, Outdoor & Patio, Outdoor Living, Polypropylene, Scandinavian, seg:weeknight-ceremony, Self-Gift, Stainless steel, Termoplástico, Thank-You, The Coffee Ritual, The Tea Ritual, kit:eligible",Active
snow-carousel-santa-porcelain-soup-bowls-set-of-2,"Snow Carousel & Santa Porcelain Soup Bowls, Set of 2","cat:gifts, cat:new-arrivals, cat:tabletop, Christmas, Classic/Heritage, Entertaining, Everyday Use, Gifting, Holiday Gift, Holiday Traditions, Hostess Gift, Just Because, Microwave- and dishwasher-safe porcelain., Multicolor, NOCHE BUENA SNOW, Porcelain, Scandinavian, seg:someone-in-mind, Soup Bowl, The Cozy Season, The Thoughtful Thank-You, kit:eligible",Active
snow-christmas-tree-porcelain-serving-tray,Snow Christmas Tree Porcelain Serving Tray,"cat:new-arrivals, cat:tabletop, Christmas, Classic/Heritage, Dishwasher- and microwave-safe porcelain., Entertaining, Gifting, Holiday Gift, Holiday Traditions, Hostess Gift, Hostess Gifts, Housewarming, Multicolor, NOCHE BUENA SNOW, Organic Modern, Porcelain, seg:someone-in-mind, Serving, Serving Tray, The Host's Touch, kit:eligible",Active
snow-christmas-tree-porcelain-tray-6-7-in,"Snow Christmas Tree Porcelain Tray, 6.7 in","cat:new-arrivals, cat:tabletop, Christmas, Classic/Heritage, Entertaining, Gifting, Holiday Gift, Holiday Traditions, Hostess Gift, Hostess Gifts, Minimalist, Multicolor, NOCHE BUENA SNOW, Porcelain, Porcelain; microwave- and dishwasher-safe, Scandinavian, Serving, Serving Tray, Thank-You, The Host's Touch, kit:eligible",Active
snow-crown-christmas-paper-napkins-set-of-20,"Snow Crown Christmas Paper Napkins, Set of 20","100% paper; disposable set of 20., cat:gifts, cat:new-arrivals, cat:tabletop, Christmas, Classic/Heritage, Cocktail Hour, Entertaining, Gifting, Holiday Gift, Holiday Traditions, Hostess Gift, Hostess Gifts, Multicolor, NOCHE BUENA SNOW, Organic Modern, Papel, Paper Napkins, Scandinavian, seg:season-opener, Thank-You, kit:eligible",Active
snow-crown-porcelain-holiday-cake-stand-10-6-in,"Snow Crown Porcelain Holiday Cake Stand, 10.6 in","Cake Stand, cat:new-arrivals, cat:tabletop, Christmas, Classic/Heritage, Dishwasher-safe porcelain; microwave-safe, Entertaining, Gifting, Holiday Gift, Holiday Traditions, Hostess Gift, Housewarming, Multicolor, New Year, NOCHE BUENA SNOW, Organic Modern, Porcelain, Scandinavian, seg:the-full-table, Serving, The Art of the Table, The Sunday Table, kit:eligible",Active
snow-crown-porcelain-holiday-charger-plate-11-7-in,"Snow Crown Porcelain Holiday Charger Plate, 11.7 in","Candlelit Dinners, cat:new-arrivals, cat:tabletop, Charger Plate, Christmas, Classic/Heritage, Dinner Party, Entertaining, Holiday Gift, Holiday Traditions, Hostess Gift, Housewarming, Multicolor, NOCHE BUENA SNOW, Porcelain, Porcelain; microwave- and dishwasher-safe; non-abrasive care., Scandinavian, Special Occasion, The Dinner Party, kit:eligible",Active
snow-crown-porcelain-serving-bowl-9-4-in,"Snow Crown Porcelain Serving Bowl, 9.4 in","cat:new-arrivals, cat:tabletop, Christmas, Classic/Heritage, Entertaining, Gifting, Holiday Gift, Holiday Traditions, Hostess Gift, Hostess Gifts, Housewarming, Minimalist, Multicolor, NOCHE BUENA SNOW, Organic Modern, Porcelain, Porcelain; dishwasher- and microwave-safe., seg:someone-in-mind, Serving, Serving Bowl, The Sunday Table, kit:eligible",Active
snow-crownville-holiday-porcelain-dinner-plates-set-of-2,"Snow Crownville Holiday Porcelain Dinner Plates, Set of 2","cat:gifts, cat:new-arrivals, cat:tabletop, Christmas, Classic/Heritage, Dinner Party, Dinner Plate, Entertaining, Gifting, Holiday Gift, Holiday Traditions, Hostess Gift, Hostess Gifts, Housewarming, Multicolor, NOCHE BUENA SNOW, Porcelain, Porcelain; dishwasher-safe; microwave-safe; set of 2, Scandinavian, seg:first-dinner-party, seg:someone-in-mind, The Sunday Table, kit:eligible",Active
snow-holiday-porcelain-charger-plate,Snow Holiday Porcelain Charger Plate,"cat:new-arrivals, cat:tabletop, Charger Plate, Christmas, Classic/Heritage, Dinner Party, Dishwasher-safe and microwave-safe porcelain, Décor & Styling, Entertaining, Holiday Gift, Holiday Traditions, Hostess Gift, Housewarming, Minimalist, Multicolor, NOCHE BUENA SNOW, Porcelain, Scandinavian, Thanksgiving, The Art of the Table, The Dinner Party, kit:eligible",Active
snow-pine-artificial-christmas-wreath-23-6-in,"Snow Pine Artificial Christmas Wreath, 23.6 in","Alambre, Artificial Wreath, cat:decor, cat:new-arrivals, Christmas, Décor & Styling, Entertaining, Gifting, Green, Holiday Gift, Holiday Traditions, Hostess Gift, Housewarming, Indoor use; 90% polyethylene with 10% iron wire structure; easy dry-cloth care, Iron, Minimalist, Organic Modern, Polietileno, Scandinavian, Thanksgiving, The Collected Home, The Host's Touch, kit:eligible",Active
snow-pine-artificial-tabletop-tree-20-5-in,"Snow Pine Artificial Tabletop Tree, 20.5 in","Abeto, Artificial Tree, cat:decor, cat:new-arrivals, Chino, Christmas, Décor & Styling, Gifting, Green, Holiday Gift, Holiday Traditions, Hostess Gift, Housewarming, Indoor use; no watering or extra plant care; easy dry-cloth cleaning., Jute, Minimalist, New Year, Organic Modern, Polietileno, Scandinavian, Seasonal Tables, Special Occasion, The Host's Touch, kit:eligible",Active
snow-pine-decorative-tree-with-metal-base-47-2-in,"Snow Pine Decorative Tree with Metal Base, 47.2 in","Abeto, cat:decor, cat:new-arrivals, Chino, Christmas, Compact 47.2 in height with a metal base; indoor use with simple dry-cloth care., Decorative Tree, Décor & Styling, Gifting, Green, Holiday Gift, Holiday Traditions, Hostess Gift, Housewarming, Metal, Minimalist, Organic Modern, Polietileno, Scandinavian, Seasonal Tables, Special Occasion, The Collected Home, kit:eligible",Active
snow-pine-slim-artificial-christmas-tree-with-metal-base-59-8-in,"Snow Pine Slim Artificial Christmas Tree with Metal Base, 59.8 in","Abeto, Artificial Christmas Tree, cat:decor, cat:new-arrivals, Chino, Christmas, Décor & Styling, Entertaining, Gifting, Green, Holiday Gift, Holiday Traditions, Hostess Gift, Housewarming, Japandi, Metal, Metal base; indoor use only; dry-cloth care., New Year, Organic Modern, Polietileno, Scandinavian, Seasonal Tables, seg:someone-in-mind, The Host's Touch, kit:eligible",Active
snow-pine-tabletop-artificial-christmas-tree-30-3-in,"Snow Pine Tabletop Artificial Christmas Tree, 30.3 in","Artificial Tree, cat:decor, cat:new-arrivals, Christmas, Décor & Styling, Gifting, Green, Holiday Gift, Holiday Traditions, Hostess Gift, Housewarming, Indoor use; easy dry-cloth cleaning; no watering required, Jute, MDF, Minimalist, Organic Modern, Polietileno, Polifoam, Scandinavian, Seasonal Tables, seg:someone-in-mind, Special Occasion, The Host's Touch, Wood, kit:eligible",Active
snow-pine-tabletop-tree-with-trunk-base,Snow Pine Tabletop Tree with Trunk Base,"Abeto, Artificial Tabletop Tree, cat:decor, cat:new-arrivals, Chino, Christmas, Décor & Styling, Gifting, Green, Holiday Gift, Holiday Traditions, Hostess Gift, Housewarming, Minimalist, Organic Modern, Polietileno, Real Chinese fir trunk base; compact indoor form; dry-cloth care., Scandinavian, Seasonal Tables, Special Occasion, The Host's Touch, kit:eligible",Active
snow-pine-tree-with-pot-base-11-4-in-29-cm,"Snow Pine Tree with Pot Base, 11.4 in (29 cm)","Artificial Tree, cat:decor, cat:new-arrivals, Christmas, Décor & Styling, Entertaining, Gifting, Green, Holiday Gift, Holiday Traditions, Hostess Gift, Housewarming, Minimalist, No watering; dry-cloth care; potted tabletop size., Organic Modern, Papel, Polietileno, Polifoam, Scandinavian, Seasonal Tables, seg:someone-in-mind, The Host's Touch, kit:eligible",Active
snow-porcelain-salad-plates-set-of-4,"Snow Porcelain Salad Plates, Set of 4","cat:gifts, cat:new-arrivals, cat:tabletop, Christmas, Classic/Heritage, Dinner Party, Dishwasher-safe and microwave-safe porcelain; set of four assorted holiday designs., Entertaining, Gifting, Holiday Gift, Holiday Traditions, Hostess Gift, Housewarming, Multicolor, NOCHE BUENA SNOW, Organic Modern, Porcelain, Salad Plate, Scandinavian, seg:someone-in-mind, Thanksgiving, The Art of the Table, The Sunday Table, kit:eligible",Active
snow-santa-porcelain-holiday-serving-bowl-9-4-in,"Snow Santa Porcelain Holiday Serving Bowl, 9.4 in","cat:new-arrivals, cat:tabletop, Christmas, Classic/Heritage, Dishwasher-safe and microwave-safe porcelain bowl., Entertaining, Gifting, Holiday Gift, Holiday Traditions, Hostess Gift, Hostess Gifts, Housewarming, Multicolor, NOCHE BUENA SNOW, Porcelain, Scandinavian, Serving, Serving Bowl, The Sunday Table, kit:eligible",Active
snow-ville-paper-cocktail-napkins-set-of-20,"Snow Ville Paper Cocktail Napkins, Set of 20","100% paper; set of 20; disposable cleanup, cat:gifts, cat:new-arrivals, cat:tabletop, Christmas, Classic/Heritage, Entertaining, Gifting, Holiday Gift, Holiday Traditions, Hostess Gift, Hostess Gifts, Just Because, Multicolor, New Year, NOCHE BUENA SNOW, Papel, Paper Cocktail Napkins, Scandinavian, seg:someone-in-mind, Serving, The Host's Touch, kit:eligible",Active
snow-ville-porcelain-serving-tray-12-7-in,"Snow Ville Porcelain Serving Tray, 12.7 in","cat:new-arrivals, cat:tabletop, Christmas, Classic/Heritage, Entertaining, Holiday Gift, Holiday Traditions, Hostess Gift, Hostess Gifts, Housewarming, Microwave- and dishwasher-safe porcelain; 50.7 fl oz (1.5 L) capacity., Multicolor, New Year, NOCHE BUENA SNOW, Porcelain, Scandinavian, Serving, Serving Tray, Special Occasion, Thanksgiving, The Sunday Table, kit:eligible",Active
snowflake-cheese-board-knife-set-in-white-artificial-marble,Snowflake Cheese Board & Knife Set in White Artificial Marble,"Artificial, cat:gifts, cat:new-arrivals, cat:tabletop, Ceramic, Cheese Board Set, Christmas, Classic/Heritage, Cuchillo, Entertaining, Gifting, Holiday Gift, Holiday Traditions, Hostess Gift, Hostess Gifts, Housewarming, Marble, Minimalist, New Year, Scandinavian, seg:season-opener, seg:someone-in-mind, seg:the-full-table, Serving, Stainless steel, Tabla, The Art of the Table, Two-piece set with white artificial marble board and included cheese knife; stainless steel blade with ceramic handle., White, kit:eligible",Active
snowflake-clear-glass-goblets-set-of-2,"Snowflake Clear Glass Goblets, Set of 2","100% soda-lime glass; hand-wash care, Bar & Barware, cat:bar-glassware, cat:gifts, cat:new-arrivals, Christmas, Classic/Heritage, Clear, Cocktail Hour, Entertaining, Gifting, Glass, Hanukkah, Holiday Gift, Holiday Traditions, Hostess Gift, Housewarming, Minimalist, New Year, seg:season-opener, SNOWFLAKE, Sodalime, Wabi-Sabi, Wine Goblet, Wine Night, kit:eligible",Active
snowflake-dessert-plates-set-of-2,"Snowflake Dessert Plates, Set of 2","cat:gifts, cat:new-arrivals, cat:tabletop, Christmas, Classic/Heritage, Dessert Plate, Entertaining, Gifting, Hanukkah, Holiday Gift, Holiday Traditions, Hostess Gift, Housewarming, Microwave safe plates; dishwasher-safe new bone china; sculpted snowflake form., Minimalist, New Bone China, New Year, Porcelain, Scandinavian, seg:season-opener, seg:someone-in-mind, Serving, The Host's Touch, The Tea Ritual, White, kit:eligible",Active
snowflake-glass-tumblers-11-5-fl-oz-set-of-2,"Snowflake Glass Tumblers, 11.5 fl oz, Set of 2","Bar & Barware, cat:bar-glassware, cat:gifts, cat:new-arrivals, Christmas, Classic/Heritage, Clear, Clear soda-lime glass with raised snowflake pattern; matched set of 2., Cocktail Hour, Everyday Use, Glass, Holiday Gift, Holiday Traditions, Hostess Gift, Housewarming, Minimalist, New Year, Scandinavian, seg:season-opener, SNOWFLAKE, Sodalime, The Well-Set Bar, Tumbler, kit:eligible",Active
snowflake-white-ceramic-appetizer-plate-7-5-in,"Snowflake White Ceramic Appetizer Plate, 7.5 in","Appetizer Plate, cat:new-arrivals, cat:tabletop, Ceramic, Christmas, Entertaining, Gifting, Hanukkah, Holiday Gift, Holiday Traditions, Hostess Gift, Housewarming, Microwave-safe; dishwasher-safe; 100% ceramic, Minimalist, New Year, Organic Modern, Scandinavian, seg:someone-in-mind, Serving, SNOWFLAKE, The Host's Touch, The Tea Ritual, White, kit:eligible",Active
soda-lime-glass-honey-jar-with-bamboo-lid-and-dipper-11-4-fl-oz,"Soda-Lime Glass Honey Jar with Bamboo Lid and Dipper, 11.4 fl oz","Bambo, BAMBU, cat:kitchen, cat:new-arrivals, Christmas, Clear, Coffee & Tea, Gifting, Glass, Honey Pot, Hostess Gift, Hostess Gifts, Housewarming, Japandi, Lima, Minimalist, Mother's Day, Organic Modern, Serving, Silicone, Soda, Soda-lime glass jar; bamboo lid with dipper., Thank-You, The Tea Ritual, Wedding Season, Weekend Brunch, kit:eligible",Active
sonic-gray-glass-candleholder,Sonic Gray Glass Candleholder,"100% soda-lime glass; compact sculptural profile, Candleholder, Candlelit Dinners, cat:decor, cat:new-arrivals, Christmas, Décor & Styling, Entertaining, Gifting, Glass, Gray, Hanukkah, Hostess Gift, Housewarming, Just Because, Lime, Minimalist, Organic Modern, Slow Evenings, Soda, Thanksgiving, The Host's Touch, Wabi-Sabi, kit:eligible",Active
speckled-ceramic-vase-11-8-in-tonal-decorative-jug,"Speckled Ceramic Vase, 11.8 in Tonal Decorative Jug","100% ceramic; narrow neck with integrated handle, cat:decor, cat:new-arrivals, Ceramic, Christmas, Decorative Vase, Décor & Styling, Entertaining, Gifting, Hostess Gift, Hostess Gifts, Housewarming, Japandi, Minimalist, Mother's Day, Multicolor, Organic Modern, Thank-You, The Art of the Table, The Collected Home, Wedding Season, kit:eligible",Active
spiral-taper-candles-beige-set-of-2,"Spiral Taper Candles, Beige, Set of 2","Beige, Candlelit Dinners, cat:gifts, cat:home-fragrance, cat:new-arrivals, Cera, Christmas, Dinner Party, Décor & Styling, Entertaining, ESPIRAL, Hostess Gift, Housewarming, Minimalist, Organic Modern, Paraffin, Scandinavian, Soja, Taper Candle, Thank-You, Thanksgiving, The Dinner Party, The Host's Touch, Unscented; 80% paraffin and 20% soy wax blend; sculptural spiral form, Wedding Season, kit:eligible",Active
spring-floral-ceramic-salad-plates-7-9-in-set-of-4,"Spring Floral Ceramic Salad Plates, 7.9 in, Set of 4","cat:gifts, cat:new-arrivals, cat:tabletop, Ceramic, Certified lead- and cadmium-free; microwave- and dishwasher-safe, Classic/Heritage, Coastal, Dinner Party, Easter, Entertaining, Everyday Use, Hostess Gift, Housewarming, Just Because, Mother's Day, Multicolor, Organic Modern, PRIMAVERA, Salad Plate, Spring Refresh, The Art of the Table, The Sunday Table, Wedding Season, kit:eligible",Active
square-acacia-wood-coasters-set-of-6,"Square Acacia Wood Coasters, Set of 6","100% wood; lightweight, ACACIA, Bar & Barware, cat:gifts, cat:new-arrivals, cat:tabletop, Christmas, Coaster, Cocktail Hour, Entertaining, Everyday Use, Hostess Gift, Housewarming, Japandi, Minimalist, Natural, nonstick set of 6, Organic Modern, seg:first-dinner-party, seg:season-opener, Thank-You, The Coffee Ritual, The Host's Touch, Wedding Season, Wood, kit:eligible",Active
square-bamboo-napkin-holder,Square Bamboo Napkin Holder,"100% bamboo; open square caddy keeps paper napkins orderly and accessible, Bamboo, BAMBU, cat:new-arrivals, cat:tabletop, Christmas, Entertaining, Everyday Use, Hostess Gift, Housewarming, Japandi, Minimalist, Mother's Day, Napkin Holder, Natural, Organic Modern, Serving, Thank-You, Thanksgiving, The Host's Touch, The Sunday Table, Weekend Gatherings, kit:eligible",Active
square-gray-silicone-coasters-set-of-4,"Square Gray Silicone Coasters, Set of 4","100% silicone; Heat resistant from 5°F to 428°F (-15°C to 220°C); Set of 4, Bar & Barware, cat:gifts, cat:new-arrivals, cat:tabletop, Christmas, Coaster, Cocktail Hour, Entertaining, Everyday Use, Gray, Hostess Gift, Housewarming, Japandi, Minimalist, New Year, Organic Modern, seg:first-dinner-party, Silicone, Thank-You, Thanksgiving, The Coffee Ritual, The Host's Touch, kit:eligible",Active
square-matte-gold-iron-wire-napkin-holder,Square Matte Gold Iron Wire Napkin Holder,"100% iron wire; matte gold finish; open-frame storage for paper napkins, Alambre, ALUMINIO DORADO, Bauhaus, cat:new-arrivals, cat:tabletop, Christmas, Entertaining, Everyday Use, Gold, Hostess Gift, Housewarming, Iron, Minimalist, Napkin Holder, Organic Modern, Serving, Thank-You, Thanksgiving, The Host's Touch, The Sunday Table, Wedding Season, Weekend Gatherings, kit:eligible",Active
square-nonstick-baking-pan-with-handles,Square Nonstick Baking Pan with Handles,"Al, Antiadherente, Black, Carbono, cat:kitchen, cat:new-arrivals, Christmas, Classic/Heritage, Cooking & Baking, Cooking Together, Entertaining, Everyday Use, Housewarming, Minimalist, Mother's Day, Nonstick coating; carbon steel construction for even oven heat; practical side handles, Organic Modern, Recipes Worth Passing Down, Revestimiento, seg:the-first-kitchen, seg:weeknight-ceremony, Self-Gift, Square Baking Pan, Steel, Thanksgiving, The Sunday Table, Wedding, kit:eligible",Active
stainless-steel-and-silicone-kitchen-tongs-11-8-in-30-cm,"Stainless Steel and Silicone Kitchen Tongs, 11.8 in (30 cm)","cat:kitchen, cat:new-arrivals, Cooking & Baking, Cooking Together, Everyday Use, Father's Day, Gray, Hostess Gift, Housewarming, Kitchen Tongs, Minimalist, Organic Modern, seg:first-dinner-party, Self-Gift, Serving, Silicone, Silicone tips for nonstick cookware; locking stainless steel frame, Silver, Stainless steel, Thanksgiving, The Backyard BBQ, The Dinner Party, Wedding Season, kit:eligible",Active
stainless-steel-basket-strainer-9-8-in,"Stainless Steel Basket Strainer, 9.8 in","100% 201 stainless steel; dishwasher-safe, Basket Strainer, cat:kitchen, cat:new-arrivals, Classic/Heritage, Cooking & Baking, Cooking Together, Everyday Use, Gifting, Housewarming, Minimalist, Organic Modern, Self-Gift, Silver, Stainless steel, The Housewarming, The Sunday Table, Wedding, Wedding Season, kit:eligible",Active
stainless-steel-bbq-basting-pot-brush-set,Stainless Steel BBQ Basting Pot & Brush Set,"BBQ, BBQ Basting Set, Birthday, cat:gifts, cat:new-arrivals, cat:outdoor, Classic/Heritage, Entertaining, Father's Day, Fourth of July, Hostess Gift, Housewarming, Minimalist, Outdoor & Patio, Outdoor Living, seg:season-opener, Serving, Silver, Stainless steel, Stainless steel construction; two-piece handled sauce pot and brush set., The Backyard BBQ, Weekend Gatherings, kit:eligible",Active
stainless-steel-bbq-grill-basket,Stainless Steel BBQ Grill Basket,"BBQ, cat:new-arrivals, cat:outdoor, Classic/Heritage, Cooking & Baking, Dishwasher-safe stainless steel., Entertaining, Father's Day, Fourth of July, Grill Basket, Hostess Gift, Housewarming, Minimalist, Mother's Day, Organic Modern, Outdoor & Patio, Outdoor Living, Self-Gift, Silver, Stainless steel, The Backyard BBQ, Weekend Gatherings, kit:eligible",Active
stainless-steel-bbq-utensils-set-of-3,Stainless Steel BBQ Utensils Set of 3,"90% stainless steel with black thermoplastic rubber grips; 3-piece set with spatula, and fork, BBQ, BBQ Utensil Set, cat:gifts, cat:new-arrivals, cat:outdoor, Caucho, Fourth of July, Gifting, Hostess Gift, Housewarming, Minimalist, Organic Modern, Outdoor & Patio, Outdoor Living, seg:season-opener, Serving, Silver, Stainless steel, Termoplástico, The Backyard BBQ, tongs, Wedding Season, Weekend Gatherings, kit:eligible",Active
stainless-steel-bottle-pourer-stopper-set-of-2,Stainless Steel Bottle Pourer Stopper Set of 2,"Bottle Pourer Stopper, cat:gifts, cat:kitchen, cat:new-arrivals, Cooking Together, Entertaining, Everyday Use, Hostess Gift, Housewarming, Just Because, Minimalist, Open-Door Hospitality, Organic Modern, Scandinavian, seg:first-dinner-party, seg:someone-in-mind, seg:the-full-table, Serving, Silver, Stainless steel, Stainless steel with ribbed TPE grip; set of 2, The Dinner Party, Tpe, Wedding Season, kit:eligible",Active
stainless-steel-braiser-pot-with-glass-lid-3-4-qt,"Stainless Steel Braiser Pot with Glass Lid, 3.4 qt","Braiser Pot, cat:kitchen, cat:new-arrivals, Christmas, Cooking & Baking, Cooking Together, Everyday Use, Glass, Housewarming, Minimalist, OLLAS ACERO INOXIDABLE, Organic Modern, Scandinavian, seg:the-first-kitchen, seg:weeknight-ceremony, Self-Gift, Serving, Silver, Stainless steel, Stainless steel body; borosilicate glass lid for visible cooking, Thanksgiving, The Sunday Table, Wedding, Wedding Season, Weekend Gatherings, kit:eligible",Active
stainless-steel-cake-knife-and-server-set,Stainless Steel Cake Knife and Server Set,"18/0 stainless steel; dishwasher-safe with immediate drying; coordinated knife and server, Birthdays, Cake Knife & Server Set, cat:gifts, cat:new-arrivals, cat:tabletop, Christmas, Classic/Heritage, Entertaining, Gifting, Hostess Gift, Housewarming, Minimalist, Mother's Day, Scandinavian, Serving, Silver, Ss, Stainless steel, The Host's Touch, Wedding, Wedding Season, Weekend Gatherings, kit:eligible",Active
stainless-steel-cake-server-with-serrated-edge,Stainless Steel Cake Server with Serrated Edge,"Cake Server, cat:kitchen, cat:new-arrivals, Classic/Heritage, Entertaining, Gifting, Hostess Gift, Hostess Gifts, Housewarming, Minimalist, Polished stainless steel; serrated edge, Scandinavian, seg:first-dinner-party, seg:the-full-table, Serving, Silver, Stainless steel, Thanksgiving, The Dinner Party, The Sunday Table, Wedding, Wedding Season, kit:eligible",Active
stainless-steel-chef-knife-for-everyday-food-prep,Stainless Steel Chef Knife for Everyday Food Prep,"100% stainless steel; hand wash only., cat:kitchen, cat:new-arrivals, Chef Knife, Christmas, Cooking & Baking, Cooking Together, Everyday Use, Gifting, Housewarming, Minimalist, Organic Modern, Recipes Worth Passing Down, Scandinavian, seg:the-first-kitchen, Self-Gift, Silver, Stainless steel, Wedding, Wedding Season, Weekend Gatherings, kit:eligible",Active
stainless-steel-chef-utility-paring-knife-set-3-piece,"Stainless Steel Chef Utility Paring Knife Set, 3-Piece","and paring knives included., cat:gifts, cat:kitchen, cat:new-arrivals, Cooking & Baking, Cooking Together, Everyday Use, Gifting, Housewarming, Knife Set, Minimalist, Organic Modern, Recipes Worth Passing Down, Scandinavian, seg:the-first-kitchen, seg:weeknight-ceremony, Self-Gift, Silver, Stainless steel, Stainless steel; chef, The Housewarming, utility, Wedding, Wedding Season, kit:eligible",Active
stainless-steel-coffee-measuring-spoon-with-clip,Stainless Steel Coffee Measuring Spoon with Clip,"cat:new-arrivals, cat:tabletop, Christmas, Coffee & Tea, Coffee Measuring Spoon, Everyday Use, Father's Day, Gifting, Hostess Gift, Housewarming, Minimalist, Mother's Day, Organic Modern, Scandinavian, seg:weeknight-ceremony, Silver, Slow Mornings, Stainless steel, Stainless steel; built-in bag clip, Thank-You, The Coffee Ritual, The Host's Touch, kit:eligible",Active
stainless-steel-conical-kitchen-strainer-6-3-in,"Stainless Steel Conical Kitchen Strainer, 6.3 in","cat:kitchen, cat:new-arrivals, Conical Strainer, Cooking & Baking, Cooking Together, Dishwasher-safe; 100% 201 stainless steel, Entertaining, Everyday Use, Hostess Gift, Housewarming, Minimalist, Scandinavian, seg:first-dinner-party, Silver, Stainless steel, Thank-You, Thanksgiving, The Dinner Party, The Host's Touch, kit:eligible",Active
stainless-steel-corn-skewers-set-of-6,"Stainless Steel Corn Skewers, Set of 6","100% stainless steel; easy to clean, cat:gifts, cat:new-arrivals, cat:tabletop, Classic/Heritage, Corn Holder, Entertaining, Father's Day, Fourth of July, Hostess Gift, Housewarming, Just Because, Minimalist, Organic Modern, Outdoor & Patio, Outdoor Living, seg:first-dinner-party, seg:season-opener, seg:someone-in-mind, Serving, Silver, Stainless steel, The Backyard BBQ, Weekend Gatherings, kit:eligible",Active
stainless-steel-fine-mesh-strainer-5-5-in,"Stainless Steel Fine Mesh Strainer, 5.5 in","100% 201 stainless steel; dishwasher-safe., cat:kitchen, cat:new-arrivals, Christmas, Coffee & Tea, Cooking & Baking, Cooking Together, Everyday Use, Fine Mesh Strainer, Hostess Gift, Housewarming, Minimalist, Mother's Day, Organic Modern, Scandinavian, seg:weeknight-ceremony, Self-Gift, Silver, Stainless steel, Thanksgiving, The Tea Ritual, The Thoughtful Thank-You, kit:eligible",Active
stainless-steel-fine-mesh-strainer-7-9-in-20-cm,"Stainless Steel Fine Mesh Strainer, 7.9 in (20 cm)","100% 201 stainless steel; dishwasher-safe; hanging loop for storage, cat:kitchen, cat:new-arrivals, Coffee & Tea, Cooking & Baking, Cooking Together, Everyday Use, Hostess Gift, Housewarming, Mesh Strainer, Minimalist, Recipes Worth Passing Down, Scandinavian, seg:weeknight-ceremony, Self-Gift, Silver, Stainless steel, The Host's Touch, Wedding Season, kit:eligible",Active
stainless-steel-frying-pan-with-glass-lid-8-7-in-22-cm,"Stainless Steel Frying Pan with Glass Lid, 8.7 in (22 cm)","cat:kitchen, cat:new-arrivals, Cooking & Baking, Cooking Together, Everyday Use, Father's Day, Frying Pan, Gifting, Glass, Housewarming, Minimalist, Mother's Day, OLLAS ACERO INOXIDABLE, Organic Modern, Scandinavian, seg:the-first-kitchen, seg:weeknight-ceremony, Self-Gift, Silver, Slow Mornings, Stainless steel, Stainless steel body; borosilicate glass cover; coated cooking surface, The Sunday Table, Wedding, Wedding Season, kit:eligible",Active
stainless-steel-garlic-press,Stainless Steel Garlic Press,"cat:kitchen, cat:new-arrivals, Classic/Heritage, Cooking & Baking, Cooking Together, Everyday Use, Garlic Press, Gifting, Hostess Gift, Housewarming, Just Because, Minimalist, Mother's Day, Presses peeled or unpeeled garlic cloves; stainless steel construction, Recipes Worth Passing Down, Scandinavian, seg:first-dinner-party, seg:weeknight-ceremony, Silver, Stainless steel, The Dinner Party, Wedding Season, kit:eligible",Active
stainless-steel-hand-grater-with-black-grip,Stainless Steel Hand Grater with Black Grip,"Black, cat:kitchen, cat:new-arrivals, Cocktail Hour, Cooking & Baking, Cooking Together, Dishwasher-safe; stainless steel cutting surface; cushioned TPR and polypropylene handle, Everyday Use, Father's Day, Gifting, Hand Grater, Hostess Gift, Housewarming, Minimalist, Mother's Day, Organic Modern, Polypropylene, Self-Gift, Stainless steel, The Dinner Party, TPR, Wedding Season, kit:eligible",Active
stainless-steel-handheld-grater,Stainless Steel Handheld Grater,"Bar & Barware, cat:kitchen, cat:new-arrivals, Christmas, Cocktail Hour, Cooking & Baking, Cooking Together, Grater, Hostess Gift, Housewarming, Just Because, Minimalist, Organic Modern, Serving, Silver, Stainless steel, Stainless steel construction; slim handheld profile with hanging loop, Thanksgiving, The Host's Touch, Wedding Season, kit:eligible",Active
stainless-steel-ice-cream-scoop,Stainless Steel Ice Cream Scoop,"cat:kitchen, cat:new-arrivals, Classic/Heritage, Entertaining, Everyday Celebrations, Everyday Use, Hostess Gift, Housewarming, Ice Cream Scoop, Just Because, Minimalist, Organic Modern, Serving, Silver, Stainless steel, Stainless steel construction; pointed upturned tip reaches container corners, The Host's Touch, Weekend Gatherings, kit:eligible",Active
stainless-steel-ice-cubes-with-tongs-set-of-7,"Stainless Steel Ice Cubes with Tongs, Set of 7","Bar & Barware, Birthday, cat:bar-glassware, cat:gifts, cat:new-arrivals, Christmas, Cocktail Hour, Father's Day, Gifting, Hostess Gift, Housewarming, Mid-Century, Minimalist, Organic Modern, Reusable stainless steel; includes tongs for clean handling., seg:season-opener, Silver, Stainless steel, The Nightcap, The Well-Set Bar, Wedding Season, Whiskey Stones, kit:eligible",Active
stainless-steel-kitchen-scale-11-lb,"Stainless Steel Kitchen Scale, 11 lb","11 lb (5 kg) maximum capacity; stainless steel and tempered glass construction, cat:kitchen, cat:new-arrivals, Cooking & Baking, Cooking Together, Digital Kitchen Scale, Everyday Use, Galvanizado, Gifting, Glass, GRAMERA, Housewarming, Minimalist, Organic Modern, Plastic, Recipes Worth Passing Down, Scandinavian, seg:the-first-kitchen, Self-Gift, Silicone, Silver, Stainless steel, Templado, The Host's Touch, Wedding, Wedding Season, kit:eligible",Active
stainless-steel-manual-knife-sharpener,Stainless Steel Manual Knife Sharpener,"cat:kitchen, cat:new-arrivals, Cooking & Baking, Cooking Together, Everyday Use, Father's Day, Gifting, Hostess Gift, Housewarming, Knife Sharpener, Minimalist, Open-Door Hospitality, Organic Modern, Self-Gift, Silver, Stainless steel, Stainless steel construction; 10 to 15 pass sharpening action, The Host's Touch, Wedding Season, kit:eligible",Active
stainless-steel-meat-and-bbq-thermometer,Stainless Steel Meat and BBQ Thermometer,"BBQ, cat:new-arrivals, cat:outdoor, Classic/Heritage, Cooking & Baking, Cooking Together, Entertaining, Father's Day, Fourth of July, Hostess Gift, Housewarming, Meat Thermometer, Minimalist, Outdoor & Patio, Red, Self-Gift, Silver, Stainless steel, Stainless steel construction; oven and BBQ use, Thanksgiving, The Backyard BBQ, The Host's Touch, kit:eligible",Active
stainless-steel-mesh-strainer-with-wood-handle,Stainless Steel Mesh Strainer with Wood Handle,"cat:kitchen, cat:new-arrivals, Classic/Heritage, Cooking & Baking, Cooking Together, Everyday Use, Gifting, Hostess Gift, Housewarming, Mesh Strainer, Minimalist, Organic Modern, Self-Gift, Silver, Stainless steel, Stainless steel body; wood handle, The Host's Touch, The Sunday Table, Wedding Season, Wood, kit:eligible",Active
stainless-steel-mini-mesh-strainer,Stainless Steel Mini Mesh Strainer,"100% 201 stainless steel; dishwasher-safe, cat:kitchen, cat:new-arrivals, Coffee & Tea, Cooking & Baking, Cooking Together, Everyday Use, Graduation Season, Hostess Gift, Housewarming, Mesh Strainer, Minimalist, Scandinavian, seg:weeknight-ceremony, Self-Gift, Silver, Stainless steel, The Host's Touch, The Tea Ritual, Wedding Season, kit:eligible",Active
stainless-steel-non-slip-mixing-bowl-with-lid,Stainless Steel Non-Slip Mixing Bowl with Lid,"cat:kitchen, cat:new-arrivals, Cooking & Baking, Cooking Together, Everyday Use, Housewarming, Minimalist, Mixing Bowl, Non-slip silicone base; polyethylene lid for covered storage, Organic Modern, Polietileno, Scandinavian, seg:weeknight-ceremony, Self-Gift, Serving, Silicone, Silver, Ss, Stainless steel, Thank-You, The Host's Touch, The Sunday Table, Wedding Season, kit:eligible",Active
stainless-steel-pizza-cutter-wheel,Stainless Steel Pizza Cutter Wheel,"cat:kitchen, cat:new-arrivals, Classic/Heritage, Entertaining, Everyday Use, Graduation Season, Hostess Gift, Housewarming, Minimalist, Open-Door Hospitality, Organic Modern, Pizza Cutter, seg:first-dinner-party, Self-Gift, Serving, Silver, Stainless steel, Stainless steel construction; sharp rotating blade; two-sided finger guard, The Dinner Party, Wedding Season, Weekend Gatherings, kit:eligible",Active
stainless-steel-potato-ricer-masher,Stainless Steel Potato Ricer & Masher,"cat:kitchen, cat:new-arrivals, Christmas, Classic/Heritage, Cooking & Baking, Cooking Together, Everyday Use, Gifting, Hostess Gift, Housewarming, Minimalist, Organic Modern, Potato Ricer, seg:the-first-kitchen, seg:weeknight-ceremony, Silver, Stainless steel, Stainless steel; removable fine-hole cup for cleaning., Thanksgiving, The Sunday Table, Wedding, Wedding Season, kit:eligible",Active
stainless-steel-round-food-molds-set-of-3,"Stainless Steel Round Food Molds, Set of 3","cat:gifts, cat:kitchen, cat:new-arrivals, Cooking & Baking, Cooking Together, Entertaining, Hostess Gift, Housewarming, Minimalist, Organic Modern, Plating Ring Set, Scandinavian, seg:first-dinner-party, seg:the-full-table, seg:weeknight-ceremony, Self-Gift, Serving, Silver, Stainless steel, Stainless steel; three graduated sizes; compact nesting design, The Dinner Party, The Host's Touch, Wedding Season, kit:eligible",Active
stainless-steel-serrated-bread-knife-8-in-20-32-cm,"Stainless Steel Serrated Bread Knife, 8 in (20.32 cm)","Bread Knife, cat:kitchen, cat:new-arrivals, Everyday Use, Gifting, Hostess Gift, Housewarming, Minimalist, Scandinavian, Serving, Silver, Stainless steel, Stainless steel serrated blade; dishwasher-safe., The Host's Touch, The Sunday Table, Wedding, Wedding Season, Weekend Gatherings, kit:eligible",Active
stainless-steel-spiral-bbq-skewers-set-of-4,"Stainless Steel Spiral BBQ Skewers, Set of 4","BBQ, BBQ Skewer Set, cat:gifts, cat:new-arrivals, cat:outdoor, Entertaining, Fourth of July, Hostess Gift, Housewarming, Minimalist, Organic Modern, Outdoor & Patio, Outdoor Living, Reusable stainless steel; 16.9 in (43 cm) grilling reach; set of 4, seg:season-opener, Serving, Silver, Stainless steel, The Backyard BBQ, Weekend Gatherings, kit:eligible",Active
stainless-steel-splatter-screen-11-8-in,"Stainless Steel Splatter Screen, 11.8 in","201 stainless steel; vented mesh helps reduce oil splatter while steam escapes., cat:kitchen, cat:new-arrivals, Cooking & Baking, Cooking Together, Everyday Use, Father's Day, Gifting, Hostess Gift, Housewarming, Minimalist, Mother's Day, Organic Modern, Self-Gift, Silver, Splatter Screen, Stainless steel, The Housewarming, The Sunday Table, Wedding Season, kit:eligible",Active
stainless-steel-straw-set-with-cleaning-brush-set-of-5,"Stainless Steel Straw Set with Cleaning Brush, Set of 5","Bar & Barware, cat:bar-glassware, cat:gifts, cat:new-arrivals, Cocktail Hour, Everyday Use, Hostess Gift, Hostess Gifts, Housewarming, Minimalist, Organic Modern, Reusable Straw Set, Scandinavian, seg:first-dinner-party, seg:season-opener, Silver, Stainless steel, Stainless steel; reusable; cleaning brush included., Thank-You, The Well-Set Bar, kit:eligible",Active
stainless-steel-tea-infuser-ball-with-chain-1-7-in,"Stainless Steel Tea Infuser Ball with Chain, 1.7 in","cat:new-arrivals, cat:tabletop, Christmas, Coffee & Tea, Everyday Use, Gifting, Hostess Gift, Hostess Gifts, Japandi, Just Because, Minimalist, Mother's Day, Reusable stainless steel; chain-and-hook removal, Scandinavian, seg:weeknight-ceremony, Silver, Slow Mornings, Stainless steel, Tea Infuser, Thank-You, The Tea Ritual, kit:eligible",Active
stainless-steel-tea-infuser-tongs-1-6-in,"Stainless Steel Tea Infuser Tongs, 1.6 in","cat:new-arrivals, cat:tabletop, Christmas, Classic/Heritage, Coffee & Tea, Dishwasher-safe stainless steel; one-cup mesh ball with tong handle, Everyday Use, Gifting, Hanukkah, Hostess Gift, Hostess Gifts, Just Because, Minimalist, Mother's Day, Scandinavian, seg:weeknight-ceremony, Silver, Slow Mornings, Stainless steel, Tea Infuser Tongs, Thank-You, The Tea Ritual, kit:eligible",Active
stainless-steel-utility-knife-for-food-prep,Stainless Steel Utility Knife for Food Prep,"100% stainless steel construction; slim food-only blade for controlled prep, cat:kitchen, cat:new-arrivals, Cooking & Baking, Cooking Together, Everyday Use, Gifting, Hostess Gift, Hostess Gifts, Housewarming, Minimalist, Organic Modern, Self-Gift, Silver, Stainless steel, The Host's Touch, Utility Knife, Wedding Season, kit:eligible",Active
stainless-steel-vertical-vegetable-peeler,Stainless Steel Vertical Vegetable Peeler,"Abs, Black, cat:kitchen, cat:new-arrivals, Cooking & Baking, Cooking Together, Everyday Use, Gifting, Hostess Gift, Hostess Gifts, Housewarming, Minimalist, Organic Modern, Plastic, Scandinavian, Self-Gift, Silver, Stainless steel, Stainless steel blade; removes extra-thin layers, Thanksgiving, The Sunday Table, Vegetable Peeler, kit:eligible",Active
stainless-steel-whistling-tea-kettle-50-7-fl-oz-1-5-l,"Stainless Steel Whistling Tea Kettle, 50.7 fl oz (1.5 L)","All-stovetop compatibility including induction; audible whistling spout., cat:new-arrivals, cat:tabletop, Christmas, Coffee & Tea, Everyday Use, Gifting, Hostess Gift, Housewarming, Minimalist, Mother's Day, Nailon, Organic Modern, Scandinavian, seg:the-first-kitchen, seg:weeknight-ceremony, Silver, Slow Mornings, Stainless steel, TETERA, The Coffee Ritual, The Tea Ritual, Wedding, Wedding Season, Whistling Tea Kettle, kit:eligible",Active
stainless-steel-wine-stopper-pourer,Stainless Steel Wine Stopper Pourer,"Bar & Barware, Bauhaus, Black, cat:bar-glassware, cat:new-arrivals, Christmas, Entertaining, Gifting, Hostess Gift, Hostess Gifts, Housewarming, Minimalist, New Year, Plastic, Scandinavian, seg:someone-in-mind, Silver, Stainless steel, Thank-You, Thanksgiving, The Dinner Party, Two-in-one pourer and stopper; drip-free lever pour for short-term storage., Wine Night, Wine Pourer/Stopper, kit:eligible",Active
stainless-steel-wing-corkscrew-wine-opener,Stainless Steel Wing Corkscrew Wine Opener,"Bar & Barware, cat:bar-glassware, cat:new-arrivals, Christmas, Classic/Heritage, Cocktail Hour, Entertaining, Father's Day, Gifting, Hostess Gift, Housewarming, Minimalist, seg:season-opener, Silver, Stainless steel, Stainless steel; self-aligning wing action; built-in bottle opener; soft-touch grip, The Well-Set Bar, Wedding, Wedding Season, Wine Night, Wing Corkscrew, kit:eligible",Active
stainless-steel-winged-corkscrew-with-bottle-opener,Stainless Steel Winged Corkscrew with Bottle Opener,"Bar & Barware, Built-in bottle opener; rubber-grip wings, cat:bar-glassware, cat:new-arrivals, Caucho, Christmas, Classic/Heritage, Entertaining, Father's Day, Gifting, Hostess Gift, Housewarming, Minimalist, seg:someone-in-mind, Self-Gift, Silver, Stainless steel, The Dinner Party, The Well-Set Bar, Wedding Season, Wine Night, Winged Corkscrew, kit:eligible",Active
stainless-steel-y-vegetable-peeler,Stainless Steel Y Vegetable Peeler,"Abs, Black, cat:kitchen, cat:new-arrivals, Cooking & Baking, Cooking Together, Everyday Use, Gifting, Hostess Gift, Housewarming, Minimalist, Organic Modern, Plastic, Recipes Worth Passing Down, Self-Gift, Silver, Stainless steel, Stainless steel and ABS plastic; straight Y-shaped blade; hanging loop., Thanksgiving, The Housewarming, Vegetable Peeler, kit:eligible",Active
standing-natural-grass-bear-figurine,Standing Natural Grass Bear Figurine,"cat:decor, cat:new-arrivals, Christmas, Decorative Figurine, Décor & Styling, Freestanding design; textured grass fiber over polyfoam., Gifting, Hierba, Holiday Gift, Hostess Gift, Housewarming, Natural, Objects with Stories, Organic Modern, Poliespuma, Scandinavian, Seasonal Tables, Special Occasion, Thanksgiving, The Collected Home, Wabi-Sabi, kit:eligible",Active
starfish-napkin-rings-set-of-4,"Starfish Napkin Rings, Set of 4","Blanca, cat:gifts, cat:new-arrivals, cat:tabletop, Coastal, Dinner Party, dry cloth., Décor & Styling, Entertaining, Fourth of July, Hostess Gift, Housewarming, Just Because, Minimalist, Napkin Ring, Organic Modern, Outdoor Living, Pvc, Resin, seg:someone-in-mind, Set of 4; white PVC and resin; wipe with a soft, Summer Entertaining, The Sunday Table, Wedding Season, kit:eligible",Active
starfish-wood-door-stop-wedge,Starfish Wood Door Stop Wedge,"Aluminum, cat:decor, cat:new-arrivals, Coastal, Door Stop Wedge, Décor & Styling, Everyday Use, Gifting, Gold, Hostess Gift, Housewarming, Natural, Natural Wood, No installation required; wood wedge with aluminum starfish detail, Objects with Stories, Open-Door Hospitality, Organic Modern, Thank-You, The Housewarming, Wabi-Sabi, Wood, kit:eligible",Active
stemmed-coffee-glasses-11-8-fl-oz-set-of-2,"Stemmed Coffee Glasses, 11.8 fl oz, Set of 2","cat:gifts, cat:new-arrivals, cat:tabletop, Christmas, Classic/Heritage, Clear, Clear glass; footed shape; boxed set of 2, Coffee & Tea, Everyday Use, Gifting, Glass, Glass Coffee Mug, Hostess Gift, Hostess Gifts, Housewarming, Minimalist, Scandinavian, seg:someone-in-mind, seg:weeknight-ceremony, Thank-You, The Coffee Ritual, Wedding Season, Weekend Brunch, kit:eligible",Active
straight-artificial-eucalyptus-branch-37-4-in,"Straight Artificial Eucalyptus Branch, 37.4 in","Artificial Branch, cat:decor, cat:new-arrivals, Décor & Styling, EUCALIPTO, Everyday Use, Flowers on the Table, Gifting, Green, Hostess Gift, Housewarming, Iron, Just Because, Minimalist, or special care required; does not attract insects., Organic Modern, Polietileno, Polyester, Realistic appearance; no water, Scandinavian, sunlight, The Collected Home, The Housewarming, Wedding Season, kit:eligible",Active
straw-brush-set-of-2-with-edge-cleaner,Straw Brush Set of 2 with Edge Cleaner,"and small crevices., Bar & Barware, cat:bar-glassware, cat:gifts, cat:new-arrivals, Cocktail Hour, Coffee & Tea, Everyday Use, Hostess Gift, Housewarming, Just Because, lid edges, Minimalist, Polypropylene, seg:first-dinner-party, seg:season-opener, Set of 2; slim design for straws, Silver, Stainless steel, Straw Cleaning Brush, The Coffee Ritual, The Well-Set Bar, kit:eligible",Active
strawberry-ceramic-coffee-cup-and-saucer-set-of-4-7-8-fl-oz,"Strawberry Ceramic Coffee Cup and Saucer Set of 4, 7.8 fl oz","cat:gifts, cat:new-arrivals, cat:tabletop, Ceramic, Classic/Heritage, Coffee & Tea, Cup & Saucer Set, Easter, Entertaining, FRESA, Gifting, Hostess Gift, Housewarming, Lead- and cadmium-free; microwave- and dishwasher-safe, Mother's Day, Multicolor, Organic Modern, Thank-You, The Coffee Ritual, The Tea Ritual, Wedding Season, Weekend Brunch, kit:eligible",Active
strawberry-ceramic-dinner-plates-10-6-in-set-of-2,"Strawberry Ceramic Dinner Plates, 10.6 in, Set of 2","cat:gifts, cat:new-arrivals, cat:tabletop, Ceramic, Classic/Heritage, Dinner Plate, Easter, Entertaining, Everyday Use, FRESA, Garden Parties, Hostess Gift, Housewarming, Lead- and cadmium-free ceramic; microwave- and dishwasher-safe, Mediterranean, Mother's Day, Multicolor, Organic Modern, Serving, Thank-You, The Sunday Table, Weekend Brunch, kit:eligible",Active
strawberry-ceramic-salad-plates-set-of-4-8-3-in,"Strawberry Ceramic Salad Plates Set of 4, 8.3 in","cat:gifts, cat:new-arrivals, cat:tabletop, Ceramic, Certified lead- and cadmium-free; microwave- and dishwasher-safe., Classic/Heritage, Coastal, Easter, Entertaining, Everyday Use, FRESA, Hostess Gift, Housewarming, Just Because, Mother's Day, Multicolor, Organic Modern, Salad Plate, Serving, The Art of the Table, The Sunday Table, Wedding Season, Weekend Brunch, kit:eligible",Active
strawberry-ceramic-serving-tray-13-in,"Strawberry Ceramic Serving Tray, 13 in","Birthday, cat:new-arrivals, cat:tabletop, Ceramic, Coastal, Cocktail Hour, Easter, Entertaining, FRESA, Gifting, Hostess Gift, Housewarming, Lead- and cadmium-free; microwave- and dishwasher-safe, Mother's Day, Multicolor, Organic Modern, Serving, Serving Tray, The Host's Touch, Wabi-Sabi, Wedding Season, Weekend Brunch, kit:eligible",Active
strawberry-paper-napkins-set-of-20,"Strawberry Paper Napkins, Set of 20","100% paper; set of 20 disposable napkins, cat:gifts, cat:new-arrivals, cat:tabletop, Classic/Heritage, Coastal, Easter, Entertaining, Fourth of July, FRUTAS, Garden Parties, Gifting, Hostess Gift, Housewarming, Just Because, Mother's Day, Multicolor, Organic Modern, Papel, Paper Napkins, Serving, The Host's Touch, Weekend Brunch, kit:eligible",Active
striped-marble-and-wood-picture-frame-10-2-in,"Striped Marble and Wood Picture Frame, 10.2 in","A Gift with a Story, cat:decor, cat:new-arrivals, Christmas, Décor & Styling, Everyday Use, Gifting, Housewarming, Japandi, Minimalist, Mother's Day, Objects with Stories, Organic Modern, Picture Frame, Real marble and wood; striped front., seg:the-first-kitchen, Thank-You, The Collected Home, Wedding, Wedding Season, White and natural brown, kit:eligible",Active
striped-marble-and-wood-picture-frame-8-3-in,"Striped Marble and Wood Picture Frame, 8.3 in","cat:decor, cat:new-arrivals, Coastal, Décor & Styling, Everyday Use, Gifting, Housewarming, Japandi, Marble and wood construction; compact tabletop scale., Mother's Day, Objects with Stories, Organic Modern, Picture Frame, seg:the-first-kitchen, Thank-You, The Collected Home, The Housewarming, Wedding, Wedding Season, White marble and natural wood, kit:eligible",Active
tall-double-wall-glass-mugs-5-4-fl-oz-set-of-2,"Tall Double-Wall Glass Mugs, 5.4 fl oz, Set of 2","cat:gifts, cat:new-arrivals, cat:tabletop, Clear, Coffee & Tea, Double-wall borosilicate glass; insulated construction that helps reduce condensation and exterior heat transfer, Everyday Use, Father's Day, Gifting, Glass, Glass Mug, Hostess Gift, Hostess Gifts, Housewarming, Minimalist, Mother's Day, Organic Modern, Scandinavian, seg:weeknight-ceremony, Thank-You, The Coffee Ritual, The Tea Ritual, VIDRIO DOBLE PARED, kit:eligible",Active
tarren-beige-ceramic-vase-with-handles,Tarren Beige Ceramic Vase with Handles,"Beige, cat:decor, cat:new-arrivals, Ceramic, Decorative Vase, Décor & Styling, Entertaining, Gifting, Hostess Gift, Housewarming, Japandi, Objects with Stories, Organic Modern, Self-Gift, TARREN, Textured ceramic vase; compact 6.7 in (17 cm) height for shelves and side tables, The Collected Home, The Host's Touch, Wabi-Sabi, Wedding Season, kit:eligible",Active
tarren-large-beige-ceramic-vase-with-handles,Tarren Large Beige Ceramic Vase with Handles,"Beige, cat:decor, cat:new-arrivals, Ceramic, Ceramic with sculptural side handles; designed for indoor decorative use., Decorative Vase, Décor & Styling, Entertaining, Gifting, Hostess Gift, Housewarming, Minimalist, Mother's Day, Objects with Stories, Organic Modern, TARREN, The Collected Home, The Housewarming, Wabi-Sabi, Wedding, Wedding Season, kit:eligible",Active
teramo-round-water-hyacinth-placemat,Teramo Round Water Hyacinth Placemat,"98% water hyacinth; wipe clean with a soft cloth., cat:new-arrivals, cat:tabletop, Christmas, Coastal, Entertaining, Everyday Use, Hostess Gift, Housewarming, Jacinto, Natural, Organic Modern, Placemat, seg:the-first-kitchen, seg:the-full-table, Serving, Thanksgiving, The Art of the Table, The Sunday Table, Wabi-Sabi, Wedding, Wedding Season, Weekend Gatherings, Wood, kit:eligible",Active
tesoro-jungla-new-bone-china-cup-and-saucer-set-set-of-4,"Tesoro Jungla New Bone China Cup and Saucer Set, Set of 4","cat:gifts, cat:new-arrivals, cat:tabletop, Christmas, Classic/Heritage, Coffee & Tea, Cup and Saucer Set, Entertaining, Gifting, Hostess Gift, Hostess Gifts, Housewarming, Mediterranean, Mother's Day, Multicolor, New Bone China, Organic Modern, Porcelain, Service for four in 100% new bone china; matching saucers included, TESORO JUNGLA, Thank-You, The Coffee Ritual, The Tea Ritual, Wedding Season, kit:eligible",Active
tesoro-jungla-new-bone-china-plates-7-9-in-20-cm-set-of-4,"Tesoro Jungla New Bone China Plates, 7.9 in (20 cm), Set of 4","100% new bone china; assorted animal-and-floral designs, cat:gifts, cat:new-arrivals, cat:tabletop, Classic/Heritage, Dessert Plate, Entertaining, Gifting, Hostess Gift, Housewarming, Mediterranean, Multicolor, New Bone China, Organic Modern, Porcelain, seg:first-dinner-party, seg:season-opener, seg:the-full-table, Serving, TESORO JUNGLA, The Art of the Table, The Dinner Party, Wedding, Wedding Season, Weekend Gatherings, kit:eligible",Active
textured-stainless-steel-muddler,Textured Stainless Steel Muddler,"Bar & Barware, cat:bar-glassware, cat:new-arrivals, Cocktail Hour, Cocktail Muddler, Entertaining, Father's Day, Hostess Gift, Hostess Gifts, Housewarming, Mid-Century, Minimalist, New Year, Organic Modern, Polypropylene, seg:season-opener, Self-Gift, Silver, Stainless steel, Stainless steel handle; textured polypropylene head; soft grip; hand-wash care., The Well-Set Bar, Wedding Season, kit:eligible",Active
the-heirloom-box-family-recipe-card,The Heirloom Box & Family Recipe Card,kit:eligible,Active
tiger-wood-aluminum-door-wedge,Tiger Wood & Aluminum Door Wedge,"Aluminum, Brown, cat:decor, cat:new-arrivals, Classic/Heritage, Door Stop, Décor & Styling, Everyday Use, Gifting, Gold, Hostess Gift, Housewarming, No-install wood wedge with aluminum tiger accent, Organic Modern, Self-Gift, The Host's Touch, The Housewarming, The Overnight Guest, Wabi-Sabi, Wedding Season, Wood, kit:eligible",Active
toledo-embossed-vintage-wine-glasses-9-5-fl-oz-set-of-2,"Toledo Embossed Vintage Wine Glasses, 9.5 fl oz, Set of 2","Bar & Barware, cat:bar-glassware, cat:gifts, cat:new-arrivals, Classic/Heritage, Clear, Cocktail Hour, Dishwasher-safe clear glass; raised geometric relief., Entertaining, Glass, Hostess Gift, Housewarming, Minimalist, seg:season-opener, The Well-Set Bar, TOLEDO, Wedding, Wedding Season, Wine Glass, Wine Night, gift-glass",Active
toledo-textured-glass-tumblers-10-1-fl-oz-set-of-2,"Toledo Textured Glass Tumblers, 10.1 fl oz, Set of 2","Bar & Barware, Bauhaus, cat:bar-glassware, cat:gifts, cat:new-arrivals, Classic/Heritage, Clear, Cocktail Hour, Dishwasher-safe clear glass; raised relief texture for grip., Everyday Use, Glass, Hostess Gift, Hostess Gifts, Housewarming, Minimalist, New Year, seg:first-dinner-party, Self-Gift, The Nightcap, TOLEDO, Tumbler, Wedding Season, gift-glass",Active
tomato-ceramic-dinner-plates-set-of-2,"Tomato Ceramic Dinner Plates, Set of 2","cat:gifts, cat:new-arrivals, cat:tabletop, Ceramic, Christmas, Dinner Party, Dinner Plate, Entertaining, Everyday Celebrations, Everyday Use, Hostess Gift, Housewarming, HUERTO MESTIZO, Lead- and cadmium-free ceramic; microwave- and dishwasher-safe, Mediterranean, Organic Modern, Red, Thanksgiving, The Dinner Party, Wabi-Sabi, Wedding, Wedding Season, Weekend Gatherings, kit:eligible",Active
tomato-ceramic-salad-plates-set-of-2,"Tomato Ceramic Salad Plates, Set of 2","cat:gifts, cat:new-arrivals, cat:tabletop, Ceramic, Classic/Heritage, Everyday Use, Gifting, Hostess Gift, Housewarming, HUERTO MESTIZO, Just Because, Lead- and cadmium-free ceramic; microwave- and dishwasher-safe, Mediterranean, Mother's Day, Organic Modern, Red, Salad Plate, seg:someone-in-mind, Serving, The Art of the Table, The Sunday Table, Wedding Season, Weekend Brunch, kit:eligible",Active
tomato-paper-cocktail-napkins-set-of-20,"Tomato Paper Cocktail Napkins, Set of 20","100% paper; disposable cleanup, cat:gifts, cat:new-arrivals, cat:tabletop, Cocktail Hour, Entertaining, Fourth of July, Hostess Gift, Housewarming, Just Because, Mediterranean, Minimalist, Organic Modern, Papel, Paper Cocktail Napkins, Red, seg:season-opener, seg:someone-in-mind, Serving, The Backyard BBQ, Weekend Gatherings, kit:eligible",Active
totem-electric-salt-pepper-mill,Totem Electric Salt & Pepper Mill,"Aluminum, Bamboo, BAMBU, cat:new-arrivals, cat:tabletop, Ceramic, Christmas, Cooking Together, Copper, Electric operation for reduced hand-twisting; bamboo construction with ceramic grinding component, Electric Salt & Pepper Mill, Entertaining, Everyday Use, Hostess Gift, Housewarming, Japandi, Minimalist, Natural, Organic Modern, Self-Gift, Serving, Stainless steel, The Dinner Party, The Host's Touch, Wedding Season, kit:eligible",Active
trattoria-9-1-in-porcelain-pasta-bowls-set-of-4,"Trattoria 9.1 in Porcelain Pasta Bowls, Set of 4","and dishwasher-safe., cat:gifts, cat:new-arrivals, cat:tabletop, Christmas, Classic/Heritage, Entertaining, Everyday Use, Hostess Gift, Housewarming, Lead- and cadmium-free porcelain; microwave-, Mediterranean, Multicolor, Organic Modern, oven-, Pasta Bowl, Porcelain, seg:season-opener, seg:the-first-kitchen, seg:the-full-table, Serving, Thanksgiving, The Art of the Table, The Sunday Table, TRATTORIA, Wedding, Wedding Season, Weekend Gatherings, kit:eligible",Active
trattoria-decorative-paper-napkins-set-of-20,"Trattoria Decorative Paper Napkins, Set of 20","cat:gifts, cat:new-arrivals, cat:tabletop, Classic/Heritage, Disposable paper; set of 20; 13 in (33 cm) dinner-size square., Easter, Entertaining, Gifting, Hostess Gift, Hostess Gifts, Housewarming, Mediterranean, Mother's Day, Multicolor, Organic Modern, Papel, Paper Napkins, Serving, Thank-You, Thanksgiving, The Sunday Table, TRATTORIA, Weekend Gatherings, kit:eligible",Active
trattoria-porcelain-dinner-plate-11-8-in,"Trattoria Porcelain Dinner Plate, 11.8 in","and dishwasher-safe; handmade., cat:new-arrivals, cat:tabletop, Classic/Heritage, Coastal, Dinner Plate, Entertaining, Everyday Use, Hostess Gift, Housewarming, Lead- and cadmium-free porcelain; microwave-, Multicolor, Organic Modern, oven-, Porcelain, Serving, The Art of the Table, The Dinner Party, The Sunday Table, TRATTORIA, Wedding, Wedding Season, kit:eligible",Active
trattoria-porcelain-dinner-plates-10-6-in-set-of-4,"Trattoria Porcelain Dinner Plates, 10.6 in, Set of 4","and dishwasher-safe., cat:gifts, cat:new-arrivals, cat:tabletop, Certified lead- and cadmium-free; microwave-, Christmas, Classic/Heritage, Dinner Party, Dinner Plate, Entertaining, Everyday Use, Hostess Gift, Housewarming, Mediterranean, Multicolor, Organic Modern, oven-, Porcelain, Thanksgiving, The Art of the Table, The Dinner Party, The Sunday Table, TRATTORIA, Wedding, Wedding Season, kit:eligible",Active
trattoria-porcelain-serving-bowl-11-8-in-30-cm,"Trattoria Porcelain Serving Bowl, 11.8 in (30 cm)","and dishwasher-safe; artisan-made., cat:new-arrivals, cat:tabletop, Christmas, Classic/Heritage, Dinner Party, Entertaining, Hostess Gift, Housewarming, Lead- and cadmium-free; microwave-, Mediterranean, Multicolor, Organic Modern, oven-, Porcelain, Serving, Serving Bowl, Thanksgiving, The Dinner Party, The Sunday Table, TRATTORIA, Wedding, Wedding Season, Weekend Gatherings, kit:eligible",Active
travertine-stone-and-acacia-wood-coasters-set-of-4,"Travertine Stone and Acacia Wood Coasters, Set of 4","Bar & Barware, Beige, cat:gifts, cat:new-arrivals, cat:tabletop, Coaster, Cocktail Hour, Entertaining, Everyday Use, Hostess Gift, Housewarming, Japandi, Minimalist, Natural travertine stone and acacia wood; set of 4 for practical table protection, Organic Modern, seg:season-opener, seg:the-first-kitchen, The Housewarming, TRAVERTINO, Wedding, Wedding Season, Weekend Gatherings, kit:eligible",Active
tree-shaped-bamboo-skewers-set-of-100,"Tree-Shaped Bamboo Skewers, Set of 100","Appetizer Pick, Bamboo, cat:gifts, cat:new-arrivals, cat:tabletop, Christmas, Cocktail Hour, Dura, Entertaining, Hostess Gift, Housewarming, Minimalist, Natural, Natural bamboo and hardwood; 100-piece set; decorative tree-shaped top, Organic Modern, Scandinavian, Serving, Thank-You, Thanksgiving, The Host's Touch, Weekend Gatherings, Wood, kit:eligible",Active
tulip-crystal-wine-glasses-22-0-fl-oz-650-ml-set-of-2,"Tulip Crystal Wine Glasses, 22.0 fl oz (650 mL), Set of 2","Bar & Barware, cat:bar-glassware, cat:gifts, cat:new-arrivals, Christmas, Classic/Heritage, Clear, Cristal, Dinner Party, Dishwasher-safe crystal; tulip bowl concentrates aroma., Entertaining, Hostess Gift, Housewarming, Minimalist, Organic Modern, seg:first-dinner-party, seg:the-full-table, Thanksgiving, The Dinner Party, The Well-Set Bar, TULIPAN, Wedding, Wedding Season, Wine Glass, Wine Night, gift-glass",Active
tutu-white-porcelain-bowl,Tutu White Porcelain Bowl,"cat:new-arrivals, cat:tabletop, Christmas, Entertaining, Everyday Use, Hostess Gift, Hostess Gifts, Housewarming, Microwave- and dishwasher-safe porcelain., Minimalist, Organic Modern, Porcelain, Scandinavian, seg:the-first-kitchen, Serving, Serving Bowl, Thanksgiving, The Dinner Party, The Sunday Table, TUTU, Wedding, Wedding Season, White, kit:eligible",Active
tutu-white-porcelain-serving-bowl-9-8-in,"Tutu White Porcelain Serving Bowl, 9.8 in","cat:new-arrivals, cat:tabletop, Christmas, Dinner Party, Entertaining, Hostess Gift, Housewarming, Minimalist, Organic Modern, Porcelain, Porcelain; microwave-safe; dishwasher-safe, seg:the-full-table, Serving, Serving Bowl, Thanksgiving, The Art of the Table, The Dinner Party, TUTU, Wabi-Sabi, Wedding, Wedding Season, Weekend Gatherings, White, kit:eligible",Active
tzoma-textured-ceramic-vase-9-4-in,"Tzoma Textured Ceramic Vase, 9.4 in","100% ceramic; textured finish; hand wash recommended, cat:decor, cat:new-arrivals, Ceramic, Christmas, Decorative Vase, Décor & Styling, Entertaining, Flowers on the Table, Gifting, Hostess Gift, Housewarming, Just Because, Minimalist, Mother's Day, Multicolor, Organic Modern, seg:someone-in-mind, The Collected Home, The Host's Touch, Wabi-Sabi, Wedding Season, kit:eligible",Active
vega-crystal-red-wine-glasses-22-fl-oz-set-of-2,"Vega Crystal Red Wine Glasses, 22 fl oz, Set of 2","Bar & Barware, cat:bar-glassware, cat:gifts, cat:new-arrivals, Classic/Heritage, Clear, Cristal, Dishwasher-safe 100% crystal; silver rim, Entertaining, Gifting, Hostess Gift, Hostess Gifts, Housewarming, Minimalist, Organic Modern, Red Wine Glass, seg:season-opener, The Well-Set Bar, VEGA, Wedding, Wedding Season, Wine Night, gift-glass",Active
vega-crystal-tumbler-set-of-2,Vega Crystal Tumbler Set of 2,"100% crystal; generous 17.9 fl oz (530 mL) capacity, Bar & Barware, cat:bar-glassware, cat:gifts, cat:new-arrivals, Classic/Heritage, Clear, Cocktail Hour, Cristal, Entertaining, Hostess Gift, Housewarming, Minimalist, New Year, Organic Modern, seg:first-dinner-party, The Dinner Party, The Well-Set Bar, Tumbler, VEGA, Wedding, Wedding Season, gift-glass",Active
vega-crystal-wine-glasses-15-2-fl-oz-set-of-2,"Vega Crystal Wine Glasses, 15.2 fl oz, Set of 2","100% crystal; 15.2 fl oz bowl; set of 2, Bar & Barware, cat:bar-glassware, cat:gifts, cat:new-arrivals, Christmas, Classic/Heritage, Clear, Cristal, Entertaining, Gifting, Hostess Gift, Housewarming, Minimalist, Scandinavian, seg:the-full-table, Thanksgiving, The Dinner Party, The Well-Set Bar, VEGA, Wedding, Wedding Season, Wine Glass, Wine Night, gift-glass",Active
venice-white-porcelain-sauce-dish-2-4-fl-oz-70-ml,"Venice White Porcelain Sauce Dish, 2.4 fl oz (70 mL)","cat:new-arrivals, cat:tabletop, Christmas, Classic/Heritage, Entertaining, Everyday Celebrations, Everyday Use, Hostess Gift, Housewarming, Microwave- and dishwasher-safe; porcelain resists odors and flavors., Minimalist, Porcelain, Sauce Dish, Scandinavian, seg:the-full-table, Serving, Thanksgiving, The Dinner Party, The Host's Touch, Wedding, Wedding Season, White, kit:eligible",Active
verena-white-porcelain-mug-13-5-fl-oz,"Verena White Porcelain Mug, 13.5 fl oz","cat:new-arrivals, cat:tabletop, Christmas, Coffee & Tea, Coffee Mug, Everyday Use, Gifting, Graduation Season, Hostess Gift, Housewarming, Japandi, Minimalist, Mother's Day, Porcelain, Porcelain; microwave-safe; dishwasher-safe, Scandinavian, Self-Gift, Slow Mornings, The Coffee Ritual, The Tea Ritual, White, kit:eligible",Active
versalles-multicolor-porcelain-salad-plates-set-of-4,"Versalles Multicolor Porcelain Salad Plates, Set of 4","cat:gifts, cat:new-arrivals, cat:tabletop, Certified lead- and cadmium-free; microwave- and dishwasher-safe, Christmas, Classic/Heritage, Coastal, Entertaining, Everyday Use, Hostess Gift, Housewarming, Multicolor, Organic Modern, Porcelain, Salad Plate, seg:season-opener, Serving, The Art of the Table, The Sunday Table, VERSALLES, Wedding, Wedding Season, Weekend Gatherings, kit:eligible",Active
versalles-porcelain-cup-and-saucer-set-of-4,Versalles Porcelain Cup and Saucer Set of 4,"cat:gifts, cat:new-arrivals, cat:tabletop, Certified lead- and cadmium-free porcelain; microwave- and dishwasher-safe., Christmas, Classic/Heritage, Coffee & Tea, Cup and Saucer Set, Entertaining, Gifting, Hostess Gift, Hostess Gifts, Housewarming, Mediterranean, Mother's Day, Multicolor, Organic Modern, Porcelain, Thank-You, The Coffee Ritual, The Tea Ritual, VERSALLES, Wedding Season, kit:eligible",Active
versalles-porcelain-dinner-plates-set-of-4-10-6-in,"Versalles Porcelain Dinner Plates, Set of 4, 10.6 in","cat:gifts, cat:new-arrivals, cat:tabletop, Christmas, Classic/Heritage, Coastal, Dinner Party, Dinner Plate, Entertaining, Everyday Use, Hostess Gift, Housewarming, Lead-free porcelain plates; cadmium-free; microwave- and dishwasher-safe., Mediterranean, Multicolor, Porcelain, Thanksgiving, The Art of the Table, The Dinner Party, The Sunday Table, VERSALLES, Wedding, Wedding Season, kit:eligible",Active
vigneto-two-step-waiters-corkscrew,Vigneto Two-Step Waiter’s Corkscrew,"and capsule cutter; stainless steel construction., Bar & Barware, Black, cat:bar-glassware, cat:new-arrivals, Classic/Heritage, Cocktail Hour, Entertaining, foil cutter, Gifting, Hostess Gift, Housewarming, Minimalist, New Year, Silver, Stainless steel, Thank-You, Thanksgiving, The Dinner Party, Two-step professional lever mechanism; integrated bottle opener, Waiter’s Corkscrew, Wedding Season, Wine Night, kit:eligible",Active
villa-mini-pine-tree-tabletop-christmas-decor-5-9-in,"Villa Mini Pine Tree Tabletop Christmas Decor, 5.9 in","Abeto, Artificial Christmas Tree, cat:decor, cat:new-arrivals, Chino, Christmas, Décor & Styling, Gifting, Green, Holiday Gift, Holiday Traditions, Hostess Gift, Indoor use; wipe clean with a dry cloth; 85% polyethylene with 15% Chinese fir., Just Because, Minimalist, Organic Modern, Polietileno, Scandinavian, Seasonal Tables, Special Occasion, The Host's Touch, kit:eligible",Active
villa-red-soda-lime-side-plate-8-1-in-20-5-cm,"Villa Red Soda-Lime Side Plate, 8.1 in (20.5 cm)","cat:new-arrivals, cat:tabletop, Classic/Heritage, Dishwasher-safe; 100% soda-lime glass, Entertaining, Everyday Use, Glass, Hostess Gift, Hostess Gifts, Housewarming, Minimalist, Multicolor, Organic Modern, seg:the-full-table, Serving, Side Plate, Soda-lime, The Art of the Table, The Dinner Party, Wedding, Wedding Season, kit:eligible",Active
wask-gold-trim-cabinet-knobs-set-of-2,"Wask Gold Trim Cabinet Knobs, Set of 2","Cabinet Knob, cat:decor, cat:gifts, cat:new-arrivals, Classic/Heritage, dry cloth, Décor & Styling, Everyday Use, Gifting, Hostess Gift, Housewarming, Japandi, Metal, Natural-Blanco, Objects with Stories, Organic Modern, Self-Gift, Set of 2; metal construction; wipes clean with a soft, The Collected Home, The Host's Touch, kit:eligible",Active
white-airtight-divided-food-storage-container-21-3-fl-oz,"White Airtight Divided Food Storage Container, 21.3 fl oz","Airtight locking lid; built-in divider; microwave-safe base with lid removed., cat:kitchen, cat:new-arrivals, Christmas, Clear, CONTENEDORES PLASTICOS BLANCO, Cooking & Baking, Cooking Together, Everyday Use, Food Storage Container, Gifting, Housewarming, Japandi, Minimalist, Open-Door Hospitality, Polypropylene, Scandinavian, Self-Gift, Silicone, Thank-You, Thanksgiving, The Potluck, White, kit:eligible",Active
white-airtight-food-storage-container-13-9-fl-oz,"White Airtight Food Storage Container, 13.9 fl oz","Airtight silicone seal; microwave-safe base with lid removed; freezer-safe when left 3/4 empty., cat:kitchen, cat:new-arrivals, Clear, CONTENEDORES PLASTICOS BLANCO, Cooking & Baking, Cooking Together, Everyday Use, Food Storage Container, Gifting, Housewarming, Minimalist, Organic Modern, Polypropylene, Scandinavian, Self-Gift, Silicone, Thank-You, Thanksgiving, The Host's Touch, The Overnight Guest, White, kit:eligible",Active
white-airtight-food-storage-container-38-9-fl-oz,"White Airtight Food Storage Container, 38.9 fl oz","Airtight locking lid with silicone seal; microwave-compatible base with lid removed; freezer safe with expansion space., cat:kitchen, cat:new-arrivals, Christmas, Clear, CONTENEDORES PLASTICOS BLANCO, Cooking & Baking, Cooking Together, Everyday Use, Food Storage Container, Gifting, Housewarming, Minimalist, Open-Door Hospitality, Organic Modern, Polypropylene, Scandinavian, Self-Gift, Silicone, Thank-You, Thanksgiving, Weekend Gatherings, White, kit:eligible",Active
white-airtight-food-storage-containers-set-of-7,"White Airtight Food Storage Containers, Set of 7","Airtight silicone-sealed lids; clear bases for content visibility, cat:gifts, cat:kitchen, cat:new-arrivals, Clear, CONTENEDORES PLASTICOS BLANCO, Cooking & Baking, Cooking Together, Everyday Use, Food Storage Container Set, Gifting, Housewarming, Minimalist, Organic Modern, Polypropylene, Scandinavian, seg:first-dinner-party, seg:weeknight-ceremony, Silicone, Thank-You, The Host's Touch, The Sunday Table, Wedding, White, kit:eligible",Active
white-and-gold-card-deck-box,White and Gold Card Deck Box,"Bar & Barware, Brass, cat:decor, cat:new-arrivals, Christmas, Classic/Heritage, Entertaining, Father's Day, Game Night, Gifting, Hostess Gift, Hostess Gifts, Housewarming, Iron, Just Because, Lidded one-deck storage; white-and-gold suit detailing, MDF, Minimalist, Organic Modern, Playing Card Box, Resin, The Well-Set Bar, White, Wood, kit:eligible",Active
white-artificial-flower-stem,White Artificial Flower Stem,"Artificial Flower Stem, cat:decor, cat:new-arrivals, Décor & Styling, Entertaining, Everyday Beauty, Flowers on the Table, Gifting, Hostess Gift, Housewarming, Iron, Just Because, Minimalist, Mother's Day, Organic Modern, Polietileno, Polyester, Realistic appearance; requires no water or sunlight; does not attract insects., Scandinavian, The Host's Touch, Wedding Season, White, kit:eligible",Active
white-cast-iron-dutch-oven-9-4-in-4-2-qt,"White Cast Iron Dutch Oven, 9.4 in, 4.2 qt","000 mL) capacity, 100% cast iron; induction- and oven-safe; 4.2 qt (4, Black, cat:kitchen, cat:new-arrivals, Christmas, Classic/Heritage, Cooking & Baking, Cooking Together, Dutch Oven, Entertaining, Everyday Use, Fundido, Holiday Gift, Holiday Traditions, Housewarming, Iron, Minimalist, Organic Modern, seg:the-first-kitchen, Thanksgiving, The Sunday Table, Wedding, Wedding Season, White, kit:eligible",Active
white-cast-iron-pan-6-5-in,"White Cast Iron Pan, 6.5 in","100% cast iron; induction-compatible cookware; oven-safe, Black, Cast Iron Pan, cat:kitchen, cat:new-arrivals, Cooking & Baking, Cooking Together, Everyday Use, Father's Day, Fundido, Hostess Gift, Housewarming, Iron, Minimalist, Mother's Day, Organic Modern, Scandinavian, seg:the-first-kitchen, seg:weeknight-ceremony, Serving, The Host's Touch, The Sunday Table, Wedding, Wedding Season, White, kit:eligible",Active
white-cast-iron-pot-with-lid-2-6-qt,"White Cast Iron Pot with Lid, 2.6 Qt","100% cast iron; induction- and oven-safe., Black, cat:kitchen, cat:new-arrivals, Christmas, Classic/Heritage, Cooking & Baking, Cooking Together, Dutch Oven, Entertaining, Everyday Use, Fundido, Hostess Gift, Housewarming, Iron, Minimalist, Organic Modern, seg:the-first-kitchen, seg:the-full-table, Thanksgiving, The Dinner Party, The Sunday Table, Wedding, Wedding Season, White, kit:eligible",Active
white-cast-iron-saucepan-with-long-handle,White Cast Iron Saucepan with Long Handle,"A Gift with a Story, and ceramic cooktops, Black, cat:kitchen, cat:new-arrivals, Classic/Heritage, Cooking & Baking, Cooking Together, electric, Everyday Use, Fundido, Gifting, halogen, Housewarming, Iron, Minimalist, Mother's Day, Organic Modern, Oven-safe; induction-compatible; suitable for gas, Saucepan, seg:the-first-kitchen, seg:weeknight-ceremony, Thank-You, Thanksgiving, The Sunday Table, Wedding, Wedding Season, White, kit:eligible",Active
white-cast-iron-skillet-10-2-in,"White Cast Iron Skillet, 10.2 in","100% cast iron; induction-compatible; oven-safe, Black, Cast Iron Skillet, cat:kitchen, cat:new-arrivals, Christmas, Cooking & Baking, Cooking Together, Everyday Use, Fundido, Gifting, Housewarming, Iron, Minimalist, Mother's Day, Organic Modern, Scandinavian, seg:the-first-kitchen, Self-Gift, The Housewarming, The Sunday Table, Wedding, Wedding Season, White, kit:eligible",Active
white-cast-iron-skillet-7-9-in-20-cm,"White Cast Iron Skillet, 7.9 in (20 cm)","100% cast iron; induction-compatible and oven-safe., Black, Cast Iron Skillet, cat:kitchen, cat:new-arrivals, Cooking & Baking, Cooking Together, Everyday Use, Fundido, Gifting, Housewarming, Iron, Minimalist, Organic Modern, Scandinavian, seg:the-first-kitchen, Self-Gift, The Host's Touch, The Sunday Table, Wedding, Wedding Season, White, kit:eligible",Active
white-ceramic-christmas-tree-8-5-in,"White Ceramic Christmas Tree, 8.5 in","100% ceramic; LR44 battery included; cord-free decorative display, cat:decor, cat:new-arrivals, Ceramic, Christmas, Décor & Styling, Gifting, Holiday Gift, Holiday Traditions, Hostess Gift, Minimalist, Organic Modern, Scandinavian, Seasonal Tables, seg:someone-in-mind, Self-Gift, Special Occasion, Tabletop Christmas Tree, The Host's Touch, White, kit:eligible",Active
white-ceramic-christmas-tree-bowl-23-7-fl-oz,"White Ceramic Christmas Tree Bowl, 23.7 fl oz","cat:new-arrivals, cat:tabletop, Ceramic, Christmas, Entertaining, Gifting, Holiday Gift, Holiday Traditions, Hostess Gift, Hostess Gifts, Housewarming, Microwave- and dishwasher-safe ceramic, Minimalist, Organic Modern, Scandinavian, seg:someone-in-mind, Serving, Serving Bowl, The Host's Touch, White, kit:eligible",Active
white-ceramic-christmas-tree-soap-dispenser,White Ceramic Christmas Tree Soap Dispenser,"100% ceramic body; refillable 12.8 fl oz (380 mL) capacity, cat:bath, cat:new-arrivals, Ceramic, Christmas, Décor & Styling, Everyday Use, Gifting, Holiday Gift, Holiday Traditions, Hostess Gift, Hostess Gifts, Housewarming, Minimalist, Organic Modern, Scandinavian, Soap Dispenser, The Overnight Guest, White, kit:eligible",Active
white-ceramic-led-christmas-house-8-5-in,"White Ceramic LED Christmas House, 8.5 in","100% ceramic; LED light with LR44 battery included, CASA NAVIDAD, cat:decor, cat:new-arrivals, Ceramic, Christmas, Classic/Heritage, Décor & Styling, Entertaining, Gifting, Holiday Gift, Holiday Traditions, Hostess Gift, Housewarming, Lighted Christmas Figurine, Minimalist, Scandinavian, Seasonal Tables, seg:someone-in-mind, The Host's Touch, White, kit:eligible",Active
white-ceramic-led-christmas-house-8-7-in,"White Ceramic LED Christmas House, 8.7 in","100% ceramic; battery-operated LED with LR44 battery included, CASA NAVIDAD, cat:decor, cat:new-arrivals, Ceramic, Christmas, Decorative LED House, Décor & Styling, Gifting, Holiday Gift, Holiday Traditions, Hostess Gift, Housewarming, Japandi, Minimalist, Scandinavian, Seasonal Tables, seg:someone-in-mind, Special Occasion, The Host's Touch, White, kit:eligible",Active
white-ceramic-oil-and-vinegar-dispenser-set-8-5-fl-oz,"White Ceramic Oil and Vinegar Dispenser Set, 8.5 fl oz","cat:gifts, cat:kitchen, cat:new-arrivals, Ceramic, CERAMICA Y MADERA, Cooking Together, Corcho, Dishwasher-safe ceramic; set of two 8.5 fl oz (250 mL) cruets with cork stoppers, Entertaining, Everyday Use, Hostess Gift, Housewarming, Japandi, Minimalist, Oil and Vinegar Dispenser Set, Organic Modern, seg:first-dinner-party, seg:the-first-kitchen, seg:the-full-table, Serving, The Art of the Table, The Dinner Party, Wedding, Wedding Season, White, kit:eligible",Active
white-ceramic-scalloped-bowl,White Ceramic Scalloped Bowl,"cat:new-arrivals, cat:tabletop, Ceramic, Christmas, Entertaining, Everyday Use, Hostess Gift, Housewarming, LUZ DE PINO, Microwave-safe; dishwasher-safe; 100% ceramic, Minimalist, Organic Modern, Scandinavian, seg:the-first-kitchen, seg:the-full-table, Serving, Serving Bowl, Thanksgiving, The Art of the Table, The Sunday Table, Wedding, Wedding Season, Weekend Gatherings, White, kit:eligible",Active
white-ceramic-snowflake-plate,White Ceramic Snowflake Plate,"cat:new-arrivals, cat:tabletop, Ceramic, Christmas, Classic/Heritage, Dessert Plate, Entertaining, Gifting, Hanukkah, Holiday Gift, Holiday Traditions, Hostess Gift, Hostess Gifts, Housewarming, Microwave- and dishwasher-safe ceramic; raised white snowflake detailing, Minimalist, New Year, Scandinavian, Seasonal Tables, seg:someone-in-mind, Serving, SNOWFLAKE, White, kit:eligible",Active
white-ceramic-snowflake-plate-9-4-in-24-cm,"White Ceramic Snowflake Plate, 9.4 in (24 cm)","cat:new-arrivals, cat:tabletop, Ceramic, Christmas, Entertaining, Gifting, Hanukkah, Holiday Gift, Holiday Traditions, Hostess Gift, Housewarming, Microwave-safe; dishwasher-safe; 100% ceramic, Minimalist, New Year, Organic Modern, Salad Plate, Scandinavian, Seasonal Tables, Serving, SNOWFLAKE, The Art of the Table, White, kit:eligible",Active
white-ceramic-star-shaped-serving-bowl-medium,"White Ceramic Star-Shaped Serving Bowl, Medium","cat:new-arrivals, cat:tabletop, Ceramic, Christmas, Coastal, Cocktail Hour, Entertaining, Gifting, Hostess Gift, Hostess Gifts, Housewarming, Just Because, Microwave- and dishwasher-safe ceramic, Minimalist, Organic Modern, seg:someone-in-mind, Serving, Serving Bowl, The Sunday Table, White, kit:eligible",Active
white-ceramic-tabletop-christmas-tree-7-1-in,"White Ceramic Tabletop Christmas Tree, 7.1 in","100% ceramic; LR44 battery included; cord-free decorative use, cat:decor, cat:new-arrivals, Ceramic, Christmas, Décor & Styling, Gifting, Holiday Gift, Holiday Traditions, Hostess Gift, Housewarming, Japandi, Minimalist, Scandinavian, Seasonal Tables, seg:someone-in-mind, Special Occasion, Tabletop Christmas Tree, The Host's Touch, White, kit:eligible",Active
white-cotton-cloth-napkins-set-of-2,"White Cotton Cloth Napkins, Set of 2","100% cotton; reusable; washable up to 104°F (40°C), cat:gifts, cat:new-arrivals, cat:tabletop, Christmas, Classic/Heritage, Cloth Napkin, Cotton, Entertaining, Everyday Use, Gifting, Gr, Hostess Gift, Hostess Gifts, Housewarming, Minimalist, Scandinavian, seg:first-dinner-party, seg:the-first-kitchen, seg:the-full-table, Thanksgiving, The Dinner Party, The Sunday Table, Wedding, Wedding Season, White, kit:eligible",Active
white-cotton-tablecloth-for-dining-table,White Cotton Tablecloth for Dining Table,"100% cotton; washable; medium-iron safe, cat:new-arrivals, cat:tabletop, Christmas, Classic/Heritage, Cotton, Entertaining, Everyday Use, Gifting, Hostess Gift, Hostess Gifts, Housewarming, Minimalist, Scandinavian, Tablecloth, Thanksgiving, The Dinner Party, The Sunday Table, Wedding, Wedding Season, White, kit:eligible",Active
white-dancing-orchid-artificial-flower-stem,White Dancing Orchid Artificial Flower Stem,"Artificial Flower Stem, cat:decor, cat:new-arrivals, Décor & Styling, Entertaining, Flowers on the Table, Gifting, Hostess Gift, Housewarming, Iron, Japandi, Just Because, maintenance-free stem., Minimalist, Mother's Day, Organic Modern, ORQUIDEA, Polietileno, Polyester, Realistic appearance; flexible, The Collected Home, The Host's Touch, Wedding Season, White, kit:eligible",Active
white-decorative-dice-box-with-dice,White Decorative Dice Box with Dice,"Bauhaus, Black, cat:decor, cat:new-arrivals, Christmas, Classic/Heritage, Dice Box, Décor & Styling, Entertaining, Everyday Use, Father's Day, Game Night, Hostess Gift, Housewarming, Includes dice; compact lidded storage., Just Because, MDF, Minimalist, Resin, The Collected Home, The Host's Touch, kit:eligible",Active
white-digital-kitchen-scale-with-tempered-glass,White Digital Kitchen Scale with Tempered Glass,"cat:kitchen, cat:new-arrivals, Coffee & Tea, Cooking & Baking, Cooking Together, Digital Kitchen Scale, Everyday Use, Glass, GRAMERA, Housewarming, Minimalist, Organic Modern, Plastic, Recipes Worth Passing Down, Scandinavian, seg:weeknight-ceremony, Self-Gift, Tempered glass platform; waterproof body., Templado, Thank-You, The Coffee Ritual, Wedding Season, White, kit:eligible",Active
white-dolomite-santa-christmas-mug,White Dolomite Santa Christmas Mug,"100% dolomite with a sculpted Santa face; 11.8 fl oz (350 mL) capacity, cat:new-arrivals, cat:tabletop, Christmas, Classic/Heritage, Coffee & Tea, Dolomita, Entertaining, Gifting, Holiday Gift, Holiday Traditions, Hostess Gift, Just Because, Minimalist, Mug, The Coffee Ritual, The Tea Ritual, Wabi-Sabi, White, kit:eligible",Active
white-double-wall-insulated-straw-water-bottle-16-9-fl-oz,"White Double-Wall Insulated Straw Water Bottle, 16.9 fl oz","BPA-free; double-wall stainless steel body, cat:new-arrivals, cat:outdoor, Everyday Use, Gifting, Graduation Season, Hostess Gift, Housewarming, Insulated Water Bottle, Minimalist, Organic Modern, Outdoor & Patio, Outdoor Living, Plastic, Polypropylene, Poolside, Scandinavian, Self-Gift, Silicone, Stainless steel, The Overnight Guest, TPR, White, kit:eligible",Active
white-french-press-coffee-maker-20-3-fl-oz,"White French Press Coffee Maker, 20.3 fl oz","Borosilicate glass carafe; stainless steel press components; compact small-batch capacity, cat:new-arrivals, cat:tabletop, Christmas, Coffee & Tea, Everyday Use, Father's Day, French Press, Gifting, Glass, Hostess Gift, Housewarming, Minimalist, Mother's Day, Organic Modern, Polypropylene, PRENSA, Scandinavian, Slow Mornings, Stainless steel, Thank-You, The Coffee Ritual, The Host's Touch, White, kit:eligible",Active
white-gift-enclosure-cards-3-9-in-x-2-4-in-10-x-6-cm,"White Gift Enclosure Cards, 3.9 in x 2.4 in (10 x 6 cm)","A Gift with a Story, Blank white surface for legible handwriting; compact format for gifts and assigned seating., cat:gifts, cat:new-arrivals, Christmas, Classic/Heritage, Dinner Party, Entertaining, Gift Enclosure Card, Gifting, Housewarming, Minimalist, Thank-You, The Art of the Table, The Host's Touch, Wedding, Wedding Season, White, kit:eligible",Active
white-led-ceramic-christmas-house,White LED Ceramic Christmas House,"100% ceramic; LED light; LR44 battery included, CASA NAVIDAD, cat:decor, cat:new-arrivals, Ceramic, Christmas, Décor & Styling, Gifting, Holiday Gift, Holiday Traditions, Hostess Gift, Just Because, LED Christmas Figurine, Minimalist, Organic Modern, Scandinavian, Seasonal Tables, seg:someone-in-mind, Special Occasion, The Host's Touch, White, kit:eligible",Active
white-marble-coaster-set-with-brass-trim-set-of-4,"White Marble Coaster Set with Brass Trim, Set of 4","Bar & Barware, Brass, cat:gifts, cat:new-arrivals, cat:tabletop, Christmas, Classic/Heritage, Coaster, Cocktail Hour, Entertaining, Everyday Use, Hostess Gift, Hostess Gifts, Housewarming, Marble, Minimalist, Natural white marble; brass trim; soft dry-cloth care, Organic Modern, seg:season-opener, seg:the-first-kitchen, The Well-Set Bar, Wedding, Wedding Season, White, kit:eligible",Active
white-marble-coasters-set-of-4,"White Marble Coasters, Set of 4","Bar & Barware, cat:gifts, cat:new-arrivals, cat:tabletop, Christmas, Coaster, Cocktail Hour, Entertaining, Everyday Use, Hostess Gift, Housewarming, Japandi, MARMOL, Minimalist, Organic Modern, seg:first-dinner-party, seg:the-first-kitchen, seg:the-full-table, Thank-You, Thanksgiving, The Dinner Party, The Host's Touch, Wedding Season, White, White marble; set of 4, kit:eligible",Active
white-marble-square-coasters-set-of-4,"White Marble Square Coasters, Set of 4","Bar & Barware, cat:gifts, cat:new-arrivals, cat:tabletop, Classic/Heritage, Coaster, Cocktail Hour, Entertaining, Everyday Use, Hostess Gift, Hostess Gifts, Housewarming, MARMOL, Minimalist, Natural marble; set of 4., Organic Modern, seg:someone-in-mind, Thank-You, The Coffee Ritual, Wedding Season, White, kit:eligible",Active
white-mini-cast-iron-dutch-oven-10-1-fl-oz,"White Mini Cast Iron Dutch Oven, 10.1 fl oz","100% cast iron; induction- and oven-safe; 10.1 fl oz (300 mL) capacity, Black, cat:kitchen, cat:new-arrivals, Christmas, Classic/Heritage, Cooking & Baking, Cooking Together, Fundido, Gifting, Hostess Gift, Hostess Gifts, Housewarming, Iron, Mini Dutch Oven, Minimalist, Organic Modern, seg:the-full-table, Self-Gift, Serving, Thanksgiving, The Dinner Party, Wedding Season, White, kit:eligible",Active
white-moka-pot-with-wood-handle-9-cup,"White Moka Pot with Wood Handle, 9 Cup","15.2 fl oz (450 mL) capacity; aluminum body with wood handle, Aluminum, cat:new-arrivals, cat:tabletop, Christmas, Coffee & Tea, Entertaining, Everyday Use, Father's Day, Hostess Gift, Housewarming, Japandi, Minimalist, MOKA, Moka Pot, Mother's Day, Scandinavian, seg:weeknight-ceremony, Self-Gift, Slow Mornings, The Coffee Ritual, The Overnight Guest, White, Wood, kit:eligible",Active
white-oval-porcelain-serving-tray-12-0-in-30-6-cm,"White Oval Porcelain Serving Tray, 12.0 in (30.6 cm)","cat:new-arrivals, cat:tabletop, Christmas, Everyday Use, Gifting, Hostess Gift, Hostess Gifts, Housewarming, Minimalist, Organic Modern, Porcelain, Scandinavian, seg:the-first-kitchen, Serving, Serving Tray, Thanksgiving, The Sunday Table, Wedding, Wedding Season, Weekend Gatherings, White, White porcelain; dishwasher-safe; microwave-safe, kit:eligible",Active
white-polyresin-pitcher-37-2-fl-oz,"White Polyresin Pitcher, 37.2 fl oz","cat:new-arrivals, cat:tabletop, Coastal, Cold-serve design rated up to 122°F (50°C); solid white polyresin form, Décor & Styling, Entertaining, Hostess Gift, Housewarming, Just Because, Minimalist, Mother's Day, Organic Modern, Outdoor Living, Pitcher, Polyresin, seg:the-full-table, Serving, The Art of the Table, Wedding Season, Weekend Brunch, White, kit:eligible",Active
white-porcelain-butter-dish-with-lid,White Porcelain Butter Dish with Lid,"Butter Dish, cat:new-arrivals, cat:tabletop, Christmas, Classic/Heritage, Dishwasher-safe and microwave-safe porcelain, Entertaining, Everyday Use, Hostess Gift, Housewarming, Just Because, Minimalist, Mother's Day, Porcelain, Scandinavian, Serving, Slow Mornings, Thanksgiving, The Host's Touch, The Sunday Table, White, kit:eligible",Active
white-porcelain-cake-stand-11-2-in-28-5-cm,"White Porcelain Cake Stand, 11.2 in (28.5 cm)","Cake Stand, cat:new-arrivals, cat:tabletop, Classic/Heritage, Entertaining, Gifting, Hostess Gift, Hostess Gifts, Housewarming, Minimalist, Porcelain, Porcelain; dishwasher- and microwave-safe; gently raised rim, Scandinavian, seg:the-first-kitchen, Serving, The Sunday Table, Wedding, Wedding Season, Weekend Gatherings, White, kit:eligible",Active
white-porcelain-chick-egg-cup,White Porcelain Chick Egg Cup,"Breakfast in Bed, cat:new-arrivals, cat:tabletop, Classic/Heritage, Easter, Easter Brunch, Egg Cup, Everyday Use, Gifting, Hostess Gift, Housewarming, Just Because, Minimalist, Mother's Day, Porcelain, Porcelain; microwave- and dishwasher-safe; non-absorbing surface, Serving, Slow Mornings, White, kit:eligible",Active
white-porcelain-christmas-tree-mug-15-2-fl-oz,"White Porcelain Christmas Tree Mug, 15.2 fl oz","cat:new-arrivals, cat:tabletop, Christmas, Classic/Heritage, Coffee & Tea, Everyday Use, Gifting, Holiday Gift, Holiday Traditions, Hostess Gift, Microwave-safe; dishwasher-safe, Minimalist, Mug, New Bone China, Porcelain, Scandinavian, seg:someone-in-mind, Self-Gift, The Coffee Ritual, The Tea Ritual, White, kit:eligible",Active
white-porcelain-letter-h-coffee-mug-11-8-fl-oz-350-ml,"White Porcelain Letter H Coffee Mug, 11.8 fl oz (350 mL)","cat:new-arrivals, cat:tabletop, Christmas, Classic/Heritage, Coffee & Tea, Coffee Mug, Everyday Use, Gifting, Graduation Season, Hostess Gift, Hostess Gifts, Housewarming, Just Because, Microwave-safe; 100% new bone china porcelain, Minimalist, Mother's Day, MUG LETRAS BLANCO, New Bone China, Porcelain, Scandinavian, The Coffee Ritual, The Tea Ritual, White, kit:eligible",Active
white-porcelain-moka-spoon,White Porcelain Moka Spoon,"cat:new-arrivals, cat:tabletop, Classic/Heritage, Coffee & Tea, Coffee Spoon, Entertaining, Hostess Gift, Housewarming, Japandi, Microwave- and dishwasher-safe., Minimalist, Mother's Day, Porcelain, seg:weeknight-ceremony, Serving, Thank-You, The Coffee Ritual, The Host's Touch, The Tea Ritual, Wedding Season, White, kit:eligible",Active
white-porcelain-mortar-pestle-2-8-in-7-cm,"White Porcelain Mortar & Pestle, 2.8 in (7 cm)","and oven-safe to 356°F (180°C)., cat:gifts, cat:kitchen, cat:new-arrivals, Christmas, Cooking & Baking, Cooking Together, dishwasher-, Everyday Use, Gifting, Hostess Gift, Hostess Gifts, Housewarming, Minimalist, Mortar & Pestle, Non-porous porcelain; microwave-, Organic Modern, Porcelain, Scandinavian, seg:first-dinner-party, seg:weeknight-ceremony, Self-Gift, Thanksgiving, The Dinner Party, Wedding Season, White, kit:eligible",Active
white-porcelain-mug-with-initial-c,White Porcelain Mug with Initial C,"Birthday, Breakfast in Bed, cat:new-arrivals, cat:tabletop, Christmas, Classic/Heritage, Coffee & Tea, Coffee Mug, Everyday Use, Gifting, Graduation Season, Hostess Gift, Just Because, Microwave-safe; 100% new bone china porcelain; 11.8 fl oz (350 mL) capacity, Minimalist, Mother's Day, MUG LETRAS BLANCO, New Bone China, Porcelain, Scandinavian, The Coffee Ritual, The Tea Ritual, White, kit:eligible",Active
white-porcelain-mug-with-letter-y-11-8-fl-oz,"White Porcelain Mug with Letter Y, 11.8 fl oz","A Gift with a Story, Birthday, cat:new-arrivals, cat:tabletop, Christmas, Classic/Heritage, Coffee & Tea, Everyday Use, Father's Day, Gifting, Hostess Gift, Microwave-safe; 100% new bone china porcelain., Minimalist, Mother's Day, Mug, MUG LETRAS BLANCO, New Bone China, Porcelain, Scandinavian, Thank-You, The Coffee Ritual, The Tea Ritual, White, kit:eligible",Active
white-porcelain-pasta-plate,White Porcelain Pasta Plate,"cat:new-arrivals, cat:tabletop, Entertaining, Everyday Celebrations, Everyday Use, Hostess Gift, Hotel-grade porcelain; microwave- and dishwasher-safe, Housewarming, Minimalist, Organic Modern, Pasta Plate, Porcelain, Scandinavian, seg:the-first-kitchen, Serving, SIMPLE, The Dinner Party, The Sunday Table, Wedding, Wedding Season, White, kit:eligible",Active
white-porcelain-personal-butter-dish-with-lid,White Porcelain Personal Butter Dish with Lid,"Butter Dish, Candlelit Dinners, cat:new-arrivals, cat:tabletop, Christmas, Classic/Heritage, Entertaining, Everyday Use, Hostess Gift, Housewarming, Microwave- and dishwasher-safe porcelain, Minimalist, Porcelain, Scandinavian, seg:the-first-kitchen, Serving, Slow Mornings, Thanksgiving, The Host's Touch, Wedding, Wedding Season, White, kit:eligible",Active
white-porcelain-ramekin-bowl-3-4-fl-oz,"White Porcelain Ramekin Bowl, 3.4 fl oz","and dishwasher-safe porcelain, cat:new-arrivals, cat:tabletop, Christmas, Classic/Heritage, Cooking & Baking, Cooking Together, Everyday Use, Hostess Gift, Housewarming, microwave-, Minimalist, Oven-, Porcelain, Ramekin, Scandinavian, seg:the-full-table, Self-Gift, Serving, Thanksgiving, The Dinner Party, The Host's Touch, Wedding Season, White, kit:eligible",Active
white-porcelain-ramekin-bowl-8-5-fl-oz-250-ml,"White Porcelain Ramekin Bowl, 8.5 fl oz (250 mL)","and dishwasher-safe porcelain., cat:new-arrivals, cat:tabletop, Christmas, Classic/Heritage, Cooking & Baking, Everyday Use, Hostess Gift, Hostess Gifts, Housewarming, microwave-, Minimalist, Organic Modern, Oven-, Porcelain, RAMEKIN, Ramekin Bowl, seg:first-dinner-party, Serving, Thank-You, Thanksgiving, The Dinner Party, The Sunday Table, Wedding Season, White, kit:eligible",Active
white-porcelain-sauce-dish-1-9-fl-oz,"White Porcelain Sauce Dish, 1.9 fl oz","Candlelit Dinners, cat:new-arrivals, cat:tabletop, Christmas, Classic/Heritage, Cocktail Hour, Entertaining, Everyday Use, Hostess Gift, Housewarming, Just Because, Minimalist, Porcelain, Porcelain that does not absorb odors or flavors; microwave- and dishwasher-safe., Sauce Dish, Scandinavian, Serving, Thanksgiving, The Host's Touch, White, kit:eligible",Active
white-porcelain-sauce-dish-3-fl-oz,"White Porcelain Sauce Dish, 3 fl oz","cat:new-arrivals, cat:tabletop, Christmas, Classic/Heritage, Cocktail Hour, Entertaining, Everyday Use, Hostess Gift, Housewarming, Minimalist, Porcelain, Porcelain; microwave-safe; dishwasher-safe., Sauce Dish, Scandinavian, Serving, Thank-You, Thanksgiving, The Art of the Table, The Host's Touch, White, kit:eligible",Active
white-porcelain-small-plates-set-of-4,"White Porcelain Small Plates, Set of 4","cat:gifts, cat:new-arrivals, cat:tabletop, Christmas, Entertaining, Everyday Celebrations, Everyday Use, Hostess Gift, Housewarming, Japandi, KIOTO, Minimalist, Organic Modern, Porcelain, Porcelain construction; softly irregular rim, seg:first-dinner-party, seg:the-first-kitchen, seg:the-full-table, Serving, Small Plate, Thanksgiving, The Dinner Party, The Host's Touch, Wedding, Wedding Season, White, kit:eligible",Active
white-porcelain-soup-bowl-with-handle-16-9-fl-oz-500-ml,"White Porcelain Soup Bowl with Handle, 16.9 fl oz (500 mL)","cat:new-arrivals, cat:tabletop, Christmas, Classic/Heritage, Entertaining, Everyday Use, Hostess Gift, Housewarming, Microwave- and dishwasher-safe porcelain; side handle for secure carrying., Minimalist, Organic Modern, Porcelain, Self-Gift, Serving, Slow Evenings, Soup Bowl, Thanksgiving, The Host's Touch, The Sunday Table, White, kit:eligible",Active
white-porcelain-sweetener-packet-caddy,White Porcelain Sweetener Packet Caddy,"cat:new-arrivals, cat:tabletop, Christmas, Classic/Heritage, Coffee & Tea, Entertaining, Hostess Gift, Housewarming, Minimalist, Mother's Day, Porcelain, Porcelain; dishwasher-safe; microwave-safe, Scandinavian, seg:weeknight-ceremony, Serving, Sugar Packet Holder, Thank-You, Thanksgiving, The Coffee Ritual, The Host's Touch, The Tea Ritual, White, kit:eligible",Active
white-porcelain-vinegar-cruet-3-4-fl-oz,"White Porcelain Vinegar Cruet, 3.4 fl oz","cat:new-arrivals, cat:tabletop, Classic/Heritage, Dishwasher- and microwave-safe porcelain; long slim spout with lid for controlled, drip-resistant pouring., Entertaining, Everyday Use, Hostess Gift, Housewarming, Minimalist, Porcelain, Scandinavian, Serving, Thank-You, Thanksgiving, The Dinner Party, The Host's Touch, The Sunday Table, Vinegar Cruet, White, kit:eligible",Active
white-pumpkin-porcelain-bowl-with-lid-and-saucer-11-8-oz,"White Pumpkin Porcelain Bowl with Lid and Saucer, 11.8 oz","100% porcelain; microwave-, and oven-safe., cat:gifts, cat:new-arrivals, cat:tabletop, Classic/Heritage, dishwasher-, Entertaining, Everyday Use, Halloween, Harvest Table, Holiday Gift, Hostess Gift, Hostess Gifts, Housewarming, Lidded Serving Bowl, Minimalist, Organic Modern, Porcelain, PUMPKIN, Serving, Thanksgiving, The Sunday Table, White, kit:eligible",Active
white-rectangular-porcelain-appetizer-plate,White Rectangular Porcelain Appetizer Plate,"Appetizer Plate, cat:new-arrivals, cat:tabletop, Entertaining, Everyday Celebrations, Everyday Use, Hostess Gift, Housewarming, Japandi, Microwave- and dishwasher-safe; non-porous, Minimalist, odor- and flavor-resistant porcelain., Organic Modern, Porcelain, seg:the-first-kitchen, Serving, The Dinner Party, The Host's Touch, Wedding, Wedding Season, White, kit:eligible",Active
white-resin-coasters-set-of-2,"White Resin Coasters, Set of 2","cat:gifts, cat:new-arrivals, cat:tabletop, Coaster, Cocktail Hour, Entertaining, Everyday Use, Gifting, Hostess Gift, Hostess Gifts, Housewarming, MDF, Minimalist, Organic Modern, Resin, Scandinavian, seg:someone-in-mind, Tabletop protection; resin surface; soft dry-cloth care, Thank-You, The Nightcap, Wedding Season, White, kit:eligible",Active
white-resin-serving-spoons-set-of-2,"White Resin Serving Spoons, Set of 2","100% polyresin; made for cold foods up to 122°F (50°C), cat:gifts, cat:new-arrivals, cat:tabletop, Christmas, Coastal, Entertaining, Gifting, Hostess Gift, Hostess Gifts, Housewarming, Minimalist, Organic Modern, Polyresin, seg:season-opener, seg:someone-in-mind, seg:the-full-table, Serving, Serving Spoon Set, Thank-You, Thanksgiving, The Host's Touch, Wedding Season, Weekend Gatherings, White, kit:eligible",Active
white-silicone-and-acacia-slotted-spoon,White Silicone and Acacia Slotted Spoon,"Acacia, cat:kitchen, cat:new-arrivals, Cooking & Baking, Cooking Together, Everyday Use, Heat-resistant silicone head; acacia wood handle, Hostess Gift, Housewarming, Japandi, Minimalist, Nailon, Organic Modern, Serving, SILICONA ACACIA, Silicone, Slotted Spoon, Stainless steel, The Host's Touch, The Sunday Table, Wedding, Wedding Season, White, Wood, kit:eligible",Active
white-silicone-flat-spoon-with-acacia-wood-handle,White Silicone Flat Spoon with Acacia Wood Handle,"Acacia, cat:kitchen, cat:new-arrivals, Cooking & Baking, Cooking Together, Everyday Use, Flat Spoon, Hostess Gift, Hostess Gifts, Housewarming, Minimalist, Nonstick-safe silicone head; temperature range of 5°F to 356°F (−15°C to 180°C)., Organic Modern, Scandinavian, Self-Gift, Serving, SILICONA ACACIA, Silicone, Stainless steel, The Sunday Table, Wedding Season, White, Wood, kit:eligible",Active
white-stainless-steel-paring-knife,White Stainless Steel Paring Knife,"80% stainless steel and 20% plastic; dishwasher-safe, cat:kitchen, cat:new-arrivals, Cocktail Hour, Cooking & Baking, Cooking Together, Everyday Use, Gifting, Hostess Gift, Housewarming, Minimalist, Organic Modern, Paring Knife, Plastic, Scandinavian, Self-Gift, Silver, Stainless steel, The Host's Touch, Wedding Season, kit:eligible",Active
white-stainless-steel-slicing-knife,White Stainless Steel Slicing Knife,"cat:kitchen, cat:new-arrivals, Christmas, Cooking & Baking, Cooking Together, Dishwasher-safe; stainless steel blade with white plastic handle, Entertaining, Everyday Use, Hostess Gift, Housewarming, Minimalist, Organic Modern, Plastic, Scandinavian, Self-Gift, Silver, Slicing Knife, Stainless steel, Thanksgiving, The Dinner Party, The Sunday Table, Wedding Season, kit:eligible",Active
white-stoneware-pillar-candle-holder,White Stoneware Pillar Candle Holder,"100% stoneware; dry-cloth care, Candlelit Dinners, cat:decor, cat:new-arrivals, Christmas, Décor & Styling, Entertaining, Gifting, Hostess Gift, Housewarming, Japandi, Minimalist, Organic Modern, Pillar Candle Holder, Self-Gift, Slow Evenings, Stoneware, Thanksgiving, The Host's Touch, White, kit:eligible",Active
white-stoneware-pillar-candle-holder-25435,White Stoneware Pillar Candle Holder,"100% stoneware; indoor-only design, Candlelit Dinners, cat:decor, cat:new-arrivals, Christmas, Décor & Styling, Entertaining, Gifting, Hostess Gift, Housewarming, Minimalist, Organic Modern, Pillar Candle Holder, Scandinavian, Slow Evenings, Stoneware, Thank-You, Thanksgiving, The Art of the Table, Wedding Season, White, kit:eligible",Active
white-travel-flatware-set-with-case,White Travel Flatware Set with Case,"A Table for One, and fitted storage case; lightweight polypropylene and silicone., cat:gifts, cat:new-arrivals, cat:tabletop, Clear, CONTENEDORES PLASTICOS BLANCO, Everyday Use, Gifting, Graduation, Graduation Season, Japandi, Just Because, knife, Minimalist, Outdoor & Patio, Polypropylene, Reusable utensils with case; fork, Scandinavian, seg:first-dinner-party, Self-Gift, Silicone, spoon, Thank-You, The Overnight Guest, Travel Flatware Set, White, kit:eligible",Active
wild-christmas-new-bone-china-coasters-set-of-4,"Wild Christmas New Bone China Coasters, Set of 4","100% new bone china; designed to protect furniture from hot and cold drink rings, Bar & Barware, cat:gifts, cat:new-arrivals, cat:tabletop, Christmas, Classic/Heritage, Coaster, Entertaining, Gifting, Holiday Gift, Holiday Traditions, Hostess Gift, Housewarming, Multicolor, NAVIDAD SILVESTRE, New Bone China, Organic Modern, Porcelain, seg:season-opener, seg:someone-in-mind, The Host's Touch, The Well-Set Bar, kit:eligible",Active
wild-christmas-porcelain-salad-plates-7-9-in-set-of-4,"Wild Christmas Porcelain Salad Plates, 7.9 in, Set of 4","cat:gifts, cat:new-arrivals, cat:tabletop, Christmas, Classic/Heritage, Entertaining, Everyday Use, Holiday Gift, Holiday Traditions, Hostess Gift, Housewarming, Multicolor, NAVIDAD SILVESTRE, Organic Modern, Porcelain, Porcelain; microwave-safe; dishwasher-safe, Salad Plate, Scandinavian, Seasonal Tables, Serving, The Sunday Table, kit:eligible",Active
wild-christmas-porcelain-serving-bowl-9-4-in,"Wild Christmas Porcelain Serving Bowl, 9.4 in","cat:new-arrivals, cat:tabletop, Christmas, Classic/Heritage, Entertaining, Gifting, Holiday Gift, Holiday Traditions, Hostess Gift, Hostess Gifts, Housewarming, Microwave- and dishwasher-safe porcelain; 67.6 fl oz (2000 mL) capacity., Multicolor, NAVIDAD SILVESTRE, Organic Modern, Porcelain, Serving, Serving Bowl, The Sunday Table, kit:eligible",Active
wild-christmas-soda-lime-glass-cutting-board,Wild Christmas Soda-Lime Glass Cutting Board,"cat:new-arrivals, cat:tabletop, Christmas, Classic/Heritage, Dishwasher-safe; 100% soda-lime glass., Entertaining, Gifting, Glass, Glass Cutting Board, Holiday Gift, Holiday Traditions, Hostess Gift, Hostess Gifts, Housewarming, Multicolor, NAVIDAD SILVESTRE, Organic Modern, Serving, Sodalime, The Host's Touch, kit:eligible",Active
wild-soul-multicolor-salad-plates-8-3-in-set-of-4,"Wild Soul Multicolor Salad Plates, 8.3 in, Set of 4","ALMA SILVESTRE, cat:gifts, cat:new-arrivals, cat:tabletop, Certified lead- and cadmium-free; microwave- and dishwasher-safe, Entertaining, Everyday Celebrations, Everyday Use, Hostess Gift, Housewarming, Minimalist, Multicolor, Organic Modern, Porcelain, Salad Plate, Serving, Thanksgiving, The Sunday Table, Wabi-Sabi, Wedding, Wedding Season, Weekend Brunch, kit:eligible",Active
wild-soul-porcelain-bowls-6-7-in-set-of-4,"Wild Soul Porcelain Bowls, 6.7 in, Set of 4","ALMA SILVESTRE, cat:gifts, cat:new-arrivals, cat:tabletop, Cereal Bowl, Classic/Heritage, Entertaining, Everyday Use, Hostess Gift, Housewarming, Lead- and cadmium-free; microwave- and dishwasher-safe, Mother's Day, Multicolor, Organic Modern, Porcelain, seg:season-opener, seg:the-first-kitchen, Serving, Thanksgiving, The Host's Touch, The Sunday Table, Wabi-Sabi, Wedding, Wedding Season, Weekend Gatherings, kit:eligible",Active
wild-soul-porcelain-dinner-plates-set-of-4,Wild Soul Porcelain Dinner Plates Set of 4,"ALMA SILVESTRE, cat:gifts, cat:new-arrivals, cat:tabletop, Certified lead- and cadmium-free; microwave- and dishwasher-safe; 100% porcelain, Christmas, Classic/Heritage, Dinner Party, Dinner Plate, Entertaining, Everyday Celebrations, Everyday Use, Hostess Gift, Housewarming, Multicolor, Organic Modern, Porcelain, Thanksgiving, The Dinner Party, The Sunday Table, Wabi-Sabi, Wedding, Wedding Season, kit:eligible",Active
wood-handle-waiters-corkscrew-wine-key,Wood Handle Waiter’s Corkscrew Wine Key,"89% stainless steel with an 11% bubinga wood handle; compact folding form., Bar & Barware, Bubinga, cat:bar-glassware, cat:new-arrivals, Christmas, Classic/Heritage, Entertaining, Gifting, Hostess Gift, Housewarming, Minimalist, New Year, Organic Modern, Silver, Stainless steel, The Dinner Party, The Well-Set Bar, Waiter’s Corkscrew, Wedding, Wedding Season, Wine Night, Wood, kit:eligible",Active
wood-marble-domino-set-with-brass-detail,Wood & Marble Domino Set with Brass Detail,"Brass, cat:decor, cat:gifts, cat:new-arrivals, Christmas, Domino Set, Décor & Styling, Entertaining, Game Night, Gifting, Hostess Gift, Housewarming, Iron, Japandi, Just Because, Marble, MDF, Minimalist, Natural marble with mango wood; brass dot detailing, Natural Wood, Objects with Stories, Organic Modern, seg:someone-in-mind, Wedding Season, Weekend Gatherings, Wood, kit:eligible",Active
wood-slice-paper-napkins-set-of-20,"Wood Slice Paper Napkins, Set of 20","100% paper; disposable cleanup; set of 20, cat:gifts, cat:new-arrivals, cat:tabletop, Cocktail Hour, Entertaining, Hostess Gift, Housewarming, Just Because, Multicolor, Organic Modern, Papel, Paper Napkin, Scandinavian, seg:season-opener, Serving, Thanksgiving, The Host's Touch, Wabi-Sabi, Weekend Gatherings, kit:eligible",Active
wooden-bread-box-with-front-door,Wooden Bread Box with Front Door,"Bread Box, cat:kitchen, cat:new-arrivals, Everyday Use, Gifting, Hostess Gift, Housewarming, Iron, Minimalist, Natural, Natural wood construction; front door for fresher countertop bread storage, Organic Modern, Scandinavian, seg:the-first-kitchen, Serving, Slow Mornings, The Housewarming, The Sunday Table, Wedding, Wedding Season, Wood, kit:eligible",Active
woodland-christmas-porcelain-charger-plate,Woodland Christmas Porcelain Charger Plate,"Candlelit Dinners, cat:new-arrivals, cat:tabletop, Charger Plate, Christmas, Classic/Heritage, Dinner Party, Entertaining, Holiday Gift, Holiday Traditions, Hostess Gift, Housewarming, Multicolor, NAVIDAD SILVESTRE, Organic Modern, Porcelain, Porcelain; microwave- and dishwasher-safe; printed woodland motif, Scandinavian, Special Occasion, Thanksgiving, The Art of the Table, kit:eligible",Active
woodland-christmas-porcelain-mugs-set-of-2,"Woodland Christmas Porcelain Mugs, Set of 2","cat:gifts, cat:new-arrivals, cat:tabletop, Christmas, Classic/Heritage, Coffee & Tea, Coffee Mug, Dishwasher- and microwave-safe porcelain; generous 11.8 fl oz (350 mL) capacity per mug, Entertaining, Gifting, Holiday Gift, Holiday Traditions, Hostess Gift, Just Because, Multicolor, NAVIDAD SILVESTRE, Organic Modern, Porcelain, Scandinavian, seg:weeknight-ceremony, The Coffee Ritual, The Tea Ritual, kit:eligible",Active
woodland-forest-porcelain-christmas-dinner-plates-set-of-2,"Woodland Forest Porcelain Christmas Dinner Plates, Set of 2","cat:gifts, cat:new-arrivals, cat:tabletop, Christmas, Classic/Heritage, Dinner Party, Dinner Plate, Entertaining, Holiday Gift, Holiday Traditions, Hostess Gift, Housewarming, Multicolor, NAVIDAD SILVESTRE, Organic Modern, Porcelain, Porcelain; dishwasher- and microwave-safe, Scandinavian, seg:season-opener, Serving, The Art of the Table, The Sunday Table, kit:eligible",Active
woodland-holiday-porcelain-dinner-plates-set-of-4,"Woodland Holiday Porcelain Dinner Plates, Set of 4","cat:gifts, cat:new-arrivals, cat:tabletop, Christmas, Classic/Heritage, Dinner Plate, Entertaining, Everyday Use, Holiday Gift, Holiday Traditions, Hostess Gift, Housewarming, Multicolor, NAVIDAD SILVESTRE, Organic Modern, Porcelain, Porcelain; dishwasher-safe; microwave-safe, Serving, Thanksgiving, The Art of the Table, The Sunday Table, Wabi-Sabi, kit:eligible",Active
woodland-reindeer-paper-napkins-set-of-20,"Woodland Reindeer Paper Napkins, Set of 20","100% paper; set of 20; multicolor woodland reindeer print, cat:gifts, cat:new-arrivals, cat:tabletop, Christmas, Classic/Heritage, Entertaining, Gifting, Holiday Gift, Holiday Traditions, Hostess Gift, Hostess Gifts, Just Because, Multicolor, NAVIDAD SILVESTRE, Organic Modern, Papel, Paper Napkin, Seasonal Tables, seg:someone-in-mind, Serving, kit:eligible",Active
woven-texture-ivory-pillar-candle-4-5-in,"Woven-Texture Ivory Pillar Candle, 4.5 in","Candlelit Dinners, cat:home-fragrance, cat:new-arrivals, Cera, Christmas, Décor & Styling, Entertaining, Gifting, Hostess Gift, Housewarming, Ivory, Japandi, Minimalist, Organic Modern, Paraffin, Pillar Candle, seg:someone-in-mind, Slow Evenings, Soja, TEJIDO, Thank-You, Thanksgiving, The Host's Touch, Unscented; 50% paraffin and 50% soy wax blend; raised woven texture, Wedding Season, kit:eligible",Active
yakarta-beige-pvc-placemat,Yakarta Beige PVC Placemat,"Beige, cat:new-arrivals, cat:tabletop, Coastal, Entertaining, Everyday Use, Hostess Gift, Housewarming, Minimalist, Organic Modern, Outdoor & Patio, Outdoor Living, Placemat, Pvc, Self-Gift, Thanksgiving, The Host's Touch, The Sunday Table, Wedding Season, Wipe-clean PVC; textured surface helps reduce utensil noise., YAKARTA, kit:eligible",Active
zebra-gray-acrylic-wine-glasses-set-of-2,"Zebra Gray Acrylic Wine Glasses, Set of 2","Acrylic construction for outdoor use; textured smoke-gray bowl, Bar & Barware, cat:gifts, cat:new-arrivals, cat:outdoor, Coastal, Cocktail Hour, Entertaining, Fourth of July, Gray, Hostess Gift, Housewarming, Just Because, Minimalist, Organic Modern, Outdoor & Patio, Outdoor Living, seg:season-opener, seg:someone-in-mind, The Well-Set Bar, Wedding Season, Wine Glass, ZEBRA, kit:eligible",Active
zen-beige-woven-placemat,Zen Beige Woven Placemat,"Beige, cat:new-arrivals, cat:tabletop, Entertaining, Everyday Use, Hostess Gift, Housewarming, Japandi, Just Because, Minimalist, Organic Modern, Papel, Placemat, Polietileno, seg:the-full-table, Serving, Thanksgiving, The Art of the Table, The Sunday Table, Wedding Season, Weekend Brunch, Wipe-clean care with a soft cloth; 80% paper and 20% polyethylene construction, ZEN, kit:eligible",Active
zen-brown-taupe-woven-placemat,Zen Brown Taupe Woven Placemat,"cat:new-arrivals, cat:tabletop, Christmas, Entertaining, Everyday Celebrations, Everyday Use, Hostess Gift, Housewarming, Japandi, Minimalist, Organic Modern, Papel, Placemat, Polietileno, Self-Gift, Serving, Taupe, Thanksgiving, The Sunday Table, Wedding Season, Weekend Gatherings, Wipe-clean surface; 80% paper and 20% polyethylene construction, ZEN, kit:eligible",Active
zen-green-placemat-woven-table-mat,"Zen Green Placemat, Woven Table Mat","cat:new-arrivals, cat:tabletop, Christmas, Entertaining, Everyday Use, Gifting, Green, Hostess Gift, Housewarming, Japandi, Minimalist, Organic Modern, Papel, Placemat, Polietileno, Thanksgiving, The Art of the Table, The Sunday Table, Wedding, Wedding Season, Weekend Gatherings, Wipe-clean surface; textured 80% paper and 20% polyethylene construction, ZEN, kit:eligible",Active
the-heirloom-box-family-recipe-card-1,The Heirloom Box & Family Recipe Card,duplicate,Draft
