URL handle,Title,SKU,Option1 name,Option1 value,Tags
white-porcelain-pasta-plate,White Porcelain Pasta Plate,12,Title,Default Title,"Pasta Plate, White, Porcelain, SIMPLE, Minimalist, Scandinavian, Organic Modern, Housewarming, Wedding, Hostess Gift, Everyday Use, Entertaining, Serving, Wedding Season, The Sunday Table, The Dinner Party, Everyday Celebrations, Hotel-grade porcelain; microwave- and dishwasher-safe, cat:tabletop, cat:new-arrivals, seg:the-first-kitchen"
plain-white-porcelain-mug-12-5-fl-oz,"Plain White Porcelain Mug, 12.5 fl oz",30,Title,Default Title,"Mug, White, Porcelain, SIMPLE, Minimalist, Scandinavian, Japandi, Housewarming, Hostess Gift, Just Because, Everyday Use, Coffee & Tea, Gifting, Christmas, Slow Mornings, The Coffee Ritual, The Tea Ritual, Microwave-safe; dishwasher-safe, cat:tabletop, cat:new-arrivals"
white-porcelain-sweetener-packet-caddy,White Porcelain Sweetener Packet Caddy,35,Title,Default Title,"Sugar Packet Holder, White, Porcelain, Minimalist, Classic/Heritage, Scandinavian, Housewarming, Hostess Gift, Thank-You, Coffee & Tea, Entertaining, Serving, Mother's Day, Thanksgiving, Christmas, The Coffee Ritual, The Tea Ritual, The Host's Touch, Porcelain; dishwasher-safe; microwave-safe, cat:tabletop, cat:new-arrivals, seg:weeknight-ceremony"
stainless-steel-pizza-cutter-wheel,Stainless Steel Pizza Cutter Wheel,139,Title,Default Title,"Pizza Cutter, Silver, Stainless steel, Minimalist, Classic/Heritage, Organic Modern, Housewarming, Hostess Gift, Self-Gift, Everyday Use, Entertaining, Serving, Wedding Season, Graduation Season, Weekend Gatherings, The Dinner Party, Open-Door Hospitality, Stainless steel construction; sharp rotating blade; two-sided finger guard, cat:kitchen, cat:new-arrivals, seg:first-dinner-party"
stainless-steel-cake-server-with-serrated-edge,Stainless Steel Cake Server with Serrated Edge,140,Title,Default Title,"Cake Server, Silver, Stainless steel, Minimalist, Scandinavian, Classic/Heritage, Housewarming, Wedding, Hostess Gift, Serving, Entertaining, Gifting, Wedding Season, Thanksgiving, The Sunday Table, The Dinner Party, Hostess Gifts, Polished stainless steel; serrated edge, cat:kitchen, cat:new-arrivals, seg:first-dinner-party, seg:the-full-table"
stainless-steel-ice-cream-scoop,Stainless Steel Ice Cream Scoop,143,Title,Default Title,"Ice Cream Scoop, Silver, Stainless steel, Minimalist, Classic/Heritage, Organic Modern, Housewarming, Hostess Gift, Just Because, Everyday Use, Entertaining, Serving, Weekend Gatherings, The Host's Touch, Everyday Celebrations, Stainless steel construction; pointed upturned tip reaches container corners, cat:kitchen, cat:new-arrivals"
small-stainless-steel-locking-tongs,Small Stainless Steel Locking Tongs,150,Title,Default Title,"Locking Tongs, Silver, Black, Stainless steel, Organic Modern, Minimalist, Scandinavian, Housewarming, Hostess Gift, Self-Gift, Everyday Use, Cooking & Baking, Entertaining, Wedding Season, Cooking Together, The Dinner Party, The Host's Touch, Stainless steel construction; locking design for compact storage, cat:kitchen, cat:new-arrivals, seg:first-dinner-party"
cube-glass-sauce-bottle-16-9-fl-oz-500-ml,"Cube Glass Sauce Bottle, 16.9 fl oz (500 mL)",179,Title,Default Title,"Oil & Vinegar Dispenser, Clear, Glass, Tpe, Stainless steel, CUBO, Minimalist, Scandinavian, Organic Modern, Housewarming, Hostess Gift, Thank-You, Everyday Use, Entertaining, Serving, Wedding Season, Cooking Together, The Dinner Party, The Host's Touch, Glass does not retain odors; 16.9 fl oz (500 mL) capacity; stainless steel and TPE pour top., cat:kitchen, cat:new-arrivals"
cube-oil-vinegar-cruet-set-8-5-fl-oz-250-ml,"Cube Oil & Vinegar Cruet Set, 8.5 fl oz (250 mL)",183,Title,Default Title,"Oil & Vinegar Cruet Set, Clear, Glass, Tpe, Stainless steel, CUBO, Organic Modern, Minimalist, Classic/Heritage, Housewarming, Wedding, Hostess Gift, Everyday Use, Entertaining, Serving, Wedding Season, The Sunday Table, The Dinner Party, The Host's Touch, Gravity pour spouts; clear glass bottles with stainless steel rack and metal labels, cat:kitchen, cat:gifts, cat:new-arrivals, seg:first-dinner-party, seg:the-first-kitchen, seg:the-full-table"
silver-stainless-steel-can-opener-with-bottle-opener,Silver Stainless Steel Can Opener with Bottle Opener,242,Title,Default Title,"Can Opener, Silver, Iron, Laminado, Plastic, Abs, Stainless steel, Minimalist, Classic/Heritage, Housewarming, Hostess Gift, Self-Gift, Everyday Use, Cooking & Baking, Gifting, Thanksgiving, Cooking Together, Open-Door Hospitality, The Host's Touch, Sharp stainless steel cutting wheel; built-in bottle opener, cat:kitchen, cat:new-arrivals"
kitchen-meat-mallet-with-stainless-steel-handle,Kitchen Meat Mallet with Stainless Steel Handle,255,Title,Default Title,"Meat Tenderizer, Silver, Black, Iron, Laminado, Plastic, Abs, Stainless steel, Minimalist, Organic Modern, Housewarming, Hostess Gift, Self-Gift, Cooking & Baking, Everyday Use, Gifting, Wedding Season, Cooking Together, Recipes Worth Passing Down, The Housewarming, Double-sided flat and textured head; weighted design for boneless meats, cat:kitchen, cat:new-arrivals"
stainless-steel-y-vegetable-peeler,Stainless Steel Y Vegetable Peeler,258,Title,Default Title,"Vegetable Peeler, Silver, Black, Plastic, Abs, Stainless steel, Minimalist, Organic Modern, Housewarming, Hostess Gift, Self-Gift, Everyday Use, Cooking & Baking, Gifting, Thanksgiving, Cooking Together, Recipes Worth Passing Down, The Housewarming, Stainless steel and ABS plastic; straight Y-shaped blade; hanging loop., cat:kitchen, cat:new-arrivals"
stainless-steel-vertical-vegetable-peeler,Stainless Steel Vertical Vegetable Peeler,259,Title,Default Title,"Vegetable Peeler, Silver, Black, Plastic, Abs, Stainless steel, Minimalist, Scandinavian, Organic Modern, Housewarming, Hostess Gift, Self-Gift, Everyday Use, Cooking & Baking, Gifting, Thanksgiving, Cooking Together, The Sunday Table, Hostess Gifts, Stainless steel blade; removes extra-thin layers, cat:kitchen, cat:new-arrivals"
stainless-steel-garlic-press,Stainless Steel Garlic Press,260,Title,Default Title,"Garlic Press, Silver, Stainless steel, Minimalist, Classic/Heritage, Scandinavian, Housewarming, Hostess Gift, Just Because, Everyday Use, Cooking & Baking, Gifting, Wedding Season, Mother's Day, Cooking Together, The Dinner Party, Recipes Worth Passing Down, Presses peeled or unpeeled garlic cloves; stainless steel construction, cat:kitchen, cat:new-arrivals, seg:first-dinner-party, seg:weeknight-ceremony"
stainless-steel-handheld-grater,Stainless Steel Handheld Grater,261,Title,Default Title,"Grater, Silver, Stainless steel, Minimalist, Organic Modern, Housewarming, Hostess Gift, Just Because, Cooking & Baking, Serving, Bar & Barware, Thanksgiving, Christmas, Wedding Season, Cooking Together, Cocktail Hour, The Host's Touch, Stainless steel construction; slim handheld profile with hanging loop, cat:kitchen, cat:new-arrivals"
black-handheld-coffee-frother-with-stand,Black Handheld Coffee Frother with Stand,329,Title,Default Title,"Handheld Frother, Black, Plastic, Metal, Minimalist, Scandinavian, Organic Modern, Housewarming, Hostess Gift, Self-Gift, Everyday Use, Coffee & Tea, Gifting, Christmas, Mother's Day, Father's Day, The Coffee Ritual, Slow Mornings, Breakfast in Bed, Includes support stand; works in hot and cold beverages; multiuse for foam and light egg beating, cat:tabletop, cat:new-arrivals, seg:weeknight-ceremony"
stainless-steel-manual-knife-sharpener,Stainless Steel Manual Knife Sharpener,377,Title,Default Title,"Knife Sharpener, Silver, Stainless steel, Minimalist, Organic Modern, Housewarming, Hostess Gift, Self-Gift, Everyday Use, Cooking & Baking, Gifting, Father's Day, Wedding Season, Cooking Together, The Host's Touch, Open-Door Hospitality, Stainless steel construction; 10 to 15 pass sharpening action, cat:kitchen, cat:new-arrivals"
small-glass-oil-vinegar-cruet-set-5-1-fl-oz-150-ml,"Small Glass Oil & Vinegar Cruet Set, 5.1 fl oz (150 mL)",526,Title,Default Title,"Oil & Vinegar Dispenser Set, Clear, Glass, Tpe, Stainless steel, CUBO, Minimalist, Classic/Heritage, Organic Modern, Housewarming, Hostess Gift, Wedding, Everyday Use, Entertaining, Serving, Thanksgiving, Christmas, Wedding Season, The Sunday Table, The Dinner Party, The Host's Touch, Gravity spouts for cleaner pouring; clear labeled bottles in a slim metal caddy, cat:kitchen, cat:gifts, cat:new-arrivals, seg:first-dinner-party, seg:the-first-kitchen, seg:the-full-table"
glass-oil-and-vinegar-cruet-set-with-salt-and-pepper-caddy,Glass Oil and Vinegar Cruet Set with Salt and Pepper Caddy,540,Title,Default Title,"Oil & Vinegar Cruet Set, Clear, Glass, Pp, Stainless steel, CUBO, Classic/Heritage, Minimalist, Mediterranean, Housewarming, Wedding, Hostess Gift, Everyday Use, Entertaining, Serving, Thanksgiving, Wedding Season, The Sunday Table, The Dinner Party, The Host's Touch, Gravity spouts for cleaner pouring; chrome-plated metal caddy keeps four condiments together., cat:kitchen, cat:gifts, cat:new-arrivals, seg:first-dinner-party, seg:the-first-kitchen, seg:the-full-table"
gala-20-5-fl-oz-red-wine-glasses-set-of-4,"Gala 20.5 fl oz Red Wine Glasses, Set of 4",743,Title,Default Title,"Red Wine Glass, Clear, Glass, GALA, Classic/Heritage, Minimalist, Organic Modern, Housewarming, Wedding, Hostess Gift, Entertaining, Dinner Party, Bar & Barware, Thanksgiving, Christmas, Wedding Season, Wine Night, The Dinner Party, The Well-Set Bar, Dishwasher-safe; high-transparency glass; generous bowl for complex red wines, cat:bar-glassware, cat:gifts, cat:new-arrivals, seg:first-dinner-party, seg:the-first-kitchen, seg:the-full-table"
clear-glass-shot-glasses-set-of-4,"Clear Glass Shot Glasses, Set of 4",745,Title,Default Title,"Shot Glass, Clear, Glass, Minimalist, Organic Modern, Housewarming, Hostess Gift, Birthday, Bar & Barware, Entertaining, Gifting, New Year, Father's Day, Wedding Season, Cocktail Hour, The Dinner Party, The Well-Set Bar, High-transparency glass; dishwasher safe, cat:bar-glassware, cat:gifts, cat:new-arrivals, seg:first-dinner-party, seg:season-opener"
white-porcelain-ramekin-bowl-3-4-fl-oz,"White Porcelain Ramekin Bowl, 3.4 fl oz",948,Title,Default Title,"Ramekin, White, Porcelain, RAMEKIN, Classic/Heritage, Minimalist, Scandinavian, Housewarming, Hostess Gift, Self-Gift, Cooking & Baking, Serving, Everyday Use, Thanksgiving, Christmas, Wedding Season, Cooking Together, The Dinner Party, The Host's Touch, Oven-, microwave-, and dishwasher-safe porcelain, cat:tabletop, cat:new-arrivals, seg:the-full-table"
white-porcelain-ramekin-bowl-8-5-fl-oz-250-ml,"White Porcelain Ramekin Bowl, 8.5 fl oz (250 mL)",949,Title,Default Title,"Ramekin Bowl, White, Porcelain, RAMEKIN, Classic/Heritage, Minimalist, Organic Modern, Housewarming, Hostess Gift, Thank-You, Everyday Use, Serving, Cooking & Baking, Thanksgiving, Christmas, Wedding Season, The Dinner Party, The Sunday Table, Hostess Gifts, Oven-, microwave-, and dishwasher-safe porcelain., cat:tabletop, cat:new-arrivals, seg:first-dinner-party"
cube-mini-white-porcelain-dipping-dish,Cube Mini White Porcelain Dipping Dish,1012,Title,Default Title,"Sauce Dish, White, Porcelain, CUBO, Minimalist, Japandi, Organic Modern, Housewarming, Hostess Gift, Thank-You, Everyday Use, Entertaining, Serving, Thanksgiving, Wedding Season, The Dinner Party, The Host's Touch, The Art of the Table, Porcelain; dishwasher-safe; microwave-safe, cat:tabletop, cat:new-arrivals, seg:the-full-table"
galeon-medium-white-porcelain-serving-bowl,Galeon Medium White Porcelain Serving Bowl,1018,Title,Default Title,"Serving Bowl, White, Porcelain, GALEON, Organic Modern, Japandi, Minimalist, Housewarming, Wedding, Hostess Gift, Serving, Entertaining, Everyday Use, Thanksgiving, Wedding Season, The Sunday Table, The Dinner Party, Hostess Gifts, Microwave- and dishwasher-safe porcelain serving bowl; 18.6 fl oz (550 mL) capacity., cat:tabletop, cat:new-arrivals"
gala-clear-stemless-wine-glasses-16-1-fl-oz-set-of-4,"Gala Clear Stemless Wine Glasses, 16.1 fl oz, Set of 4",1038,Title,Default Title,"Stemless Wine Glass, Clear, Glass, GALA, Minimalist, Organic Modern, Classic/Heritage, Housewarming, Wedding, Hostess Gift, Everyday Use, Bar & Barware, Entertaining, Wedding Season, Christmas, New Year, Wine Night, Cocktail Hour, The Dinner Party, Dishwasher-safe clear glass; set of 4; designed for complex red wines., cat:bar-glassware, cat:gifts, cat:new-arrivals, seg:first-dinner-party, seg:season-opener, seg:the-first-kitchen, seg:the-full-table"
clear-martini-glasses-set-of-4,"Clear Martini Glasses, Set of 4",1039,Title,Default Title,"Martini Glass, Clear, Glass, Minimalist, Classic/Heritage, Housewarming, Wedding, Hostess Gift, Cocktail Hour, Bar & Barware, Entertaining, New Year, Wedding Season, Christmas, The Nightcap, The Well-Set Bar, Dishwasher-safe; 10.8 fl oz capacity; clear glass with exceptional clarity, cat:bar-glassware, cat:gifts, cat:new-arrivals, seg:season-opener"
clear-margarita-glasses-set-of-4,Clear Margarita Glasses Set of 4,1040,Title,Default Title,"Margarita Glass, Clear, Glass, Classic/Heritage, Minimalist, Coastal, Housewarming, Wedding, Hostess Gift, Bar & Barware, Cocktail Hour, Entertaining, New Year, Wedding Season, The Dinner Party, The Well-Set Bar, Dishwasher-safe clear glass; generous 15.9 fl oz (470 mL) capacity, cat:bar-glassware, cat:gifts, cat:new-arrivals, seg:first-dinner-party, seg:season-opener"
stainless-steel-wing-corkscrew-wine-opener,Stainless Steel Wing Corkscrew Wine Opener,1114,Title,Default Title,"Wing Corkscrew, Silver, Stainless steel, Minimalist, Classic/Heritage, Housewarming, Wedding, Hostess Gift, Bar & Barware, Entertaining, Gifting, Wedding Season, Christmas, Father's Day, Wine Night, Cocktail Hour, The Well-Set Bar, Stainless steel; self-aligning wing action; built-in bottle opener; soft-touch grip, cat:bar-glassware, cat:new-arrivals, seg:season-opener"
white-porcelain-butter-dish-with-lid,White Porcelain Butter Dish with Lid,1191,Title,Default Title,"Butter Dish, White, Porcelain, Minimalist, Scandinavian, Classic/Heritage, Housewarming, Hostess Gift, Just Because, Everyday Use, Entertaining, Serving, Thanksgiving, Christmas, Mother's Day, Slow Mornings, The Sunday Table, The Host's Touch, Dishwasher-safe and microwave-safe porcelain, cat:tabletop, cat:new-arrivals"
stainless-steel-winged-corkscrew-with-bottle-opener,Stainless Steel Winged Corkscrew with Bottle Opener,1256,Title,Default Title,"Winged Corkscrew, Silver, Caucho, Stainless steel, Minimalist, Classic/Heritage, Housewarming, Hostess Gift, Self-Gift, Bar & Barware, Entertaining, Gifting, Christmas, Father's Day, Wedding Season, Wine Night, The Dinner Party, The Well-Set Bar, Built-in bottle opener; rubber-grip wings, cat:bar-glassware, cat:new-arrivals, seg:someone-in-mind"
cube-small-sauce-bottle-with-pour-spout,Cube Small Sauce Bottle with Pour Spout,1357,Title,Default Title,"Sauce Bottle, Clear, Silver, Glass, Tpe, Stainless steel, CUBO, Minimalist, Organic Modern, Scandinavian, Housewarming, Hostess Gift, Thank-You, Everyday Use, Serving, Entertaining, Wedding Season, Cooking Together, The Host's Touch, The Art of the Table, Airtight TPE stopper; controlled stainless steel pour spout, cat:kitchen, cat:new-arrivals"
stainless-steel-wine-stopper-pourer,Stainless Steel Wine Stopper Pourer,1738,Title,Default Title,"Wine Pourer/Stopper, Black, Silver, Plastic, Stainless steel, Minimalist, Bauhaus, Scandinavian, Hostess Gift, Housewarming, Thank-You, Bar & Barware, Entertaining, Gifting, Thanksgiving, Christmas, New Year, Wine Night, The Dinner Party, Hostess Gifts, Two-in-one pourer and stopper; drip-free lever pour for short-term storage., cat:bar-glassware, cat:new-arrivals, seg:someone-in-mind"
white-porcelain-cake-stand-11-2-in-28-5-cm,"White Porcelain Cake Stand, 11.2 in (28.5 cm)",2125,Title,Default Title,"Cake Stand, White, Porcelain, Classic/Heritage, Minimalist, Scandinavian, Housewarming, Wedding, Hostess Gift, Serving, Entertaining, Gifting, Wedding Season, The Sunday Table, Weekend Gatherings, Hostess Gifts, Porcelain; dishwasher- and microwave-safe; gently raised rim, cat:tabletop, cat:new-arrivals, seg:the-first-kitchen"
white-porcelain-soup-bowl-with-handle-16-9-fl-oz-500-ml,"White Porcelain Soup Bowl with Handle, 16.9 fl oz (500 mL)",2126,Title,Default Title,"Soup Bowl, White, Porcelain, Classic/Heritage, Minimalist, Organic Modern, Housewarming, Hostess Gift, Self-Gift, Everyday Use, Entertaining, Serving, Thanksgiving, Christmas, Slow Evenings, The Sunday Table, The Host's Touch, Microwave- and dishwasher-safe porcelain; side handle for secure carrying., cat:tabletop, cat:new-arrivals"
pasantes-porcelain-mini-serving-bowl-0-85-fl-oz-25-ml,"Pasantes Porcelain Mini Serving Bowl, 0.85 fl oz (25 mL)",2223,Title,Default Title,"Mini Bowl, White, Porcelain, Minimalist, Scandinavian, Classic/Heritage, Housewarming, Hostess Gift, Thank-You, Serving, Entertaining, Gifting, Thanksgiving, Christmas, Wedding Season, The Dinner Party, Weekend Brunch, The Host's Touch, White porcelain; microwave- and dishwasher-safe, cat:tabletop, cat:new-arrivals, seg:someone-in-mind, seg:the-full-table"
white-porcelain-personal-butter-dish-with-lid,White Porcelain Personal Butter Dish with Lid,2244,Title,Default Title,"Butter Dish, White, Porcelain, Classic/Heritage, Minimalist, Scandinavian, Housewarming, Wedding, Hostess Gift, Everyday Use, Entertaining, Serving, Thanksgiving, Christmas, Wedding Season, Slow Mornings, Candlelit Dinners, The Host's Touch, Microwave- and dishwasher-safe porcelain, cat:tabletop, cat:new-arrivals, seg:the-first-kitchen"
clear-2-oz-tequila-shot-glasses-set-of-4,"Clear 2 oz Tequila Shot Glasses, Set of 4",2260,Title,Default Title,"Shot Glass, Clear, Glass, Minimalist, Bauhaus, Classic/Heritage, Housewarming, Hostess Gift, Thank-You, Bar & Barware, Entertaining, Gifting, New Year, Cocktail Hour, The Well-Set Bar, Hostess Gifts, Dishwasher-safe glass with a heavy, balanced base., cat:bar-glassware, cat:gifts, cat:new-arrivals, seg:first-dinner-party, seg:season-opener, seg:someone-in-mind"
chrome-silver-iron-wire-spiral-napkin-ring,Chrome Silver Iron Wire Spiral Napkin Ring,2606,Title,Default Title,"Napkin Ring, Silver, Alambre, Iron, ALUMINIO PLATEADO, Organic Modern, Minimalist, Scandinavian, Housewarming, Wedding, Hostess Gift, Entertaining, Dinner Party, Gifting, Thanksgiving, Christmas, Wedding Season, The Dinner Party, The Art of the Table, Hostess Gifts, Chrome-finished iron wire; wipe-clean dry-cloth care, cat:tabletop, cat:new-arrivals, seg:the-full-table"
chrome-iron-wire-plate-rack-organizer,Chrome Iron Wire Plate Rack Organizer,2628,Title,Default Title,"Plate Rack, Silver, Alambre, Iron, ALUMINIO PLATEADO, Minimalist, Scandinavian, Organic Modern, Housewarming, Thank-You, Self-Gift, Everyday Use, Serving, Gifting, Wedding Season, Graduation Season, Cooking Together, The Host's Touch, Everyday Beauty, 100% iron wire; compact chrome-finished frame for organizing and air-drying plates., cat:kitchen, cat:new-arrivals"
silicone-wine-glass-charms-set-of-12,"Silicone Wine Glass Charms, Set of 12",2651,Title,Default Title,"Wine Glass Charms, Multicolor, Silicone, Bauhaus, Minimalist, Organic Modern, Housewarming, Hostess Gift, Thank-You, Entertaining, Cocktail Hour, Bar & Barware, Thanksgiving, Christmas, New Year, Wine Night, The Dinner Party, Flexible silicone; attaches to stems or rims; storage holder included, cat:bar-glassware, cat:gifts, cat:new-arrivals, seg:first-dinner-party, seg:season-opener"
white-porcelain-vinegar-cruet-3-4-fl-oz,"White Porcelain Vinegar Cruet, 3.4 fl oz",2670,Title,Default Title,"Vinegar Cruet, White, Porcelain, Minimalist, Classic/Heritage, Scandinavian, Housewarming, Hostess Gift, Thank-You, Everyday Use, Entertaining, Serving, Thanksgiving, The Sunday Table, The Dinner Party, The Host's Touch, Dishwasher- and microwave-safe porcelain; long slim spout with lid for controlled, drip-resistant pouring., cat:tabletop, cat:new-arrivals"
apetice-mini-porcelain-sauce-bowl-with-handle-1-fl-oz,"Apetice Mini Porcelain Sauce Bowl with Handle, 1 fl oz",2671,Title,Default Title,"Mini Sauce Bowl, White, Porcelain, Classic/Heritage, Minimalist, Scandinavian, Hostess Gift, Housewarming, Thank-You, Serving, Entertaining, Gifting, Thanksgiving, Christmas, The Host's Touch, The Art of the Table, Cocktail Hour, Dishwasher- and microwave-safe porcelain; nonporous surface resists odors and flavors., cat:tabletop, cat:new-arrivals, seg:someone-in-mind, seg:the-full-table"
venice-white-porcelain-sauce-dish-2-4-fl-oz-70-ml,"Venice White Porcelain Sauce Dish, 2.4 fl oz (70 mL)",2675,Title,Default Title,"Sauce Dish, White, Porcelain, Classic/Heritage, Minimalist, Scandinavian, Housewarming, Hostess Gift, Wedding, Everyday Use, Serving, Entertaining, Thanksgiving, Christmas, Wedding Season, The Dinner Party, The Host's Touch, Everyday Celebrations, Microwave- and dishwasher-safe; porcelain resists odors and flavors., cat:tabletop, cat:new-arrivals, seg:the-full-table"
verena-white-porcelain-mug-13-5-fl-oz,"Verena White Porcelain Mug, 13.5 fl oz",2684,Title,Default Title,"Coffee Mug, White, Porcelain, Minimalist, Scandinavian, Japandi, Housewarming, Hostess Gift, Self-Gift, Everyday Use, Coffee & Tea, Gifting, Christmas, Mother's Day, Graduation Season, Slow Mornings, The Coffee Ritual, The Tea Ritual, Porcelain; microwave-safe; dishwasher-safe, cat:tabletop, cat:new-arrivals"
porcelain-individual-butter-dish-white,"Porcelain Individual Butter Dish, White",2690,Title,Default Title,"Butter Dish, White, Porcelain, Minimalist, Classic/Heritage, Scandinavian, Housewarming, Wedding, Hostess Gift, Everyday Use, Entertaining, Serving, Thanksgiving, Christmas, Wedding Season, The Sunday Table, The Dinner Party, The Host's Touch, Microwave-safe and dishwasher-safe porcelain., cat:tabletop, cat:new-arrivals, seg:the-full-table"
onata-white-porcelain-sauce-dish,Onata White Porcelain Sauce Dish,2694,Title,Default Title,"Sauce Dish, White, Porcelain, Minimalist, Japandi, Scandinavian, Housewarming, Hostess Gift, Thank-You, Everyday Use, Entertaining, Serving, Thanksgiving, Christmas, Wedding Season, The Dinner Party, The Host's Touch, Everyday Celebrations, Microwave- and dishwasher-safe porcelain; compact individual portion size., cat:tabletop, cat:new-arrivals, seg:the-full-table"
white-porcelain-moka-spoon,White Porcelain Moka Spoon,2697,Title,Default Title,"Coffee Spoon, White, Porcelain, Minimalist, Classic/Heritage, Japandi, Housewarming, Hostess Gift, Thank-You, Coffee & Tea, Serving, Entertaining, Mother's Day, Wedding Season, The Coffee Ritual, The Tea Ritual, The Host's Touch, Microwave- and dishwasher-safe., cat:tabletop, cat:new-arrivals, seg:weeknight-ceremony"
small-plastic-cutting-board-with-handle-white-black,"Small Plastic Cutting Board with Handle, White/Black",2741,Title,Default Title,"Cutting Board, White, Black, Plastic, Minimalist, Scandinavian, Organic Modern, Housewarming, Hostess Gift, Self-Gift, Everyday Use, Cooking & Baking, Gifting, Wedding Season, Cooking Together, The Overnight Guest, Open-Door Hospitality, Compact prep size; easy-grip handle opening; hand-wash care, cat:kitchen, cat:new-arrivals"
plastic-cutting-board-with-handle-white-and-black,"Plastic Cutting Board with Handle, White and Black",2742,Title,Default Title,"Cutting Board, White, Black, Plastic, Minimalist, Scandinavian, Organic Modern, Housewarming, Hostess Gift, Self-Gift, Everyday Use, Cooking & Baking, Gifting, Thanksgiving, Christmas, Wedding Season, Cooking Together, The Sunday Table, Open-Door Hospitality, Built-in handle; slim 0.4 in (1 cm) profile, cat:kitchen, cat:new-arrivals"
bettina-clear-acrylic-salt-shaker,Bettina Clear Acrylic Salt Shaker,2793,Title,Default Title,"Salt Shaker, Clear, Acrylic, Abs, Stainless steel, BETTINA, Minimalist, Classic/Heritage, Organic Modern, Housewarming, Hostess Gift, Just Because, Everyday Use, Serving, Gifting, The Sunday Table, Cooking Together, The Host's Touch, Clear fill-level view; adjustable mill-style top; refillable design, cat:tabletop, cat:new-arrivals"
bettina-clear-acrylic-pepper-mill-with-ceramic-grinder,Bettina Clear Acrylic Pepper Mill with Ceramic Grinder,2794,Title,Default Title,"Pepper Mill, Clear, Acrylic, Abs, Ceramic, Copper, Aluminum, Stainless steel, BETTINA, Minimalist, Scandinavian, Organic Modern, Housewarming, Hostess Gift, Thank-You, Everyday Use, Entertaining, Serving, Thanksgiving, Christmas, Wedding Season, The Dinner Party, The Host's Touch, Everyday Celebrations, Clear acrylic body; ceramic grinder, cat:tabletop, cat:new-arrivals, seg:the-full-table"
white-porcelain-sauce-dish-1-9-fl-oz,"White Porcelain Sauce Dish, 1.9 fl oz",3045,Title,Default Title,"Sauce Dish, White, Porcelain, Minimalist, Scandinavian, Classic/Heritage, Housewarming, Hostess Gift, Just Because, Everyday Use, Entertaining, Serving, Thanksgiving, Christmas, Candlelit Dinners, Cocktail Hour, The Host's Touch, Porcelain that does not absorb odors or flavors; microwave- and dishwasher-safe., cat:tabletop, cat:new-arrivals"
white-porcelain-mortar-pestle-2-8-in-7-cm,"White Porcelain Mortar & Pestle, 2.8 in (7 cm)",3046,Title,Default Title,"Mortar & Pestle, White, Porcelain, Minimalist, Scandinavian, Organic Modern, Housewarming, Hostess Gift, Self-Gift, Everyday Use, Cooking & Baking, Gifting, Christmas, Thanksgiving, Wedding Season, Cooking Together, The Dinner Party, Hostess Gifts, Non-porous porcelain; microwave-, dishwasher-, and oven-safe to 356°F (180°C)., cat:kitchen, cat:gifts, cat:new-arrivals, seg:first-dinner-party, seg:weeknight-ceremony"
small-white-porcelain-egg-cup,Small White Porcelain Egg Cup,3050,Title,Default Title,"Egg Cup, White, Porcelain, Minimalist, Scandinavian, Classic/Heritage, Housewarming, Hostess Gift, Self-Gift, Everyday Use, Coffee & Tea, Gifting, Easter, Mother's Day, Slow Mornings, Breakfast in Bed, The Tea Ritual, Microwave-safe; dishwasher-safe; non-porous porcelain resists odors and flavors., cat:tabletop, cat:new-arrivals, seg:weeknight-ceremony"
fixed-base-stainless-steel-paper-towel-holder,Fixed Base Stainless Steel Paper Towel Holder,3110,Title,Default Title,"Paper Towel Holder, Silver, Black, Plastic, Abs, Policloruro, Vinilo, Stainless steel, Minimalist, Organic Modern, Housewarming, Hostess Gift, Self-Gift, Everyday Use, Entertaining, Coffee & Tea, Thanksgiving, Christmas, Cooking Together, The Coffee Ritual, The Host's Touch, Stainless steel frame; fixed base for controlled tearing; helps keep rolls aligned and prevents unspooling, cat:kitchen, cat:new-arrivals, seg:first-dinner-party, seg:weeknight-ceremony"
blow-acrylic-short-tumbler-clear,"Blow Acrylic Short Tumbler, Clear",3119,Title,Default Title,"Short Tumbler, Clear, Acrylic, BLOW, Minimalist, Coastal, Organic Modern, Housewarming, Hostess Gift, Self-Gift, Outdoor & Patio, Bar & Barware, Entertaining, Fourth of July, Outdoor Living, Poolside, Cocktail Hour, 100% acrylic; top-rack dishwasher safe, cat:outdoor, cat:new-arrivals, seg:season-opener"
blow-clear-acrylic-white-wine-glass-15-2-fl-oz,"Blow Clear Acrylic White Wine Glass, 15.2 fl oz",3124,Title,Default Title,"White Wine Glass, Clear, Acrylic, BLOW, Minimalist, Coastal, Organic Modern, Housewarming, Hostess Gift, Self-Gift, Outdoor & Patio, Bar & Barware, Entertaining, Fourth of July, Wedding Season, Outdoor Living, Poolside, Cocktail Hour, 100% acrylic; top-rack dishwasher-safe; clear stemmed 15.2 fl oz (450 mL) capacity, cat:outdoor, cat:new-arrivals, seg:season-opener"
herb-keeper-for-fresh-herb-storage,Herb Keeper for Fresh Herb Storage,3191,Title,Default Title,"Herb Keeper, White, Clear, Plastic, Minimalist, Organic Modern, Scandinavian, Housewarming, Hostess Gift, Thank-You, Everyday Use, Cooking & Baking, Gifting, Thanksgiving, Mother's Day, Cooking Together, The Sunday Table, Open-Door Hospitality, Keeps herbs fresh for up to 3 weeks; clear upright storage protects delicate leafy bunches, cat:kitchen, cat:new-arrivals"
white-digital-kitchen-scale-with-tempered-glass,White Digital Kitchen Scale with Tempered Glass,3253,Title,Default Title,"Digital Kitchen Scale, White, Glass, Templado, Plastic, GRAMERA, Minimalist, Scandinavian, Organic Modern, Housewarming, Thank-You, Self-Gift, Cooking & Baking, Coffee & Tea, Everyday Use, Wedding Season, Cooking Together, The Coffee Ritual, Recipes Worth Passing Down, Tempered glass platform; waterproof body., cat:kitchen, cat:new-arrivals, seg:weeknight-ceremony"
gravur-acrylic-tumblers-15-9-fl-oz-472-ml-set-of-6,"Gravur Acrylic Tumblers, 15.9 fl oz (472 mL), Set of 6",3476,Title,Default Title,"Short Tumbler, Red, Ambar Oscuro, Green, Purple, Gray, Blue, Acrylic, Poliestireno, GRAVUR, Classic/Heritage, Coastal, Mid-Century, Housewarming, Hostess Gift, Self-Gift, Outdoor & Patio, Cocktail Hour, Entertaining, Fourth of July, Outdoor Living, Poolside, Shatter-resistant for outdoor use; top-rack dishwasher-safe, cat:outdoor, cat:gifts, cat:new-arrivals, seg:season-opener"
gravur-acrylic-outdoor-wine-glasses-15-0-fl-oz-set-of-6,"Gravur Acrylic Outdoor Wine Glasses, 15.0 fl oz, Set of 6",3477,Title,Default Title,"Acrylic Wine Glass, Red, Ambar Oscuro, Green, Purple, Gray, Blue, Acrylic, Poliestireno, GRAVUR, Coastal, Mediterranean, Classic/Heritage, Housewarming, Hostess Gift, Just Because, Entertaining, Outdoor & Patio, Bar & Barware, Fourth of July, Wedding Season, Mother's Day, Outdoor Living, Poolside, Wine Night, Impact-resistant for outdoor service; top-rack dishwasher-safe., cat:outdoor, cat:gifts, cat:new-arrivals"
chrome-iron-wire-napkin-holder,Chrome Iron Wire Napkin Holder,3503,Title,Default Title,"Napkin Holder, Silver, Alambre, Iron, ALUMINIO PLATEADO, Minimalist, Bauhaus, Scandinavian, Housewarming, Hostess Gift, Just Because, Everyday Use, Entertaining, Décor & Styling, Thanksgiving, Christmas, Weekend Gatherings, The Host's Touch, The Backyard BBQ, Chrome-finished iron wire; compact open-frame design for folded paper napkins., cat:tabletop, cat:new-arrivals"
white-rectangular-porcelain-appetizer-plate,White Rectangular Porcelain Appetizer Plate,3541,Title,Default Title,"Appetizer Plate, White, Porcelain, Minimalist, Japandi, Organic Modern, Housewarming, Wedding, Hostess Gift, Everyday Use, Entertaining, Serving, Wedding Season, The Dinner Party, The Host's Touch, Everyday Celebrations, Microwave- and dishwasher-safe; non-porous, odor- and flavor-resistant porcelain., cat:tabletop, cat:new-arrivals, seg:the-first-kitchen"
large-clear-acrylic-pitcher-with-lid,Large Clear Acrylic Pitcher with Lid,3760,Title,Default Title,"Pitcher, Clear, Acrylic, Poliestireno, GRAVUR, Classic/Heritage, Coastal, Minimalist, Housewarming, Wedding, Hostess Gift, Outdoor & Patio, Entertaining, Serving, Fourth of July, Wedding Season, Outdoor Living, Poolside, Weekend Gatherings, Impact-resistant acrylic and polystyrene; top-rack dishwasher-safe., cat:outdoor, cat:new-arrivals"
folding-bamboo-bed-tray-with-handles,Folding Bamboo Bed Tray with Handles,4034,Title,Default Title,"Bed Tray Table, Natural Wood, Bamboo, Wood, MDF, Iron, Organic Modern, Wabi-Sabi, Classic/Heritage, Housewarming, Hostess Gift, Self-Gift, Everyday Use, Coffee & Tea, Serving, Mother's Day, Father's Day, Breakfast in Bed, The Tea Ritual, The Overnight Guest, 90% bamboo construction; foldable legs, cat:tabletop, cat:new-arrivals, seg:the-first-kitchen"
5-piece-bamboo-cooking-utensil-set,5-Piece Bamboo Cooking Utensil Set,4035,Title,Default Title,"Cooking Utensil Set, Natural Wood, Bamboo, BAMBU, Organic Modern, Japandi, Minimalist, Housewarming, Hostess Gift, Self-Gift, Cooking & Baking, Everyday Use, Gifting, Graduation Season, Wedding Season, Cooking Together, The Sunday Table, Hostess Gifts, 100% bamboo; gentle on nonstick cookware, cat:kitchen, cat:gifts, cat:new-arrivals, seg:first-dinner-party"
bamboo-cocktail-picks-set-of-100,"Bamboo Cocktail Picks, Set of 100",4036,Title,Default Title,"Cocktail Pick, Natural Wood, Bamboo, BAMBU, Organic Modern, Scandinavian, Minimalist, Hostess Gift, Housewarming, Thank-You, Entertaining, Cocktail Hour, Serving, New Year, Wedding Season, Weekend Gatherings, The Dinner Party, 100% bamboo; renewable and biodegradable; free from harmful chemicals and toxins, cat:tabletop, cat:gifts, cat:new-arrivals, seg:first-dinner-party, seg:season-opener"
rotary-cheese-grater-with-two-drums,Rotary Cheese Grater with Two Drums,4095,Title,Default Title,"Rotary Grater, White, Plastic, Stainless steel, Minimalist, Scandinavian, Organic Modern, Housewarming, Hostess Gift, Self-Gift, Everyday Use, Cooking & Baking, Serving, Wedding Season, Cooking Together, The Dinner Party, The Host's Touch, Two interchangeable rollers for fine and coarse grating; stainless steel cutting blades; detachable parts for washing., cat:kitchen, cat:new-arrivals, seg:first-dinner-party"
clear-acrylic-5-oz-serving-scoop,Clear Acrylic 5 oz Serving Scoop,4168,Title,Default Title,"Serving Scoop, Clear, Acrylic, Poliestireno, Minimalist, Scandinavian, Organic Modern, Housewarming, Hostess Gift, Thank-You, Everyday Use, Entertaining, Serving, Thanksgiving, Christmas, Wedding Season, Weekend Gatherings, Open-Door Hospitality, The Host's Touch, Clear acrylic-and-polystyrene construction; top-rack dishwasher-safe, cat:outdoor, cat:new-arrivals, seg:someone-in-mind"
cube-glass-salt-and-pepper-shakers-set-of-2,"Cube Glass Salt and Pepper Shakers, Set of 2",4170,Title,Default Title,"Salt & Pepper Shaker Set, Clear, Glass, Stainless steel, CUBO, Minimalist, Scandinavian, Bauhaus, Housewarming, Hostess Gift, Wedding, Everyday Use, Entertaining, Gifting, Thanksgiving, Christmas, Wedding Season, The Sunday Table, The Dinner Party, Everyday Celebrations, Clear glass bodies; stainless steel tops; compact set of 2, cat:tabletop, cat:gifts, cat:new-arrivals, seg:first-dinner-party, seg:the-first-kitchen"
gray-3-way-egg-slicer-with-steel-wires,Gray 3-Way Egg Slicer with Steel Wires,4360,Title,Default Title,"Egg Slicer, Gray, Plastic, Minimalist, Scandinavian, Organic Modern, Housewarming, Thank-You, Self-Gift, Everyday Use, Coffee & Tea, Gifting, Easter, Mother's Day, Slow Mornings, Weekend Brunch, The Host's Touch, Three cutting styles; Steel cutting wires, cat:kitchen, cat:new-arrivals"
bamboo-spoons-set-of-6,Bamboo Spoons Set of 6,4362,Title,Default Title,"Dessert Spoon, Natural Wood, Bamboo, BAMBU, Organic Modern, Japandi, Coastal, Housewarming, Hostess Gift, Thank-You, Everyday Use, Entertaining, Serving, Fourth of July, Thanksgiving, The Tea Ritual, Cocktail Hour, Outdoor Living, 100% bamboo; reusable, cat:tabletop, cat:gifts, cat:new-arrivals"
bamboo-serving-tongs,Bamboo Serving Tongs,4365,Title,Default Title,"Serving Tongs, Natural Wood, Bamboo, BAMBU, Organic Modern, Japandi, Scandinavian, Housewarming, Hostess Gift, Thank-You, Entertaining, Serving, Gifting, Thanksgiving, Christmas, Wedding Season, Weekend Gatherings, The Dinner Party, The Host's Touch, 100% bamboo; sustainable and biodegradable; gentle grip for delicate foods, cat:tabletop, cat:new-arrivals, seg:someone-in-mind, seg:the-full-table"
black-moka-pot-6-cup-stovetop-coffee-maker,"Black Moka Pot, 6-Cup Stovetop Coffee Maker",4542,Title,Default Title,"Moka Pot, Black, Aluminum, Polypropylene, MOKA, Minimalist, Organic Modern, Scandinavian, Housewarming, Thank-You, Self-Gift, Everyday Use, Coffee & Tea, Gifting, Mother's Day, Father's Day, Christmas, The Coffee Ritual, Slow Mornings, A Gift with a Story, Strong, espresso-style stovetop coffee; boxed matte black presentation, cat:tabletop, cat:new-arrivals, seg:weeknight-ceremony"
chelo-rectangular-glass-butter-dish-with-lid,Chelo Rectangular Glass Butter Dish with Lid,4623,Title,Default Title,"Butter Dish, Clear, Glass, CHELO, Classic/Heritage, Minimalist, Housewarming, Hostess Gift, Thank-You, Everyday Use, Serving, Gifting, Thanksgiving, Christmas, The Tea Ritual, Weekend Brunch, The Host's Touch, Clear glass with protective lid; dishwasher-safe., cat:tabletop, cat:new-arrivals"
chelo-glass-butter-dish-with-dome-lid,Chelo Glass Butter Dish with Dome Lid,4625,Title,Default Title,"Butter Dish, Clear, Glass, CHELO, Classic/Heritage, Minimalist, Scandinavian, Housewarming, Hostess Gift, Thank-You, Everyday Use, Entertaining, Serving, Thanksgiving, Easter, Mother's Day, The Tea Ritual, Weekend Brunch, The Host's Touch, Dishwasher-safe glass; dome lid shields contents from dust and insects, cat:tabletop, cat:new-arrivals"
mini-white-porcelain-creamer-pitcher-1-4-fl-oz-40-ml,"Mini White Porcelain Creamer Pitcher, 1.4 fl oz (40 mL)",4915,Title,Default Title,"Creamer Pitcher, White, Porcelain, Classic/Heritage, Minimalist, Scandinavian, Housewarming, Hostess Gift, Thank-You, Coffee & Tea, Serving, Entertaining, Thanksgiving, Christmas, Mother's Day, The Coffee Ritual, The Tea Ritual, The Host's Touch, Dishwasher-safe; microwave-safe; porcelain resists odors and flavor transfer, cat:tabletop, cat:new-arrivals, seg:weeknight-ceremony"
opra-white-porcelain-charger-plate,Opra White Porcelain Charger Plate,5100,Title,Default Title,"Charger Plate, White, Porcelain, OPRA, Classic/Heritage, Minimalist, Scandinavian, Housewarming, Wedding, Hostess Gift, Entertaining, Dinner Party, Serving, Thanksgiving, Christmas, Wedding Season, The Dinner Party, The Sunday Table, The Art of the Table, Microwave-, oven-, and dishwasher-safe porcelain., cat:tabletop, cat:new-arrivals, seg:the-first-kitchen, seg:the-full-table"
opra-white-porcelain-sugar-bowl-with-lid-8-5-fl-oz,"Opra White Porcelain Sugar Bowl with Lid, 8.5 fl oz",5106,Title,Default Title,"Sugar Bowl, White, Porcelain, OPRA, Classic/Heritage, Minimalist, Scandinavian, Housewarming, Thank-You, Hostess Gift, Coffee & Tea, Serving, Gifting, Mother's Day, Wedding Season, The Coffee Ritual, The Tea Ritual, The Host's Touch, Microwave-, oven-, and dishwasher-safe porcelain; lidded wide-mouth design, cat:tabletop, cat:new-arrivals, seg:weeknight-ceremony"
opra-porcelain-8-5-fl-oz-creamer-pitcher,Opra Porcelain 8.5 fl oz Creamer Pitcher,5107,Title,Default Title,"Creamer, White, Porcelain, OPRA, Classic/Heritage, Minimalist, Scandinavian, Housewarming, Hostess Gift, Thank-You, Coffee & Tea, Entertaining, Serving, Thanksgiving, Christmas, The Coffee Ritual, The Tea Ritual, The Host's Touch, Microwave-, oven-, and dishwasher-safe porcelain; hotel-grade construction., cat:tabletop, cat:new-arrivals, seg:weeknight-ceremony"
clear-acrylic-champagne-flute,Clear Acrylic Champagne Flute,5144,Title,Default Title,"Champagne Flute, Clear, Acrylic, Minimalist, Coastal, Organic Modern, Housewarming, Hostess Gift, Just Because, Outdoor & Patio, Bar & Barware, Entertaining, New Year, Fourth of July, Wedding Season, Cocktail Hour, Poolside, Outdoor Living, 100% clear acrylic; top-rack dishwasher-safe; hand-wash preferred for longer wear, cat:outdoor, cat:new-arrivals, seg:season-opener"
airtight-wine-bottle-stoppers-set-of-2,"Airtight Wine Bottle Stoppers, Set of 2",5446,Title,Default Title,"Wine Bottle Stopper, Black, Elastomero, Termoplástico, Abs, Minimalist, Bauhaus, Scandinavian, Housewarming, Hostess Gift, Thank-You, Bar & Barware, Entertaining, Gifting, New Year, Thanksgiving, Wedding Season, Wine Night, The Dinner Party, Hostess Gifts, Airtight pressure seal; reusable set of 2 that fits most standard bottles, cat:bar-glassware, cat:gifts, cat:new-arrivals, seg:first-dinner-party, seg:someone-in-mind, seg:the-full-table"
vigneto-two-step-waiters-corkscrew,Vigneto Two-Step Waiter’s Corkscrew,5449,Title,Default Title,"Waiter’s Corkscrew, Black, Silver, Stainless steel, Minimalist, Classic/Heritage, Housewarming, Hostess Gift, Thank-You, Bar & Barware, Entertaining, Gifting, New Year, Thanksgiving, Wedding Season, Cocktail Hour, Wine Night, The Dinner Party, Two-step professional lever mechanism; integrated bottle opener, foil cutter, and capsule cutter; stainless steel construction., cat:bar-glassware, cat:new-arrivals"
copper-finish-corkscrew-bottle-opener,Copper Finish Corkscrew & Bottle Opener,5452,Title,Default Title,"Corkscrew, Copper, Aleacion, Zinc, Classic/Heritage, Mid-Century, Organic Modern, Housewarming, Wedding, Hostess Gift, Bar & Barware, Entertaining, Gifting, Christmas, Wedding Season, Wine Night, The Dinner Party, Hostess Gifts, Two-step lever mechanism; built-in bottle opener and foil cutter, cat:bar-glassware, cat:new-arrivals"
white-porcelain-chick-egg-cup,White Porcelain Chick Egg Cup,5499,Title,Default Title,"Egg Cup, White, Porcelain, Classic/Heritage, Minimalist, Housewarming, Hostess Gift, Just Because, Everyday Use, Serving, Gifting, Easter, Mother's Day, Slow Mornings, Breakfast in Bed, Easter Brunch, Porcelain; microwave- and dishwasher-safe; non-absorbing surface, cat:tabletop, cat:new-arrivals"
tutu-white-porcelain-bowl,Tutu White Porcelain Bowl,5502,Title,Default Title,"Serving Bowl, White, Porcelain, TUTU, Organic Modern, Scandinavian, Minimalist, Housewarming, Hostess Gift, Wedding, Serving, Entertaining, Everyday Use, Thanksgiving, Christmas, Wedding Season, The Sunday Table, The Dinner Party, Hostess Gifts, Microwave- and dishwasher-safe porcelain., cat:tabletop, cat:new-arrivals, seg:the-first-kitchen"
magnetic-stainless-steel-mini-grater-black,"Magnetic Stainless Steel Mini Grater, Black",5669,Title,Default Title,"Mini Grater, Black, Caucho, Stainless steel, Organic Modern, Minimalist, Scandinavian, Hostess Gift, Just Because, Self-Gift, Everyday Use, Coffee & Tea, Bar & Barware, Christmas, Thanksgiving, The Coffee Ritual, Cocktail Hour, The Host's Touch, Built-in magnet; stainless steel body; three blades, cat:kitchen, cat:new-arrivals, seg:weeknight-ceremony"
design-a-letter-a-porcelain-mug,Design A Letter A Porcelain Mug,5992,Title,Default Title,"Mug, White, Porcelain, New Bone China, MUG LETRAS BLANCO, Classic/Heritage, Minimalist, Housewarming, Thank-You, Just Because, Coffee & Tea, Everyday Use, Gifting, Christmas, Mother's Day, Father's Day, The Coffee Ritual, The Tea Ritual, A Gift with a Story, Microwave-safe; 100% New Bone China., cat:tabletop, cat:new-arrivals, seg:weeknight-ceremony"
letter-b-white-porcelain-coffee-mug,Letter B White Porcelain Coffee Mug,5993,Title,Default Title,"Coffee Mug, White, Porcelain, New Bone China, MUG LETRAS BLANCO, Classic/Heritage, Minimalist, Scandinavian, Housewarming, Birthday, Thank-You, Coffee & Tea, Everyday Use, Gifting, Christmas, Mother's Day, The Coffee Ritual, The Tea Ritual, The Host's Touch, Microwave-safe; 100% new bone china porcelain., cat:tabletop, cat:new-arrivals"
white-porcelain-mug-with-initial-c,White Porcelain Mug with Initial C,5994,Title,Default Title,"Coffee Mug, White, Porcelain, New Bone China, MUG LETRAS BLANCO, Classic/Heritage, Minimalist, Scandinavian, Birthday, Hostess Gift, Just Because, Everyday Use, Coffee & Tea, Gifting, Christmas, Mother's Day, Graduation Season, The Coffee Ritual, The Tea Ritual, Breakfast in Bed, Microwave-safe; 100% new bone china porcelain; 11.8 fl oz (350 mL) capacity, cat:tabletop, cat:new-arrivals"
porcelain-letter-mug-d,"Porcelain Letter Mug, D",5995,Title,Default Title,"Mug, White, Porcelain, New Bone China, MUG LETRAS BLANCO, Minimalist, Classic/Heritage, Organic Modern, Housewarming, Birthday, Just Because, Everyday Use, Coffee & Tea, Gifting, Christmas, Mother's Day, Graduation Season, Slow Mornings, The Coffee Ritual, The Tea Ritual, Microwave-safe; 100% new bone china porcelain, cat:tabletop, cat:new-arrivals"
porcelain-letter-mug-e,"Porcelain Letter Mug, E",5996,Title,Default Title,"Monogram Mug, White, Porcelain, New Bone China, MUG LETRAS BLANCO, Classic/Heritage, Minimalist, Scandinavian, Birthday, Thank-You, Hostess Gift, Everyday Use, Coffee & Tea, Gifting, Christmas, Mother's Day, Graduation Season, The Coffee Ritual, The Tea Ritual, Hostess Gifts, Microwave-safe; 100% new bone china porcelain; Letter E monogram, cat:tabletop, cat:new-arrivals, seg:weeknight-ceremony"
porcelain-letter-mug-f,"Porcelain Letter Mug, F",5997,Title,Default Title,"Coffee Mug, White, Porcelain, New Bone China, MUG LETRAS BLANCO, Classic/Heritage, Minimalist, Scandinavian, Birthday, Thank-You, Hostess Gift, Coffee & Tea, Everyday Use, Gifting, Christmas, Mother's Day, Graduation Season, The Coffee Ritual, The Tea Ritual, Breakfast in Bed, Microwave-safe; 100% new bone china porcelain; 11.8 fl oz (350 mL) capacity, cat:tabletop, cat:new-arrivals"
porcelain-letter-mug-g,"Porcelain Letter Mug, G",5998,Title,Default Title,"Coffee Mug, White, Porcelain, New Bone China, MUG LETRAS BLANCO, Classic/Heritage, Minimalist, Scandinavian, Housewarming, Hostess Gift, Just Because, Everyday Use, Coffee & Tea, Gifting, Christmas, Mother's Day, Father's Day, The Coffee Ritual, The Tea Ritual, Hostess Gifts, Microwave-safe; 100% New Bone China porcelain; 11.8 fl oz (350 mL) capacity, cat:tabletop, cat:new-arrivals"
porcelain-letter-mug-i,"Porcelain Letter Mug, I",5999,Title,Default Title,"Mug, White, Porcelain, New Bone China, MUG LETRAS BLANCO, Classic/Heritage, Minimalist, Scandinavian, Housewarming, Hostess Gift, Just Because, Everyday Use, Coffee & Tea, Gifting, Christmas, Mother's Day, Graduation Season, The Coffee Ritual, The Tea Ritual, A Gift with a Story, Microwave-safe; 100% new bone china porcelain; 11.8 fl oz (350 mL) capacity, cat:tabletop, cat:new-arrivals"
j-monogram-white-mug-for-coffee-and-tea,J Monogram White Mug for Coffee and Tea,6000,Title,Default Title,"Mug, White, Porcelain, New Bone China, MUG LETRAS BLANCO, Classic/Heritage, Minimalist, Scandinavian, Housewarming, Birthday, Thank-You, Everyday Use, Coffee & Tea, Gifting, Christmas, Mother's Day, Wedding Season, The Coffee Ritual, The Tea Ritual, The Overnight Guest, Microwave-safe; 100% new bone china porcelain, cat:tabletop, cat:new-arrivals"
porcelain-letter-mug-l,"Porcelain Letter Mug, L",6001,Title,Default Title,"Coffee Mug, White, Porcelain, New Bone China, MUG LETRAS BLANCO, Classic/Heritage, Minimalist, Scandinavian, Housewarming, Hostess Gift, Just Because, Everyday Use, Coffee & Tea, Gifting, Mother's Day, Graduation Season, Christmas, The Coffee Ritual, The Tea Ritual, The Overnight Guest, Microwave-safe; 100% new bone china, cat:tabletop, cat:new-arrivals"
m-initial-mug-in-new-bone-china,M Initial Mug in New Bone China,6002,Title,Default Title,"Mug, White, Porcelain, New Bone China, MUG LETRAS BLANCO, Classic/Heritage, Minimalist, Housewarming, Birthday, Hostess Gift, Everyday Use, Coffee & Tea, Gifting, Christmas, Mother's Day, Father's Day, The Coffee Ritual, The Tea Ritual, The Overnight Guest, Microwave-safe; 100% new bone china porcelain, cat:tabletop, cat:new-arrivals"
porcelain-letter-mug-n,"Porcelain Letter Mug, N",6003,Title,Default Title,"Mug, White, Porcelain, New Bone China, MUG LETRAS BLANCO, Classic/Heritage, Minimalist, Scandinavian, Housewarming, Birthday, Thank-You, Everyday Use, Coffee & Tea, Gifting, Christmas, Mother's Day, Graduation Season, The Coffee Ritual, The Tea Ritual, A Gift with a Story, Microwave-safe; 100% new bone china porcelain, cat:tabletop, cat:new-arrivals"
porcelain-letter-mug-o,"Porcelain Letter Mug, O",6004,Title,Default Title,"Coffee Mug, White, Porcelain, New Bone China, MUG LETRAS BLANCO, Classic/Heritage, Minimalist, Organic Modern, Housewarming, Hostess Gift, Just Because, Everyday Use, Coffee & Tea, Gifting, Christmas, Graduation Season, The Coffee Ritual, The Tea Ritual, Hostess Gifts, Microwave-safe; 100% new bone china, cat:tabletop, cat:new-arrivals, seg:someone-in-mind"
monogram-p-white-porcelain-mug,Monogram P White Porcelain Mug,6005,Title,Default Title,"Coffee Mug, White, Porcelain, New Bone China, MUG LETRAS BLANCO, Classic/Heritage, Minimalist, Scandinavian, Housewarming, Hostess Gift, Just Because, Coffee & Tea, Everyday Use, Gifting, Christmas, Mother's Day, The Coffee Ritual, The Tea Ritual, The Overnight Guest, 100% new bone china; Microwave-safe, cat:tabletop, cat:new-arrivals"
porcelain-letter-mug-s,"Porcelain Letter Mug, S",6007,Title,Default Title,"Mug, White, Porcelain, New Bone China, MUG LETRAS BLANCO, Classic/Heritage, Minimalist, Housewarming, Birthday, Hostess Gift, Everyday Use, Coffee & Tea, Gifting, Christmas, Graduation Season, The Coffee Ritual, The Tea Ritual, The Thoughtful Thank-You, Microwave-safe; 100% new bone china porcelain; 11.8 fl oz (350 mL) capacity, cat:tabletop, cat:new-arrivals"
gray-reusable-silicone-baking-mat,Gray Reusable Silicone Baking Mat,6213,Title,Default Title,"Baking Mat, Gray, Silicone, Minimalist, Scandinavian, Organic Modern, Housewarming, Wedding, Hostess Gift, Cooking & Baking, Everyday Use, Gifting, Christmas, Thanksgiving, Wedding Season, Cooking Together, The Sunday Table, Holiday Traditions, Nonstick silicone; dishwasher-safe, cat:kitchen, cat:new-arrivals, seg:the-first-kitchen"
long-gray-silicone-oven-mitt-with-anti-slip-grip,Long Gray Silicone Oven Mitt with Anti-Slip Grip,6218,Title,Default Title,"Oven Mitt, Gray, Silicone, SILICONA GRIS, Organic Modern, Minimalist, Scandinavian, Housewarming, Hostess Gift, Self-Gift, Everyday Use, Cooking & Baking, Gifting, Thanksgiving, Christmas, Mother's Day, Cooking Together, The Sunday Table, The Housewarming, Heat-resistant silicone; anti-slip grip; dishwasher-safe, cat:kitchen, cat:new-arrivals"
gray-silicone-mini-oven-mitt-with-textured-grip,Gray Silicone Mini Oven Mitt with Textured Grip,6219,Title,Default Title,"Mini Oven Mitt, Gray, Silicone, SILICONA GRIS, Minimalist, Organic Modern, Scandinavian, Housewarming, Hostess Gift, Self-Gift, Everyday Use, Cooking & Baking, Gifting, Thanksgiving, Christmas, Mother's Day, Cooking Together, The Sunday Table, The Host's Touch, Heat-resistant silicone with textured grip; dishwasher-safe, cat:kitchen, cat:new-arrivals"
gray-silicone-stainless-steel-kitchen-tongs,Gray Silicone & Stainless Steel Kitchen Tongs,6220,Title,Default Title,"Kitchen Tongs, Gray, Silicone, Stainless steel, Minimalist, Organic Modern, Scandinavian, Housewarming, Hostess Gift, Self-Gift, Everyday Use, Cooking & Baking, Serving, Wedding Season, Cooking Together, Weekend Gatherings, The Host's Touch, Dishwasher-safe; heat-resistant silicone tips., cat:kitchen, cat:new-arrivals"
gray-silicone-splatter-guard-12-2-in-pan-cover,"Gray Silicone Splatter Guard, 12.2 in Pan Cover",6221,Title,Default Title,"Splatter Guard, Gray, Silicone, Organic Modern, Minimalist, Scandinavian, Housewarming, Hostess Gift, Self-Gift, Everyday Use, Cooking & Baking, Gifting, Wedding Season, Cooking Together, The Sunday Table, The Host's Touch, Dishwasher-safe, heat-resistant silicone, cat:kitchen, cat:new-arrivals"
gray-square-silicone-trivet,Gray Square Silicone Trivet,6223,Title,Default Title,"Trivet, Gray, Silicone, Minimalist, Organic Modern, Scandinavian, Housewarming, Hostess Gift, Self-Gift, Everyday Use, Serving, Cooking & Baking, Thanksgiving, Christmas, Wedding Season, Cooking Together, The Dinner Party, The Host's Touch, Heat-resistant silicone; dishwasher-safe; flexible silicone pot holder function, cat:tabletop, cat:new-arrivals, seg:first-dinner-party, seg:the-full-table"
gray-silicone-ice-cube-tray-10-cavity,"Gray Silicone Ice Cube Tray, 10-Cavity",6225,Title,Default Title,"Ice Cube Tray, Gray, Silicone, SILICONA GRIS, Minimalist, Organic Modern, Japandi, Housewarming, Hostess Gift, Self-Gift, Bar & Barware, Cocktail Hour, Entertaining, Father's Day, Fourth of July, New Year, The Well-Set Bar, The Host's Touch, Dishwasher-safe flexible silicone; 10-cavity easy-release design, cat:bar-glassware, cat:new-arrivals, seg:season-opener"
gray-silicone-spoon-rest-for-stove,Gray Silicone Spoon Rest for Stove,6226,Title,Default Title,"Spoon Rest, Gray, Silicone, SILICONA GRIS, Minimalist, Organic Modern, Scandinavian, Housewarming, Hostess Gift, Self-Gift, Everyday Use, Cooking & Baking, Gifting, Christmas, Cooking Together, The Sunday Table, Hostess Gifts, Heat-resistant silicone; dishwasher-safe cleanup., cat:kitchen, cat:new-arrivals"
gray-silicone-spatula-with-acacia-handle,Gray Silicone Spatula with Acacia Handle,6228,Title,Default Title,"Silicone Spatula, Gray, Silicone, Acacia, SILICONA ACACIA, Organic Modern, Japandi, Minimalist, Housewarming, Hostess Gift, Self-Gift, Everyday Use, Cooking & Baking, Gifting, Wedding Season, Graduation Season, Mother's Day, Cooking Together, The Sunday Table, The Host's Touch, Heat-resistant silicone; dishwasher-safe; acacia wood handle, cat:kitchen, cat:new-arrivals"
acacia-gray-silicone-soup-ladle,Acacia & Gray Silicone Soup Ladle,6229,Title,Default Title,"Soup Ladle, Gray, Silicone, Acacia, SILICONA ACACIA, Organic Modern, Japandi, Minimalist, Housewarming, Hostess Gift, Self-Gift, Everyday Use, Cooking & Baking, Serving, Thanksgiving, Cooking Together, The Sunday Table, Open-Door Hospitality, Heat-resistant silicone; dishwasher-safe, cat:kitchen, cat:new-arrivals"
gray-silicone-spoon-with-acacia-wood-handle,Gray Silicone Spoon with Acacia Wood Handle,6230,Title,Default Title,"Cooking Spoon, Gray, Silicone, Acacia, SILICONA ACACIA, Organic Modern, Japandi, Minimalist, Housewarming, Hostess Gift, Self-Gift, Everyday Use, Cooking & Baking, Serving, Wedding Season, Cooking Together, The Sunday Table, The Host's Touch, Dishwasher-safe; heat-resistant silicone head., cat:kitchen, cat:new-arrivals"
gray-silicone-baking-spatula-with-acacia-wood-handle,Gray Silicone Baking Spatula with Acacia Wood Handle,6232,Title,Default Title,"Baking Spatula, Gray, Silicone, Acacia, SILICONA ACACIA, Organic Modern, Japandi, Minimalist, Housewarming, Thank-You, Hostess Gift, Everyday Use, Cooking & Baking, Gifting, Mother's Day, Thanksgiving, Wedding Season, Cooking Together, Weekend Brunch, The Thoughtful Thank-You, Heat-resistant silicone; dishwasher-safe; safe for nonstick cookware, bakeware, and electric kitchen appliances, cat:kitchen, cat:new-arrivals"
small-gray-silicone-funnel,Small Gray Silicone Funnel,6237,Title,Default Title,"Kitchen Funnel, Gray, Silicone, SILICONA GRIS, Organic Modern, Japandi, Minimalist, Housewarming, Hostess Gift, Thank-You, Everyday Use, Cooking & Baking, Bar & Barware, Thanksgiving, Christmas, Wedding Season, Cooking Together, Cocktail Hour, The Host's Touch, Dishwasher-safe; heat-resistant silicone, cat:kitchen, cat:new-arrivals"
gray-silicone-whisk-with-acacia-handle,Gray Silicone Whisk with Acacia Handle,6238,Title,Default Title,"Balloon Whisk, Gray, Silicone, Acacia, SILICONA ACACIA, Organic Modern, Japandi, Minimalist, Housewarming, Hostess Gift, Self-Gift, Everyday Use, Cooking & Baking, Gifting, Thanksgiving, Christmas, Cooking Together, Slow Mornings, The Host's Touch, Silicone-coated wires protect cookware; dishwasher-safe; acacia wood handle., cat:kitchen, cat:new-arrivals, seg:weeknight-ceremony"
black-refillable-kitchen-torch,Black Refillable Kitchen Torch,6239,Title,Default Title,"Culinary Torch, Black, Pistola, Plastic, Tanque, Stainless steel, Minimalist, Organic Modern, Housewarming, Hostess Gift, Self-Gift, Cooking & Baking, Entertaining, Gifting, Wedding Season, Christmas, The Dinner Party, The Host's Touch, The Art of the Table, Refillable butane design; adjustable flame with safety button, cat:kitchen, cat:new-arrivals, seg:the-full-table"
gray-polypropylene-bag-clips-set-of-8,"Gray Polypropylene Bag Clips, Set of 8",7126,Title,Default Title,"Bag Clip, Gray, Polypropylene, Minimalist, Scandinavian, Japandi, Housewarming, Hostess Gift, Just Because, Everyday Use, Coffee & Tea, Gifting, Wedding Season, The Coffee Ritual, The Tea Ritual, The Host's Touch, Top-rack dishwasher-safe; 100% polypropylene; temperature resistant from 5°F to 158°F (−15°C to 70°C), cat:kitchen, cat:gifts, cat:new-arrivals, seg:first-dinner-party, seg:weeknight-ceremony"
chelo-glass-pedestal-cake-stand-10-9-in-27-8-cm,"Chelo Glass Pedestal Cake Stand, 10.9 in (27.8 cm)",8327,Title,Default Title,"Cake Stand, Clear, Glass, CHELO, Classic/Heritage, Minimalist, Coastal, Housewarming, Wedding, Hostess Gift, Entertaining, Dinner Party, Serving, Thanksgiving, Christmas, Wedding Season, The Sunday Table, The Dinner Party, Hostess Gifts, Dishwasher-safe; beaded glass rim, cat:tabletop, cat:new-arrivals, seg:the-first-kitchen, seg:the-full-table"
slate-gray-5-piece-stainless-steel-knife-set,Slate Gray 5 Piece Stainless Steel Knife Set,9201,Title,Default Title,"Knife Set, Gray, Plastic, Stainless steel, SLATE, Minimalist, Scandinavian, Organic Modern, Housewarming, Wedding, Self-Gift, Everyday Use, Cooking & Baking, Gifting, Wedding Season, Graduation Season, Cooking Together, The Sunday Table, The Housewarming, Dishwasher safe; stainless steel blades; five-piece set, cat:kitchen, cat:gifts, cat:new-arrivals, seg:first-dinner-party, seg:the-first-kitchen"
chelo-clear-glass-cheese-dome-with-plate,Chelo Clear Glass Cheese Dome with Plate,9226,Title,Default Title,"Cheese Dome, Clear, Glass, CHELO, Classic/Heritage, Minimalist, Housewarming, Hostess Gift, Wedding, Serving, Entertaining, Gifting, Wedding Season, Wine Night, Cocktail Hour, The Host's Touch, Dishwasher-safe, odor-resistant glass, cat:tabletop, cat:gifts, cat:new-arrivals, seg:season-opener"
white-porcelain-letter-h-coffee-mug-11-8-fl-oz-350-ml,"White Porcelain Letter H Coffee Mug, 11.8 fl oz (350 mL)",9414,Title,Default Title,"Coffee Mug, White, Porcelain, New Bone China, MUG LETRAS BLANCO, Minimalist, Classic/Heritage, Scandinavian, Housewarming, Hostess Gift, Just Because, Everyday Use, Coffee & Tea, Gifting, Christmas, Mother's Day, Graduation Season, The Coffee Ritual, The Tea Ritual, Hostess Gifts, Microwave-safe; 100% new bone china porcelain, cat:tabletop, cat:new-arrivals"
white-porcelain-mug-with-letter-y-11-8-fl-oz,"White Porcelain Mug with Letter Y, 11.8 fl oz",9415,Title,Default Title,"Mug, White, Porcelain, New Bone China, MUG LETRAS BLANCO, Minimalist, Scandinavian, Classic/Heritage, Birthday, Thank-You, Hostess Gift, Everyday Use, Coffee & Tea, Gifting, Christmas, Mother's Day, Father's Day, The Coffee Ritual, The Tea Ritual, A Gift with a Story, Microwave-safe; 100% new bone china porcelain., cat:tabletop, cat:new-arrivals"
gray-round-silicone-trivet,Gray Round Silicone Trivet,9659,Title,Default Title,"Trivet, Gray, Silicone, Minimalist, Organic Modern, Scandinavian, Housewarming, Hostess Gift, Self-Gift, Everyday Use, Cooking & Baking, Serving, Thanksgiving, Christmas, Wedding Season, Cooking Together, Weekend Gatherings, The Host's Touch, Heat-resistant silicone; dishwasher-safe., cat:tabletop, cat:new-arrivals"
acacia-wood-gray-silicone-rolling-pin,Acacia Wood & Gray Silicone Rolling Pin,9660,Title,Default Title,"Rolling Pin, Gray, Silicone, Wood, Acacia, SILICONA ACACIA, Organic Modern, Scandinavian, Minimalist, Housewarming, Hostess Gift, Holiday Gift, Cooking & Baking, Everyday Use, Gifting, Christmas, Thanksgiving, Wedding Season, Cooking Together, Holiday Traditions, Recipes Worth Passing Down, Nonstick silicone surface; acacia wood handles; easy hand-clean care, cat:kitchen, cat:new-arrivals"
15-cavity-silicone-heart-mold-in-gray,15-Cavity Silicone Heart Mold in Gray,9661,Title,Default Title,"Candy Mold, Gray, Silicone, Minimalist, Scandinavian, Organic Modern, Housewarming, Hostess Gift, Just Because, Cooking & Baking, Entertaining, Gifting, Valentine's Day, Mother's Day, Wedding Season, The Host's Touch, Hostess Gifts, 15 heart-shaped cavities; non-toxic silicone; freezer- and dishwasher-safe., cat:kitchen, cat:new-arrivals"
stainless-steel-and-silicone-kitchen-tongs-11-8-in-30-cm,"Stainless Steel and Silicone Kitchen Tongs, 11.8 in (30 cm)",9663,Title,Default Title,"Kitchen Tongs, Gray, Silver, Silicone, Stainless steel, Minimalist, Organic Modern, Housewarming, Hostess Gift, Self-Gift, Everyday Use, Cooking & Baking, Serving, Thanksgiving, Father's Day, Wedding Season, Cooking Together, The Dinner Party, The Backyard BBQ, Silicone tips for nonstick cookware; locking stainless steel frame, cat:kitchen, cat:new-arrivals, seg:first-dinner-party"
gray-silicone-flat-cooking-spoon,Gray Silicone Flat Cooking Spoon,9664,Title,Default Title,"Cooking Spoon, Gray, Silicone, SILICONA GRIS, Minimalist, Organic Modern, Japandi, Housewarming, Hostess Gift, Self-Gift, Everyday Use, Cooking & Baking, Gifting, Wedding Season, Cooking Together, Everyday Celebrations, The Host's Touch, Heat-resistant silicone; dishwasher-safe; gentle on nonstick cookware., cat:kitchen, cat:new-arrivals"
gray-mini-silicone-baking-spatula,Gray Mini Silicone Baking Spatula,9665,Title,Default Title,"Baking Spatula, Gray, Silicone, SILICONA GRIS, Minimalist, Scandinavian, Organic Modern, Housewarming, Hostess Gift, Self-Gift, Everyday Use, Cooking & Baking, Gifting, Wedding Season, Cooking Together, Recipes Worth Passing Down, The Host's Touch, Heat-resistant silicone; dishwasher-safe; non-slip handle, cat:kitchen, cat:new-arrivals"
mini-gray-silicone-pastry-brush,Mini Gray Silicone Pastry Brush,9666,Title,Default Title,"Pastry Brush, Gray, Silicone, SILICONA GRIS, Minimalist, Scandinavian, Organic Modern, Hostess Gift, Housewarming, Self-Gift, Cooking & Baking, Everyday Use, Gifting, Thanksgiving, Wedding Season, Cooking Together, Weekend Brunch, Hostess Gifts, Heat-resistant silicone; dishwasher-safe., cat:kitchen, cat:new-arrivals"
black-silicone-coasters-for-drinks-set-of-4,"Black Silicone Coasters for Drinks, Set of 4",9671,Title,Default Title,"Coaster, Black, Silicone, SILICONA NEGRA, Minimalist, Organic Modern, Japandi, Housewarming, Hostess Gift, Self-Gift, Everyday Use, Entertaining, Outdoor & Patio, Thanksgiving, Christmas, New Year, The Coffee Ritual, Cocktail Hour, Outdoor Living, Non-slip silicone; dishwasher-safe, cat:tabletop, cat:gifts, cat:new-arrivals, seg:first-dinner-party"
round-glass-storage-container-with-metal-clasp-47-3-fl-oz,"Round Glass Storage Container with Metal Clasp, 47.3 fl oz",9908,Title,Default Title,"Storage Jar, Clear, Glass, Metal, Silicone, REDONDO, Organic Modern, Minimalist, Scandinavian, Housewarming, Hostess Gift, Thank-You, Everyday Use, Décor & Styling, Gifting, Wedding Season, The Host's Touch, The Housewarming, Everyday Beauty, Glass body with silicone seal; metal clasp closure, cat:kitchen, cat:new-arrivals"
round-glass-storage-container-33-8-fl-oz-1000-ml,"Round Glass Storage Container, 33.8 fl oz (1000 mL)",9909,Title,Default Title,"Pantry Jar, Clear, Glass, Metal, Silicone, REDONDO, Organic Modern, Minimalist, Classic/Heritage, Housewarming, Hostess Gift, Thank-You, Everyday Use, Coffee & Tea, Gifting, The Tea Ritual, The Collected Home, A Gift with a Story, Clear glass body for easy visibility; silicone seal with metal clamp closure, cat:kitchen, cat:new-arrivals, seg:weeknight-ceremony"
round-glass-storage-jar-25-4-fl-oz-750-ml,"Round Glass Storage Jar, 25.4 fl oz (750 mL)",9910,Title,Default Title,"Storage Jar, Clear, Glass, Metal, Silicone, REDONDO, Organic Modern, Scandinavian, Minimalist, Housewarming, Hostess Gift, Thank-You, Everyday Use, Coffee & Tea, Gifting, Christmas, The Tea Ritual, The Collected Home, Hostess Gifts, Silicone seal with metal clasp; clear glass body for visible dry-food storage., cat:kitchen, cat:new-arrivals"
natural-pine-cone-hanging-ornament,Natural Pine Cone Hanging Ornament,10142,Title,Default Title,"Hanging Ornament, Brown, Cono, Plastic, Organic Modern, Wabi-Sabi, Classic/Heritage, Hostess Gift, Holiday Gift, Just Because, Décor & Styling, Gifting, Special Occasion, Christmas, Thanksgiving, Holiday Traditions, Seasonal Tables, The Host's Touch, 80% pine cone; ready-to-hang indoor decor; wipes clean with a damp cloth, cat:decor, cat:new-arrivals, seg:someone-in-mind"
matte-black-porcelain-coffee-mug,Matte Black Porcelain Coffee Mug,10172,Title,Default Title,"Mug, Black, Porcelain, NEGRO MATE, Minimalist, Organic Modern, Japandi, Housewarming, Thank-You, Self-Gift, Everyday Use, Coffee & Tea, Gifting, Christmas, Mother's Day, Graduation Season, The Coffee Ritual, The Tea Ritual, Slow Mornings, Matte black porcelain; microwave- and dishwasher-safe., cat:tabletop, cat:new-arrivals"
tutu-white-porcelain-serving-bowl-9-8-in,"Tutu White Porcelain Serving Bowl, 9.8 in",10173,Title,Default Title,"Serving Bowl, White, Porcelain, TUTU, Organic Modern, Minimalist, Wabi-Sabi, Housewarming, Wedding, Hostess Gift, Entertaining, Dinner Party, Serving, Thanksgiving, Christmas, Wedding Season, Weekend Gatherings, The Dinner Party, The Art of the Table, Porcelain; microwave-safe; dishwasher-safe, cat:tabletop, cat:new-arrivals, seg:the-full-table"
matte-black-porcelain-soup-bowl-with-handle,Matte Black Porcelain Soup Bowl with Handle,10175,Title,Default Title,"Soup Bowl, Black, Porcelain, NEGRO MATE, Minimalist, Wabi-Sabi, Organic Modern, Housewarming, Hostess Gift, Self-Gift, Everyday Use, Entertaining, Serving, Thanksgiving, Christmas, Slow Evenings, The Sunday Table, The Dinner Party, Microwave- and dishwasher-safe porcelain, cat:tabletop, cat:new-arrivals"
bamboo-rotating-chip-dip-dish-5-section-lazy-susan,"Bamboo Rotating Chip & Dip Dish, 5-Section Lazy Susan",10473,Title,Default Title,"Chip and Dip Dish, Carbonizado, Bamboo, Iron, Polypropylene, Stainless steel, BAMBU, Organic Modern, Japandi, Minimalist, Housewarming, Hostess Gift, Wedding, Entertaining, Serving, Gifting, Thanksgiving, Christmas, New Year, Weekend Gatherings, Cocktail Hour, The Host's Touch, Five-section bamboo server with rotating base, cat:tabletop, cat:new-arrivals, seg:season-opener"
clear-acrylic-stripe-salt-pepper-shaker-set,Clear Acrylic Stripe Salt & Pepper Shaker Set,10538,Title,Default Title,"Salt & Pepper Shaker Set, Clear, Acrylic, Poliestireno, RAYAS, Minimalist, Classic/Heritage, Coastal, Housewarming, Hostess Gift, Just Because, Everyday Use, Outdoor & Patio, Serving, Fourth of July, Thanksgiving, Outdoor Living, The Backyard BBQ, Everyday Celebrations, Top-rack dishwasher-safe; clear bodies show fill level; compact 0.8 fl oz (23 mL) capacity each, cat:outdoor, cat:gifts, cat:new-arrivals"
lucca-acrylic-short-tumbler-14-fl-oz-white-and-clear,"Lucca Acrylic Short Tumbler, 14 fl oz, White and Clear",11775,Title,Default Title,"Short Tumbler, White, Acrylic, LUCCA, Minimalist, Bauhaus, Coastal, Housewarming, Hostess Gift, Just Because, Everyday Use, Outdoor & Patio, Bar & Barware, Fourth of July, Wedding Season, Outdoor Living, Poolside, Cocktail Hour, Shatter-resistant tumbler; top-rack dishwasher-safe, cat:outdoor, cat:new-arrivals, seg:season-opener"
gray-silicone-spatula-tongs-with-stainless-steel-frame,Gray Silicone Spatula Tongs with Stainless Steel Frame,12401,Title,Default Title,"Spatula Tongs, Gray, Silicone, Stainless steel, SILICONA GRIS, Minimalist, Organic Modern, Scandinavian, Housewarming, Hostess Gift, Self-Gift, Everyday Use, Cooking & Baking, Serving, Wedding Season, Cooking Together, The Dinner Party, Weekend Brunch, Silicone contact surfaces; stainless steel frame; slotted spatula heads, cat:kitchen, cat:new-arrivals, seg:first-dinner-party"
stainless-steel-ice-cubes-with-tongs-set-of-7,"Stainless Steel Ice Cubes with Tongs, Set of 7",12402,Title,Default Title,"Whiskey Stones, Silver, Stainless steel, Minimalist, Organic Modern, Mid-Century, Housewarming, Birthday, Hostess Gift, Bar & Barware, Cocktail Hour, Gifting, Christmas, Father's Day, Wedding Season, The Nightcap, The Well-Set Bar, Reusable stainless steel; includes tongs for clean handling., cat:bar-glassware, cat:gifts, cat:new-arrivals, seg:season-opener"
stainless-steel-straw-set-with-cleaning-brush-set-of-5,"Stainless Steel Straw Set with Cleaning Brush, Set of 5",12405,Title,Default Title,"Reusable Straw Set, Silver, Stainless steel, Minimalist, Organic Modern, Scandinavian, Housewarming, Hostess Gift, Thank-You, Everyday Use, Cocktail Hour, Bar & Barware, The Well-Set Bar, Hostess Gifts, Stainless steel; reusable; cleaning brush included., cat:bar-glassware, cat:gifts, cat:new-arrivals, seg:first-dinner-party, seg:season-opener"
stainless-steel-corn-skewers-set-of-6,"Stainless Steel Corn Skewers, Set of 6",13234,Title,Default Title,"Corn Holder, Silver, Stainless steel, Minimalist, Organic Modern, Classic/Heritage, Housewarming, Hostess Gift, Just Because, Entertaining, Outdoor & Patio, Serving, Fourth of July, Father's Day, Outdoor Living, The Backyard BBQ, Weekend Gatherings, 100% stainless steel; easy to clean, cat:tabletop, cat:gifts, cat:new-arrivals, seg:first-dinner-party, seg:season-opener, seg:someone-in-mind"
mini-gray-silicone-spatula,Mini Gray Silicone Spatula,13237,Title,Default Title,"Mini Spatula, Gray, Silicone, SILICONA GRIS, Organic Modern, Minimalist, Scandinavian, Housewarming, Hostess Gift, Just Because, Everyday Use, Cooking & Baking, Gifting, Mother's Day, Graduation Season, Wedding Season, Cooking Together, The Sunday Table, Everyday Celebrations, 100% silicone; dishwasher-safe; high-temperature resistant., cat:kitchen, cat:new-arrivals"
glass-dispenser-with-aluminum-pump-16-2-fl-oz,"Glass Dispenser with Aluminum Pump, 16.2 fl oz",13441,Title,Default Title,"Soap Dispenser, Clear, Glass, Aluminum, Organic Modern, Classic/Heritage, Minimalist, Housewarming, Hostess Gift, Thank-You, Everyday Use, Décor & Styling, Gifting, Wedding Season, The Host's Touch, The Overnight Guest, The Housewarming, Clear glass bottle; aluminum pump; visible soap level, cat:bath, cat:new-arrivals"
clear-acrylic-covered-cake-server-12-2-in,"Clear Acrylic Covered Cake Server, 12.2 in",13658,Title,Default Title,"Cake Stand, Clear, Acrylic, Poliestireno, Classic/Heritage, Minimalist, Coastal, Housewarming, Hostess Gift, Just Because, Entertaining, Serving, Gifting, Wedding Season, Mother's Day, Thanksgiving, The Sunday Table, Weekend Gatherings, The Host's Touch, Top-rack dishwasher-safe; lighter than glass; clear covered display, cat:outdoor, cat:new-arrivals"
bbq-utensil-set-with-acacia-handles-3-piece,"BBQ Utensil Set with Acacia Handles, 3 Piece",13683,Title,Default Title,"BBQ Tool Set, Natural Wood, Wood, Acacia, Stainless steel, BBQ, Organic Modern, Coastal, Minimalist, Housewarming, Hostess Gift, Self-Gift, Outdoor & Patio, Cooking & Baking, Entertaining, Father's Day, Fourth of July, Outdoor Living, The Backyard BBQ, Weekend Gatherings, Stainless steel heads; acacia wood handles; long reach for safer grill-side handling., cat:outdoor, cat:gifts, cat:new-arrivals, seg:season-opener"
acacia-handle-steak-knife-fork-set-8-piece,"Acacia Handle Steak Knife & Fork Set, 8-Piece",13684,Title,Default Title,"Steak Knife & Fork Set, Natural Wood, Acacia, Stainless steel, BBQ, Organic Modern, Classic/Heritage, Wabi-Sabi, Housewarming, Hostess Gift, Birthday, Outdoor & Patio, Entertaining, Serving, Father's Day, Fourth of July, The Backyard BBQ, Outdoor Living, Weekend Gatherings, Coordinated 8-piece fork-and-knife set; acacia wood handles with stainless steel heads, cat:outdoor, cat:gifts, cat:new-arrivals, seg:season-opener"
stainless-steel-bbq-basting-pot-brush-set,Stainless Steel BBQ Basting Pot & Brush Set,13687,Title,Default Title,"BBQ Basting Set, Silver, Stainless steel, BBQ, Minimalist, Classic/Heritage, Housewarming, Birthday, Hostess Gift, Outdoor & Patio, Serving, Entertaining, Father's Day, Fourth of July, Outdoor Living, The Backyard BBQ, Weekend Gatherings, Stainless steel construction; two-piece handled sauce pot and brush set., cat:outdoor, cat:gifts, cat:new-arrivals, seg:season-opener"
nomex-bbq-glove-with-extended-cuff,Nomex BBQ Glove with Extended Cuff,13688,Title,Default Title,"BBQ Glove, Black, Nomex, Cotton, Polyester, BBQ, Minimalist, Organic Modern, Housewarming, Hostess Gift, Self-Gift, Outdoor & Patio, Entertaining, Cooking & Baking, Father's Day, Fourth of July, The Backyard BBQ, Outdoor Living, The Host's Touch, 100% Nomex exterior; full-finger extended cuff; hand-washable, cat:outdoor, cat:new-arrivals"
stainless-steel-spiral-bbq-skewers-set-of-4,"Stainless Steel Spiral BBQ Skewers, Set of 4",13690,Title,Default Title,"BBQ Skewer Set, Silver, Stainless steel, BBQ, Minimalist, Organic Modern, Housewarming, Hostess Gift, Outdoor & Patio, Entertaining, Serving, Fourth of July, The Backyard BBQ, Outdoor Living, Weekend Gatherings, Reusable stainless steel; 16.9 in (43 cm) grilling reach; set of 4, cat:outdoor, cat:gifts, cat:new-arrivals, seg:season-opener"
stainless-steel-bbq-grill-basket,Stainless Steel BBQ Grill Basket,13692,Title,Default Title,"Grill Basket, Silver, Stainless steel, BBQ, Minimalist, Organic Modern, Classic/Heritage, Housewarming, Hostess Gift, Self-Gift, Outdoor & Patio, Entertaining, Cooking & Baking, Fourth of July, Father's Day, Mother's Day, Outdoor Living, The Backyard BBQ, Weekend Gatherings, Dishwasher-safe stainless steel., cat:outdoor, cat:new-arrivals"
stainless-steel-meat-and-bbq-thermometer,Stainless Steel Meat and BBQ Thermometer,13693,Title,Default Title,"Meat Thermometer, Red, Silver, Stainless steel, BBQ, Minimalist, Classic/Heritage, Housewarming, Hostess Gift, Self-Gift, Cooking & Baking, Outdoor & Patio, Entertaining, Father's Day, Fourth of July, Thanksgiving, The Backyard BBQ, Cooking Together, The Host's Touch, Stainless steel construction; oven and BBQ use, cat:outdoor, cat:new-arrivals"
acacia-bbq-knife-and-fork-set,Acacia BBQ Knife and Fork Set,13695,Title,Default Title,"BBQ Knife & Fork Set, Natural Wood, Wood, Acacia, Stainless steel, BBQ, Organic Modern, Wabi-Sabi, Minimalist, Housewarming, Birthday, Holiday Gift, Outdoor & Patio, Serving, Entertaining, Father's Day, Fourth of July, Thanksgiving, The Backyard BBQ, Outdoor Living, Weekend Gatherings, Stainless steel and acacia wood; extra-long reach, cat:outdoor, cat:gifts, cat:new-arrivals, seg:season-opener"
acacia-and-stainless-steel-bbq-tongs,Acacia and Stainless Steel BBQ Tongs,13697,Title,Default Title,"BBQ Tongs, Natural Wood, Silver, Stainless steel, BBQ, Organic Modern, Scandinavian, Minimalist, Housewarming, Wedding, Hostess Gift, Outdoor & Patio, Entertaining, Cooking & Baking, Father's Day, Fourth of July, Wedding Season, Outdoor Living, The Backyard BBQ, The Host's Touch, Stainless steel construction; extra-long reach; natural wood handles, cat:outdoor, cat:new-arrivals, seg:the-first-kitchen"
gold-stainless-steel-serving-utensils-set-of-2,"Gold Stainless Steel Serving Utensils, Set of 2",13805,Title,Default Title,"Serving Utensils, Gold, Stainless steel, SERVIDORAS DORADO, Organic Modern, Minimalist, Classic/Heritage, Housewarming, Wedding, Hostess Gift, Entertaining, Serving, Gifting, Thanksgiving, Christmas, Wedding Season, The Dinner Party, Weekend Gatherings, Hostess Gifts, Dishwasher-safe stainless steel; gold set of 2, cat:tabletop, cat:gifts, cat:new-arrivals, seg:first-dinner-party, seg:season-opener, seg:the-first-kitchen, seg:the-full-table"
stainless-steel-tea-infuser-ball-with-chain-1-7-in,"Stainless Steel Tea Infuser Ball with Chain, 1.7 in",14041,Title,Default Title,"Tea Infuser, Silver, Stainless steel, Minimalist, Scandinavian, Japandi, Hostess Gift, Thank-You, Just Because, Coffee & Tea, Everyday Use, Gifting, Mother's Day, Christmas, The Tea Ritual, Slow Mornings, Hostess Gifts, Reusable stainless steel; chain-and-hook removal, cat:tabletop, cat:new-arrivals, seg:weeknight-ceremony"
stainless-steel-tea-infuser-tongs-1-6-in,"Stainless Steel Tea Infuser Tongs, 1.6 in",14042,Title,Default Title,"Tea Infuser Tongs, Silver, Stainless steel, Minimalist, Scandinavian, Classic/Heritage, Hostess Gift, Thank-You, Just Because, Coffee & Tea, Everyday Use, Gifting, Christmas, Hanukkah, Mother's Day, The Tea Ritual, Slow Mornings, Hostess Gifts, Dishwasher-safe stainless steel; one-cup mesh ball with tong handle, cat:tabletop, cat:new-arrivals, seg:weeknight-ceremony"
green-aluminum-lemon-squeezer,Green Aluminum Lemon Squeezer,14043,Title,Default Title,"Lemon Squeezer, Green, Aluminum, Organic Modern, Minimalist, Housewarming, Hostess Gift, Self-Gift, Cooking & Baking, Cocktail Hour, Bar & Barware, Thanksgiving, Christmas, Cooking Together, The Well-Set Bar, Aluminum construction; easy hand-wash care, cat:kitchen, cat:new-arrivals, seg:season-opener"
stainless-steel-coffee-measuring-spoon-with-clip,Stainless Steel Coffee Measuring Spoon with Clip,14044,Title,Default Title,"Coffee Measuring Spoon, Silver, Stainless steel, Minimalist, Scandinavian, Organic Modern, Housewarming, Thank-You, Hostess Gift, Coffee & Tea, Everyday Use, Gifting, Christmas, Father's Day, Mother's Day, The Coffee Ritual, Slow Mornings, The Host's Touch, Stainless steel; built-in bag clip, cat:tabletop, cat:new-arrivals, seg:weeknight-ceremony"
gray-apple-slicer-corer-with-stainless-steel-blades,Gray Apple Slicer & Corer with Stainless Steel Blades,14045,Title,Default Title,"Apple Slicer, Gray, Plastic, Stainless steel, Minimalist, Scandinavian, Organic Modern, Housewarming, Graduation, Self-Gift, Everyday Use, Cooking & Baking, Gifting, Thanksgiving, Slow Mornings, Weekend Brunch, The Host's Touch, Stainless steel blades; easy hand cleaning, cat:kitchen, cat:new-arrivals"
gray-silicone-baking-spoon-11-in,"Gray Silicone Baking Spoon, 11 in",14046,Title,Default Title,"Baking Spoon, Gray, Silicone, SILICONA GRIS, Minimalist, Organic Modern, Japandi, Housewarming, Hostess Gift, Self-Gift, Cooking & Baking, Everyday Use, Gifting, Wedding Season, Cooking Together, Weekend Brunch, The Housewarming, Heat-resistant silicone; dishwasher-safe; gentle for coated cookware, cat:kitchen, cat:new-arrivals"
12-inch-stainless-steel-balloon-whisk,12-Inch Stainless Steel Balloon Whisk,14047,Title,Default Title,"Balloon Whisk, Silver, Stainless steel, Minimalist, Scandinavian, Housewarming, Hostess Gift, Self-Gift, Everyday Use, Cooking & Baking, Gifting, Wedding Season, Cooking Together, Weekend Brunch, The Host's Touch, Dishwasher-safe stainless steel; hanging loop for utensil hooks, cat:kitchen, cat:new-arrivals"
15-cavity-star-silicone-mold-for-candy,15-Cavity Star Silicone Mold for Candy,14048,Title,Default Title,"Candy Mold, Gray, Silicone, Minimalist, Scandinavian, Organic Modern, Housewarming, Hostess Gift, Holiday Gift, Cooking & Baking, Bar & Barware, Gifting, Christmas, New Year, Fourth of July, The Tea Ritual, Cocktail Hour, Holiday Traditions, Non-toxic silicone; freezer- and dishwasher-safe; heat-resistant, with no direct flame or hot-oil contact., cat:kitchen, cat:new-arrivals, seg:season-opener"
gray-polypropylene-measuring-cups-set-of-11,"Gray Polypropylene Measuring Cups, Set of 11",14055,Title,Default Title,"Measuring Cup Set, Gray, Polypropylene, Minimalist, Scandinavian, Organic Modern, Housewarming, Hostess Gift, Self-Gift, Everyday Use, Cooking & Baking, Gifting, Wedding Season, Cooking Together, Recipes Worth Passing Down, The Host's Touch, 11-piece set; easy-clean polypropylene, cat:kitchen, cat:gifts, cat:new-arrivals, seg:first-dinner-party, seg:the-first-kitchen, seg:weeknight-ceremony"
food-storage-container-with-airtight-lid-white-2-3-fl-oz-68-ml,"Food Storage Container with Airtight Lid, White, 2.3 fl oz (68 mL)",14716,Title,Default Title,"Airtight Food Storage Container, White, Clear, Polypropylene, Silicone, CONTENEDORES PLASTICOS BLANCO, Minimalist, Scandinavian, Organic Modern, Housewarming, Thank-You, Self-Gift, Everyday Use, Coffee & Tea, Gifting, Wedding Season, Cooking Together, The Host's Touch, The Housewarming, Airtight locking lid with silicone seal; microwave use with lid removed; freezer use with headspace., cat:kitchen, cat:new-arrivals"
small-airtight-food-storage-container-white-5-9-fl-oz,"Small Airtight Food Storage Container, White, 5.9 fl oz",14718,Title,Default Title,"Food Storage Container, White, Clear, Polypropylene, Silicone, CONTENEDORES PLASTICOS BLANCO, Minimalist, Scandinavian, Organic Modern, Housewarming, Hostess Gift, Self-Gift, Everyday Use, Cooking & Baking, Gifting, Graduation Season, Cooking Together, The Overnight Guest, The Host's Touch, Airtight silicone seal; microwave-safe with the lid removed., cat:kitchen, cat:new-arrivals"
white-airtight-divided-food-storage-container-21-3-fl-oz,"White Airtight Divided Food Storage Container, 21.3 fl oz",14720,Title,Default Title,"Food Storage Container, White, Clear, Polypropylene, Silicone, CONTENEDORES PLASTICOS BLANCO, Minimalist, Scandinavian, Japandi, Housewarming, Thank-You, Self-Gift, Everyday Use, Cooking & Baking, Gifting, Thanksgiving, Christmas, Cooking Together, The Potluck, Open-Door Hospitality, Airtight locking lid; built-in divider; microwave-safe base with lid removed., cat:kitchen, cat:new-arrivals"
small-white-locking-food-storage-container,Small White Locking Food Storage Container,14721,Title,Default Title,"Food Storage Container, White, Clear, Polypropylene, Silicone, CONTENEDORES PLASTICOS BLANCO, Minimalist, Scandinavian, Organic Modern, Housewarming, Hostess Gift, Self-Gift, Everyday Use, Cooking & Baking, Gifting, Thanksgiving, Christmas, Cooking Together, Open-Door Hospitality, The Thoughtful Thank-You, Airtight locking closure; clear base for quick contents checks, cat:kitchen, cat:new-arrivals"
white-airtight-food-storage-container-13-9-fl-oz,"White Airtight Food Storage Container, 13.9 fl oz",14723,Title,Default Title,"Food Storage Container, White, Clear, Polypropylene, Silicone, CONTENEDORES PLASTICOS BLANCO, Minimalist, Scandinavian, Organic Modern, Housewarming, Thank-You, Self-Gift, Everyday Use, Cooking & Baking, Gifting, Thanksgiving, Cooking Together, The Overnight Guest, The Host's Touch, Airtight silicone seal; microwave-safe base with lid removed; freezer-safe when left 3/4 empty., cat:kitchen, cat:new-arrivals"
white-airtight-food-storage-container-38-9-fl-oz,"White Airtight Food Storage Container, 38.9 fl oz",14724,Title,Default Title,"Food Storage Container, White, Clear, Polypropylene, Silicone, CONTENEDORES PLASTICOS BLANCO, Minimalist, Scandinavian, Organic Modern, Housewarming, Thank-You, Self-Gift, Everyday Use, Cooking & Baking, Gifting, Thanksgiving, Christmas, Cooking Together, Weekend Gatherings, Open-Door Hospitality, Airtight locking lid with silicone seal; microwave-compatible base with lid removed; freezer safe with expansion space., cat:kitchen, cat:new-arrivals"
white-travel-flatware-set-with-case,White Travel Flatware Set with Case,14729,Title,Default Title,"Travel Flatware Set, White, Clear, Polypropylene, Silicone, CONTENEDORES PLASTICOS BLANCO, Minimalist, Scandinavian, Japandi, Graduation, Thank-You, Self-Gift, Everyday Use, Outdoor & Patio, Gifting, Graduation Season, A Table for One, The Overnight Guest, Just Because, Reusable utensils with case; fork, knife, spoon, and fitted storage case; lightweight polypropylene and silicone., cat:tabletop, cat:gifts, cat:new-arrivals, seg:first-dinner-party"
reusable-condiment-cups-set-of-4,"Reusable Condiment Cups, Set of 4",14730,Title,Default Title,"Sauce Container, White, Clear, Polypropylene, CONTENEDORES PLASTICOS BLANCO, Minimalist, Scandinavian, Housewarming, Hostess Gift, Self-Gift, Everyday Use, Serving, Gifting, Fourth of July, The Host's Touch, Picnics, Open-Door Hospitality, Set of 4 locking-lid cups; microwave-safe bases with lids removed before heating; freezer-ready storage with headspace, cat:kitchen, cat:gifts, cat:new-arrivals, seg:first-dinner-party"
black-9-cup-aluminum-moka-pot,Black 9 Cup Aluminum Moka Pot,14817,Title,Default Title,"Moka Pot, Black, Aluminum, Polypropylene, MOKA, Minimalist, Organic Modern, Scandinavian, Housewarming, Wedding, Self-Gift, Coffee & Tea, Everyday Use, Gifting, Christmas, Mother's Day, Father's Day, The Coffee Ritual, Slow Mornings, The Housewarming, 9-cup capacity; aluminum construction for concentrated stovetop coffee, cat:tabletop, cat:new-arrivals, seg:weeknight-ceremony"
natural-wood-door-knob-decorative-wood-door-pull,Natural Wood Door Knob | Decorative Wood Door Pull,14868,Title,Default Title,"Door Knob, Natural Wood, Wood, Organic Modern, Wabi-Sabi, Classic/Heritage, Housewarming, Self-Gift, Just Because, Everyday Use, Décor & Styling, Gifting, The Collected Home, Objects with Stories, The Housewarming, Natural wood; substantial hand feel; soft dry-cloth care., cat:decor, cat:new-arrivals"
slate-stainless-steel-kitchen-scissors-with-case,Slate Stainless Steel Kitchen Scissors with Case,14969,Title,Default Title,"Kitchen Scissors, Silver, Stainless steel, SLATE, Minimalist, Organic Modern, Scandinavian, Housewarming, Hostess Gift, Self-Gift, Cooking & Baking, Everyday Use, Gifting, Wedding Season, Cooking Together, The Host's Touch, The Housewarming, Stainless steel; dishwasher-safe; includes protective case., cat:kitchen, cat:new-arrivals"
silver-stainless-steel-cocktail-bar-spoon-12-2-in,"Silver Stainless Steel Cocktail Bar Spoon, 12.2 in",16140,Title,Default Title,"Bar Spoon, Silver, Stainless steel, Minimalist, Classic/Heritage, Organic Modern, Housewarming, Hostess Gift, Self-Gift, Bar & Barware, Cocktail Hour, Gifting, New Year, Father's Day, Wedding Season, The Nightcap, The Well-Set Bar, Stainless steel; long handle for mixing glasses and pitchers, cat:bar-glassware, cat:new-arrivals, seg:season-opener"
gold-tone-stainless-steel-bar-mixing-spoon,Gold-Tone Stainless Steel Bar Mixing Spoon,16142,Title,Default Title,"Bar Spoon, Gold, Stainless steel, Organic Modern, Minimalist, Classic/Heritage, Housewarming, Wedding, Hostess Gift, Cocktail Hour, Bar & Barware, Entertaining, New Year, Wedding Season, The Well-Set Bar, Hostess Gifts, Stainless steel; long handle for stirring in mixing glasses and pitchers; gold-tone finish, cat:bar-glassware, cat:new-arrivals, seg:season-opener"
round-rubberwood-cheese-board-set-with-knives,Round Rubberwood Cheese Board Set with Knives,16145,Title,Default Title,"Cheese Board Set, Natural Wood, Wood, Caucho, Stainless steel, Organic Modern, Scandinavian, Minimalist, Housewarming, Wedding, Hostess Gift, Serving, Entertaining, Gifting, Wedding Season, Thanksgiving, Christmas, Wine Night, The Dinner Party, Hostess Gifts, Rubberwood board with internal tool storage; four stainless steel cheese tools included, cat:tabletop, cat:gifts, cat:new-arrivals, seg:first-dinner-party, seg:the-first-kitchen, seg:the-full-table"
forged-aluminum-hamburger-press,Forged Aluminum Hamburger Press,16508,Title,Default Title,"Hamburger Press, Silver, Aluminum, Forjado, BBQ, Minimalist, Organic Modern, Housewarming, Birthday, Hostess Gift, Outdoor & Patio, Entertaining, Cooking & Baking, Father's Day, Fourth of July, The Backyard BBQ, Weekend Gatherings, Forged aluminum construction; compact 4.4 in (11.3 cm) patty mold, cat:outdoor, cat:new-arrivals"
black-cast-iron-fondue-set,Black Cast Iron Fondue Set,16578,Title,Default Title,"Fondue Set, Black, Iron, Fundido, Plastic, Organic Modern, Scandinavian, Minimalist, Housewarming, Wedding, Hostess Gift, Entertaining, Dinner Party, Serving, Christmas, New Year, Valentine's Day, The Dinner Party, The Host's Touch, The Gift That Becomes a Tradition, Cast iron heat retention; 40.6 fl oz (1200 mL) capacity; hand wash recommended, cat:tabletop, cat:new-arrivals, seg:the-full-table"
glass-vinegar-spray-bottle-for-oil,Glass Vinegar Spray Bottle for Oil,18647,Title,Default Title,"Oil & Vinegar Sprayer, Silver, Glass, Prolipropileno, Stainless steel, Organic Modern, Minimalist, Scandinavian, Housewarming, Hostess Gift, Self-Gift, Everyday Use, Cooking & Baking, Serving, Cooking Together, The Host's Touch, Everyday Celebrations, Glass bottle; stainless steel and polypropylene sprayer; refillable 3.4 fl oz (100 mL) capacity, cat:kitchen, cat:new-arrivals"
gray-silicone-reusable-piping-bag,Gray Silicone Reusable Piping Bag,18652,Title,Default Title,"Piping Bag, Gray, Silicone, Polypropylene, SILICONA GRIS, Minimalist, Organic Modern, Scandinavian, Housewarming, Hostess Gift, Self-Gift, Cooking & Baking, Gifting, Special Occasion, Christmas, Mother's Day, Wedding Season, Cooking Together, Recipes Worth Passing Down, The Thoughtful Thank-You, Reusable silicone; 13.5 fl oz (400 mL) capacity; easy hand-wash care, cat:kitchen, cat:new-arrivals"
large-springform-pan-in-carbon-steel-10-2-in,"Large Springform Pan in Carbon Steel, 10.2 in",18656,Title,Default Title,"Springform Pan, Silver, Steel, Carbono, Minimalist, Scandinavian, Organic Modern, Housewarming, Wedding, Hostess Gift, Cooking & Baking, Gifting, Special Occasion, Christmas, Mother's Day, Thanksgiving, Recipes Worth Passing Down, The Sunday Table, The Gift That Becomes a Tradition, Removable base; oven-, freezer-, and dishwasher-safe carbon steel, cat:kitchen, cat:new-arrivals"
gray-mini-silicone-utensil-set-set-of-4,"Gray Mini Silicone Utensil Set, Set of 4",18660,Title,Default Title,"Mini Utensil Set, Gray, Silicone, SILICONA GRIS, Minimalist, Japandi, Organic Modern, Housewarming, Hostess Gift, Self-Gift, Everyday Use, Cooking & Baking, Gifting, Wedding Season, Cooking Together, Weekend Brunch, The Host's Touch, Dishwasher-safe utensil set; heat-resistant silicone; set of 4, cat:kitchen, cat:gifts, cat:new-arrivals, seg:first-dinner-party"
duo-lemon-lime-juicer-yellow-green,"Duo Lemon Lime Juicer, Yellow & Green",18661,Title,Default Title,"Citrus Squeezer, Yellow, Green, Aluminum, Bauhaus, Minimalist, Housewarming, Hostess Gift, Self-Gift, Everyday Use, Bar & Barware, Cooking & Baking, Wedding Season, Cocktail Hour, Cooking Together, The Well-Set Bar, Aluminum construction; two-in-one lemon and lime press, cat:kitchen, cat:new-arrivals, seg:season-opener"
clear-acrylic-pitcher-with-lid-64-2-fl-oz,"Clear Acrylic Pitcher with Lid, 64.2 fl oz",18747,Title,Default Title,"Pitcher, Clear, Acrylic, Minimalist, Organic Modern, Coastal, Housewarming, Hostess Gift, Self-Gift, Outdoor & Patio, Serving, Entertaining, Fourth of July, Outdoor Living, Poolside, Weekend Gatherings, Lightweight clear acrylic; covered cold-drink service; top-rack dishwasher-safe., cat:outdoor, cat:new-arrivals, seg:season-opener"
pietra-porcelain-dip-bowl-2-8-in,"Pietra Porcelain Dip Bowl, 2.8 in",18879,Title,Default Title,"Dip Bowl, Brown, Gray, Porcelain, PIETRA, Organic Modern, Wabi-Sabi, Minimalist, Housewarming, Hostess Gift, Just Because, Everyday Use, Entertaining, Serving, Thanksgiving, Christmas, Wedding Season, The Host's Touch, Cocktail Hour, The Art of the Table, Porcelain; microwave- and dishwasher-safe, cat:tabletop, cat:new-arrivals, seg:the-full-table"
pietra-porcelain-soup-bowl-with-handle-16-9-fl-oz,"Pietra Porcelain Soup Bowl with Handle, 16.9 fl oz",18891,Title,Default Title,"Soup Bowl, Brown, Gray, Porcelain, PIETRA, Organic Modern, Wabi-Sabi, Minimalist, Housewarming, Hostess Gift, Self-Gift, Everyday Use, Serving, Entertaining, Thanksgiving, Christmas, Slow Evenings, The Sunday Table, The Host's Touch, Microwave-safe porcelain; dishwasher-safe, cat:tabletop, cat:new-arrivals"
matte-copper-stainless-steel-moscow-mule-mug,Matte Copper Stainless Steel Moscow Mule Mug,18926,Title,Default Title,"Moscow Mule Mug, Copper, Stainless steel, MOSCU, Organic Modern, Mid-Century, Classic/Heritage, Housewarming, Hostess Gift, Birthday, Cocktail Hour, Bar & Barware, Entertaining, New Year, Wedding Season, The Well-Set Bar, Hostess Gifts, 100% stainless steel; 18.6 fl oz (550 mL) capacity, cat:bar-glassware, cat:new-arrivals, seg:season-opener"
12-cup-black-moka-pot-coffee-maker,12-Cup Black Moka Pot Coffee Maker,19098,Title,Default Title,"Moka Pot, Black, Aluminum, Polypropylene, MOKA, Minimalist, Organic Modern, Scandinavian, Housewarming, Holiday Gift, Self-Gift, Coffee & Tea, Everyday Use, Gifting, Christmas, Mother's Day, Father's Day, The Coffee Ritual, Slow Mornings, The Overnight Guest, 12-cup capacity; aluminum body with polypropylene handle; hand-wash care helps preserve flavor., cat:tabletop, cat:new-arrivals, seg:weeknight-ceremony"
gray-granite-look-aluminum-frying-pan-7-9-in-20-cm,"Gray Granite-Look Aluminum Frying Pan, 7.9 in (20 cm)",19145,Title,Default Title,"Frying Pan, Gray, Aluminum, Baquelita, GRANITO, Organic Modern, Minimalist, Scandinavian, Housewarming, Graduation, Self-Gift, Everyday Use, Cooking & Baking, Gifting, Graduation Season, Wedding Season, Slow Mornings, Cooking Together, A Table for One, Abrasion-resistant nonstick performance; aluminum body with Bakelite handle., cat:kitchen, cat:new-arrivals, seg:weeknight-ceremony"
gray-granite-nonstick-frying-pan-9-4-in-24-cm,"Gray Granite Nonstick Frying Pan, 9.4 in (24 cm)",19146,Title,Default Title,"Frying Pan, Gray, Aluminum, Baquelita, GRANITO, Organic Modern, Minimalist, Japandi, Housewarming, Wedding, Self-Gift, Everyday Use, Cooking & Baking, Gifting, Wedding Season, Slow Mornings, Cooking Together, The Housewarming, Abrasion-resistant granite nonstick coating; aluminum body with Bakelite handle, cat:kitchen, cat:new-arrivals, seg:the-first-kitchen, seg:weeknight-ceremony"
small-granite-effect-nonstick-saucepan-with-lid,Small Granite-Effect Nonstick Saucepan with Lid,19147,Title,Default Title,"Saucepan, Gray, Aluminum, Baquelit, Glass, Silicone, GRANITO, Organic Modern, Minimalist, Scandinavian, Housewarming, Wedding, Self-Gift, Everyday Use, Cooking & Baking, Gifting, Wedding Season, Mother's Day, Cooking Together, The Sunday Table, The Housewarming, Granite-effect nonstick coating; glass lid and long handle for controlled daily cooking, cat:kitchen, cat:new-arrivals, seg:the-first-kitchen, seg:weeknight-ceremony"
gray-granite-effect-nonstick-cooking-pot-with-glass-lid,Gray Granite-Effect Nonstick Cooking Pot with Glass Lid,19148,Title,Default Title,"Nonstick Pot, Gray, Aluminum, Baquelita, Glass, Silicone, GRANITO, Organic Modern, Minimalist, Wabi-Sabi, Housewarming, Wedding, Self-Gift, Everyday Use, Cooking & Baking, Gifting, Wedding Season, Cooking Together, Open-Door Hospitality, Recipes Worth Passing Down, Nonstick granite-effect coating; clear glass lid, cat:kitchen, cat:new-arrivals, seg:the-first-kitchen, seg:weeknight-ceremony"
gray-granite-nonstick-pot-with-glass-lid-9-4-in,"Gray Granite Nonstick Pot with Glass Lid, 9.4 in",19149,Title,Default Title,"Stock Pot, Gray, Aluminum, Baquelita, Glass, Silicone, GRANITO, Organic Modern, Minimalist, Scandinavian, Housewarming, Wedding, Self-Gift, Everyday Use, Cooking & Baking, Gifting, Thanksgiving, Christmas, Wedding Season, Cooking Together, Weekend Gatherings, The Housewarming, 5.1 qt (4.8 L) capacity with glass lid; granite-effect nonstick coating for clean release., cat:kitchen, cat:new-arrivals, seg:the-first-kitchen, seg:weeknight-ceremony"
cast-aluminum-mini-frying-pan-5-5-in,"Cast Aluminum Mini Frying Pan, 5.5 in",19151,Title,Default Title,"Mini Frying Pan, Black, Aluminum, Organic Modern, Minimalist, Scandinavian, Housewarming, Hostess Gift, Self-Gift, Everyday Use, Cooking & Baking, Gifting, Mother's Day, Father's Day, Wedding Season, Slow Mornings, Cooking Together, A Table for One, Cast aluminum with improved abrasion resistance; enhanced nonstick performance, cat:kitchen, cat:new-arrivals, seg:weeknight-ceremony"
stainless-steel-bottle-pourer-stopper-set-of-2,Stainless Steel Bottle Pourer Stopper Set of 2,19410,Title,Default Title,"Bottle Pourer Stopper, Silver, Tpe, Stainless steel, Organic Modern, Minimalist, Scandinavian, Housewarming, Hostess Gift, Just Because, Everyday Use, Entertaining, Serving, Wedding Season, The Dinner Party, Cooking Together, Open-Door Hospitality, Stainless steel with ribbed TPE grip; set of 2, cat:kitchen, cat:gifts, cat:new-arrivals, seg:first-dinner-party, seg:someone-in-mind, seg:the-full-table"
gray-stainless-steel-kitchen-prep-tool-set-3-piece,"Gray Stainless Steel Kitchen Prep Tool Set, 3-Piece",19827,Title,Default Title,"Kitchen Prep Tool Set, Gray, Plastic, Stainless steel, Minimalist, Scandinavian, Organic Modern, Housewarming, Graduation, Self-Gift, Everyday Use, Cooking & Baking, Gifting, Graduation Season, Wedding Season, Cooking Together, The Housewarming, The Thoughtful Thank-You, Stainless steel cutting edges; compact 3-piece prep set, cat:kitchen, cat:gifts, cat:new-arrivals, seg:first-dinner-party, seg:weeknight-ceremony"
gravur-clear-acrylic-wine-glass-15-0-fl-oz,"Gravur Clear Acrylic Wine Glass, 15.0 fl oz",20076,Title,Default Title,"Wine Glass, Clear, Acrylic, Poliestireno, GRAVUR, Classic/Heritage, Coastal, Organic Modern, Housewarming, Hostess Gift, Self-Gift, Outdoor & Patio, Bar & Barware, Entertaining, Fourth of July, Wedding Season, Outdoor Living, Poolside, Wine Night, Lightweight, impact-resistant; top-rack dishwasher-safe., cat:outdoor, cat:new-arrivals"
borosilicate-glass-pitcher-with-lid-44-0-fl-oz-1300-ml,"Borosilicate Glass Pitcher with Lid, 44.0 fl oz (1300 mL)",20090,Title,Default Title,"Pitcher, Clear, Glass, Pp, Silicone, Stainless steel, Minimalist, Scandinavian, Organic Modern, Housewarming, Hostess Gift, Thank-You, Everyday Use, Serving, Entertaining, Wedding Season, The Tea Ritual, Weekend Brunch, Open-Door Hospitality, Borosilicate glass body; stainless steel lid with silicone and polypropylene components, cat:tabletop, cat:new-arrivals, seg:someone-in-mind"
pyramid-glass-wine-decanter-56-8-fl-oz-1680-ml,"Pyramid Glass Wine Decanter, 56.8 fl oz (1680 mL)",20132,Title,Default Title,"Wine Decanter, Clear, Glass, Organic Modern, Scandinavian, Minimalist, Housewarming, Wedding, Hostess Gift, Entertaining, Dinner Party, Bar & Barware, Christmas, Thanksgiving, Wedding Season, Wine Night, The Dinner Party, The Well-Set Bar, Dishwasher safe; 56.8 fl oz (1680 mL) capacity, cat:bar-glassware, cat:new-arrivals, seg:the-full-table"
stainless-steel-splatter-screen-11-8-in,"Stainless Steel Splatter Screen, 11.8 in",20147,Title,Default Title,"Splatter Screen, Silver, Stainless steel, Minimalist, Organic Modern, Housewarming, Hostess Gift, Self-Gift, Everyday Use, Cooking & Baking, Gifting, Mother's Day, Father's Day, Wedding Season, Cooking Together, The Sunday Table, The Housewarming, 201 stainless steel; vented mesh helps reduce oil splatter while steam escapes., cat:kitchen, cat:new-arrivals"
stainless-steel-mini-mesh-strainer,Stainless Steel Mini Mesh Strainer,20148,Title,Default Title,"Mesh Strainer, Silver, Stainless steel, Minimalist, Scandinavian, Housewarming, Hostess Gift, Self-Gift, Coffee & Tea, Cooking & Baking, Everyday Use, Wedding Season, Graduation Season, The Tea Ritual, Cooking Together, The Host's Touch, 100% 201 stainless steel; dishwasher-safe, cat:kitchen, cat:new-arrivals, seg:weeknight-ceremony"
stainless-steel-fine-mesh-strainer-5-5-in,"Stainless Steel Fine Mesh Strainer, 5.5 in",20149,Title,Default Title,"Fine Mesh Strainer, Silver, Stainless steel, Minimalist, Scandinavian, Organic Modern, Housewarming, Hostess Gift, Self-Gift, Everyday Use, Coffee & Tea, Cooking & Baking, Thanksgiving, Christmas, Mother's Day, The Tea Ritual, Cooking Together, The Thoughtful Thank-You, 100% 201 stainless steel; dishwasher-safe., cat:kitchen, cat:new-arrivals, seg:weeknight-ceremony"
stainless-steel-fine-mesh-strainer-7-9-in-20-cm,"Stainless Steel Fine Mesh Strainer, 7.9 in (20 cm)",20150,Title,Default Title,"Mesh Strainer, Silver, Stainless steel, Minimalist, Scandinavian, Housewarming, Hostess Gift, Self-Gift, Everyday Use, Cooking & Baking, Coffee & Tea, Wedding Season, Cooking Together, Recipes Worth Passing Down, The Host's Touch, 100% 201 stainless steel; dishwasher-safe; hanging loop for storage, cat:kitchen, cat:new-arrivals, seg:weeknight-ceremony"
stainless-steel-conical-kitchen-strainer-6-3-in,"Stainless Steel Conical Kitchen Strainer, 6.3 in",20151,Title,Default Title,"Conical Strainer, Silver, Stainless steel, Minimalist, Scandinavian, Housewarming, Hostess Gift, Thank-You, Cooking & Baking, Everyday Use, Entertaining, Thanksgiving, Cooking Together, The Dinner Party, The Host's Touch, Dishwasher-safe; 100% 201 stainless steel, cat:kitchen, cat:new-arrivals, seg:first-dinner-party"
stainless-steel-basket-strainer-9-8-in,"Stainless Steel Basket Strainer, 9.8 in",20152,Title,Default Title,"Basket Strainer, Silver, Stainless steel, Organic Modern, Minimalist, Classic/Heritage, Housewarming, Wedding, Self-Gift, Everyday Use, Cooking & Baking, Gifting, Wedding Season, Cooking Together, The Sunday Table, The Housewarming, 100% 201 stainless steel; dishwasher-safe, cat:kitchen, cat:new-arrivals"
starfish-wood-door-stop-wedge,Starfish Wood Door Stop Wedge,20232,Title,Default Title,"Door Stop Wedge, Natural Wood, Natural, Gold, Wood, Aluminum, Coastal, Organic Modern, Wabi-Sabi, Housewarming, Hostess Gift, Thank-You, Everyday Use, Décor & Styling, Gifting, Open-Door Hospitality, The Housewarming, Objects with Stories, No installation required; wood wedge with aluminum starfish detail, cat:decor, cat:new-arrivals"
pietra-3-4-fl-oz-100-ml-porcelain-ramekin,Pietra 3.4 fl oz (100 mL) Porcelain Ramekin,20241,Title,Default Title,"Ramekin, Multicolor, Porcelain, PIETRA, Organic Modern, Wabi-Sabi, Minimalist, Housewarming, Wedding, Hostess Gift, Cooking & Baking, Serving, Entertaining, Thanksgiving, Christmas, Wedding Season, Cooking Together, The Host's Touch, The Dinner Party, Oven-safe porcelain; microwave- and dishwasher-safe, cat:tabletop, cat:new-arrivals, seg:the-full-table"
pietra-cube-porcelain-mini-plate-for-sauces,Pietra Cube Porcelain Mini Plate for Sauces,20244,Title,Default Title,"Dipping Plate, Multicolor, Porcelain, PIETRA, Organic Modern, Mediterranean, Wabi-Sabi, Housewarming, Hostess Gift, Thank-You, Everyday Use, Entertaining, Serving, Thanksgiving, Christmas, Wedding Season, The Dinner Party, The Art of the Table, Hostess Gifts, Microwave-safe porcelain; dishwasher-safe on a regular or gentle cycle, cat:tabletop, cat:new-arrivals, seg:the-full-table"
batea-pietra-porcelain-mini-sauce-dish-2-5-fl-oz,"Batea Pietra Porcelain Mini Sauce Dish, 2.5 fl oz",20246,Title,Default Title,"Mini Sauce Dish, Brown, Porcelain, PIETRA, Organic Modern, Mediterranean, Wabi-Sabi, Housewarming, Hostess Gift, Just Because, Everyday Use, Serving, Entertaining, Thanksgiving, Christmas, The Art of the Table, The Host's Touch, Everyday Celebrations, Microwave-safe porcelain; dishwasher-safe for daily care, cat:tabletop, cat:new-arrivals, seg:the-full-table"
galeon-pietra-small-porcelain-bowl-for-sauces,Galeon Pietra Small Porcelain Bowl for Sauces,20247,Title,Default Title,"Small Bowl, Brown, Gray, Porcelain, PIETRA, Organic Modern, Mediterranean, Wabi-Sabi, Housewarming, Hostess Gift, Thank-You, Everyday Use, Entertaining, Serving, Thanksgiving, Christmas, Wedding Season, The Dinner Party, The Sunday Table, The Host's Touch, Microwave-safe porcelain; dishwasher-safe., cat:tabletop, cat:new-arrivals, seg:the-full-table"
gray-silicone-glass-and-bottle-cleaning-brush,Gray Silicone Glass and Bottle Cleaning Brush,20451,Title,Default Title,"Bottle Brush, Gray, Polypropylene, Silicone, Minimalist, Scandinavian, Organic Modern, Housewarming, Hostess Gift, Self-Gift, Everyday Use, Coffee & Tea, Bar & Barware, Wedding Season, The Coffee Ritual, The Tea Ritual, Open-Door Hospitality, Non-abrasive silicone bristles; long polypropylene handle., cat:bath, cat:new-arrivals, seg:weeknight-ceremony"
gray-silicone-spatula-for-nonstick-cookware,Gray Silicone Spatula for Nonstick Cookware,20453,Title,Default Title,"Silicone Spatula, Gray, Silicone, SILICONA GRIS, Minimalist, Scandinavian, Organic Modern, Housewarming, Thank-You, Hostess Gift, Everyday Use, Cooking & Baking, Gifting, Wedding Season, Mother's Day, Father's Day, Cooking Together, The Sunday Table, Open-Door Hospitality, Dishwasher-safe silicone; safe for nonstick cookware; heat-resistant., cat:kitchen, cat:new-arrivals"
gray-silicone-cooking-spoon,Gray Silicone Cooking Spoon,20454,Title,Default Title,"Cooking Spoon, Gray, Silicone, SILICONA GRIS, Minimalist, Scandinavian, Organic Modern, Housewarming, Hostess Gift, Self-Gift, Everyday Use, Cooking & Baking, Gifting, Wedding Season, Cooking Together, The Sunday Table, Open-Door Hospitality, Heat-resistant silicone; dishwasher-safe, cat:kitchen, cat:new-arrivals"
gray-silicone-pasta-spoon,Gray Silicone Pasta Spoon,20455,Title,Default Title,"Pasta Spoon, Gray, Silicone, SILICONA GRIS, Minimalist, Scandinavian, Japandi, Housewarming, Hostess Gift, Self-Gift, Cooking & Baking, Everyday Use, Gifting, Wedding Season, Mother's Day, Christmas, Cooking Together, The Sunday Table, Hostess Gifts, Heat-resistant silicone; dishwasher-safe; safe for nonstick cookware., cat:kitchen, cat:new-arrivals"
gray-silicone-baking-spatula,Gray Silicone Baking Spatula,20456,Title,Default Title,"Baking Spatula, Gray, Silicone, SILICONA GRIS, Minimalist, Scandinavian, Organic Modern, Housewarming, Hostess Gift, Just Because, Everyday Use, Cooking & Baking, Gifting, Wedding Season, Cooking Together, Weekend Brunch, Recipes Worth Passing Down, Dishwasher-safe; safe for nonstick cookware; high-heat-resistant silicone., cat:kitchen, cat:new-arrivals"
gray-silicone-pastry-brush-for-nonstick-cookware,Gray Silicone Pastry Brush for Nonstick Cookware,20457,Title,Default Title,"Pastry Brush, Gray, Silicone, SILICONA GRIS, Organic Modern, Scandinavian, Minimalist, Housewarming, Hostess Gift, Self-Gift, Everyday Use, Cooking & Baking, Gifting, Thanksgiving, Christmas, Wedding Season, Cooking Together, Weekend Brunch, The Sunday Table, Dishwasher-safe; safe for nonstick cookware; heat-resistant silicone, cat:kitchen, cat:new-arrivals"
borosilicate-glass-food-storage-container-gray-12-8-oz,"Borosilicate Glass Food Storage Container, Gray, 12.8 oz",20461,Title,Default Title,"Food Storage Container, Clear, Glass, Polypropylene, Silicone, CONTENEDORES DE BOROSILICATO, Minimalist, Scandinavian, Organic Modern, Housewarming, Hostess Gift, Self-Gift, Everyday Use, Cooking & Baking, Entertaining, Thanksgiving, Cooking Together, The Sunday Table, Open-Door Hospitality, Borosilicate glass; oven-safe to 752°F (400°C); airtight silicone-sealed lid, cat:kitchen, cat:new-arrivals"
borosilicate-glass-food-storage-container-with-gray-lid,Borosilicate Glass Food Storage Container with Gray Lid,20462,Title,Default Title,"Glass Food Storage Container, Clear, Glass, Polypropylene, Silicone, CONTENEDORES DE BOROSILICATO, Organic Modern, Minimalist, Scandinavian, Housewarming, Hostess Gift, Self-Gift, Everyday Use, Cooking & Baking, Gifting, Thanksgiving, Cooking Together, The Overnight Guest, The Host's Touch, Airtight lid; oven safe up to 752°F (400°C); microwave- and dishwasher-safe, cat:kitchen, cat:new-arrivals"
borosilicate-food-storage-container-with-gray-locking-lid,Borosilicate Food Storage Container with Gray Locking Lid,20463,Title,Default Title,"Food Storage Container, Clear, Glass, Polypropylene, Silicone, CONTENEDORES DE BOROSILICATO, Minimalist, Scandinavian, Organic Modern, Housewarming, Thank-You, Hostess Gift, Everyday Use, Cooking & Baking, Gifting, Thanksgiving, Christmas, Wedding Season, Cooking Together, The Sunday Table, Recipes Worth Passing Down, Airtight silicone-sealed lid; oven-, microwave-, and dishwasher-safe, cat:kitchen, cat:new-arrivals"
borosilicate-glass-food-storage-container-with-gray-lid-50-7-fl-oz-1-5-l,"Borosilicate Glass Food Storage Container with Gray Lid, 50.7 fl oz (1.5 L)",20464,Title,Default Title,"Food Storage Container, Clear, Glass, Polypropylene, Silicone, CONTENEDORES DE BOROSILICATO, Minimalist, Scandinavian, Organic Modern, Housewarming, Wedding, Self-Gift, Everyday Use, Cooking & Baking, Gifting, Thanksgiving, Cooking Together, The Overnight Guest, Open-Door Hospitality, Oven safe to 752°F (400°C); microwave- and dishwasher-safe; airtight silicone seal., cat:kitchen, cat:new-arrivals, seg:the-first-kitchen"
gray-compact-dish-drainer-with-utensil-holder,Gray Compact Dish Drainer with Utensil Holder,20506,Title,Default Title,"Dish Drainer, Gray, Aluminum, Polypropylene, Minimalist, Scandinavian, Japandi, Housewarming, Wedding, Self-Gift, Everyday Use, Coffee & Tea, Gifting, Wedding Season, Slow Mornings, The Overnight Guest, The Housewarming, Dishwasher-safe; 15.4 lb (7 kg) capacity; compact footprint with utensil holder, cat:kitchen, cat:new-arrivals, seg:the-first-kitchen"
ivory-paraffin-decorative-candle,Ivory Paraffin Decorative Candle,20575,Title,Default Title,"Scented Candle, Ivory, Paraffin, Plastic, Organic Modern, Minimalist, Wabi-Sabi, Housewarming, Hostess Gift, Just Because, Décor & Styling, Entertaining, Gifting, Christmas, Thanksgiving, Wedding Season, Slow Evenings, Candlelit Dinners, The Host's Touch, Ivory paraffin wax for indoor decorative use; compact scale for trays and candleholders., cat:home-fragrance, cat:new-arrivals"
calma-ivory-paraffin-pillar-candle,Calma Ivory Paraffin Pillar Candle,20576,Title,Default Title,"Pillar Candle, Ivory, Paraffin, Plastic, Organic Modern, Minimalist, Wabi-Sabi, Housewarming, Hostess Gift, Just Because, Décor & Styling, Entertaining, Gifting, Christmas, Thanksgiving, Slow Evenings, Candlelit Dinners, The Host's Touch, Ivory paraffin wax; compact 4.9 in (12.5 cm) height for small surfaces, cat:home-fragrance, cat:new-arrivals"
calma-ivory-scented-candle-set-6-pieces,"Calma Ivory Scented Candle Set, 6 Pieces",20577,Title,Default Title,"Scented Candle, Ivory, Organic Modern, Scandinavian, Minimalist, Housewarming, Thank-You, Hostess Gift, Everyday Use, Entertaining, Gifting, Christmas, Thanksgiving, Wedding Season, Slow Evenings, Candlelit Dinners, Hostess Gifts, Six-piece scented candle set; ivory wax; boxed for gifting and storage, cat:home-fragrance, cat:gifts, cat:new-arrivals, seg:someone-in-mind"
ivory-taper-candles-set-of-2,"Ivory Taper Candles, Set of 2",20578,Title,Default Title,"Taper Candle, Ivory, Paraffin, Plastic, Classic/Heritage, Minimalist, Organic Modern, Housewarming, Hostess Gift, Thank-You, Entertaining, Dinner Party, Décor & Styling, Christmas, Thanksgiving, Wedding Season, Candlelit Dinners, The Dinner Party, The Host's Touch, Ivory paraffin taper pair; boxed set of 2, cat:home-fragrance, cat:gifts, cat:new-arrivals, seg:first-dinner-party"
mini-bamboo-serving-board-with-handle,Mini Bamboo Serving Board with Handle,20724,Title,Default Title,"Serving Board, Carbonizado, Bamboo, BAMBU, Organic Modern, Japandi, Minimalist, Housewarming, Hostess Gift, Thank-You, Entertaining, Serving, Gifting, Thanksgiving, Christmas, Wedding Season, Cocktail Hour, The Dinner Party, Hostess Gifts, 100% bamboo; compact handled shape for small portions and easy passing, cat:tabletop, cat:new-arrivals, seg:someone-in-mind, seg:the-full-table"
line-16-piece-stainless-steel-flatware-set,Line 16-Piece Stainless Steel Flatware Set,20735,Title,Default Title,"Flatware Set, Silver, Stainless steel, LINE, Minimalist, Scandinavian, Organic Modern, Housewarming, Wedding, Hostess Gift, Everyday Use, Entertaining, Dinner Party, Wedding Season, Thanksgiving, Christmas, The Sunday Table, The Dinner Party, Everyday Celebrations, Dishwasher-safe stainless steel; satin finish; complete service for 4, cat:tabletop, cat:gifts, cat:new-arrivals, seg:first-dinner-party"
crystal-balloon-wine-glasses-22-0-fl-oz-650-ml-set-of-2,"Crystal Balloon Wine Glasses, 22.0 fl oz (650 mL), Set of 2",20919,Title,Default Title,"Balloon Wine Glass, Clear, Cristal, CRISTAL CLASICO, Classic/Heritage, Minimalist, Housewarming, Hostess Gift, Wedding, Cocktail Hour, Bar & Barware, Entertaining, New Year, Wedding Season, The Nightcap, The Well-Set Bar, Crystal construction; large 22.0 fl oz (650 mL) balloon bowl., cat:bar-glassware, cat:gifts, cat:new-arrivals, seg:season-opener"
gala-crystal-stemless-wine-tumblers-set-of-2,"Gala Crystal Stemless Wine Tumblers, Set of 2",20920,Title,Default Title,"Stemless Wine Glass, Clear, Cristal, CRISTAL CLASICO, Minimalist, Scandinavian, Organic Modern, Housewarming, Wedding, Hostess Gift, Entertaining, Bar & Barware, Everyday Use, Christmas, Thanksgiving, Wedding Season, Wine Night, The Dinner Party, The Well-Set Bar, Dishwasher-safe crystal; stem-free rounded bowl helps preserve aroma, cat:bar-glassware, cat:gifts, cat:new-arrivals, seg:first-dinner-party, seg:the-full-table"
giotto-crystal-highball-glasses-set-of-2,"Giotto Crystal Highball Glasses, Set of 2",20921,Title,Default Title,"Highball Glasses, Clear, Cristal, GIOTTO, Minimalist, Bauhaus, Mid-Century, Housewarming, Wedding, Hostess Gift, Everyday Use, Cocktail Hour, Bar & Barware, Wedding Season, Christmas, The Well-Set Bar, Hostess Gifts, 100% crystal with clear straight-line detailing; generous 14.5 fl oz (430 mL) capacity, cat:bar-glassware, cat:gifts, cat:new-arrivals, seg:season-opener, seg:the-first-kitchen"
giotto-crystal-short-tumbler-glasses-set-of-2,"Giotto Crystal Short Tumbler Glasses, Set of 2",20922,Title,Default Title,"Short Tumbler, Clear, Cristal, GIOTTO, Minimalist, Classic/Heritage, Organic Modern, Housewarming, Hostess Gift, Wedding, Cocktail Hour, Bar & Barware, Gifting, New Year, Father's Day, Wedding Season, The Nightcap, The Well-Set Bar, 100% crystal; 11.2 fl oz (330 mL) each; set of 2, cat:bar-glassware, cat:gifts, cat:new-arrivals, seg:season-opener"
gala-clear-crystal-shot-glasses-set-of-2,"Gala Clear Crystal Shot Glasses, Set of 2",20923,Title,Default Title,"Shot Glass, Clear, Cristal, CRISTAL CLASICO, Minimalist, Classic/Heritage, Bauhaus, Housewarming, Hostess Gift, Birthday, Bar & Barware, Cocktail Hour, Entertaining, New Year, Father's Day, Wedding Season, The Nightcap, The Well-Set Bar, 100% crystal; clear 2 fl oz (60 mL) capacity; set of 2, cat:bar-glassware, cat:gifts, cat:new-arrivals, seg:season-opener"
vega-crystal-red-wine-glasses-22-fl-oz-set-of-2,"Vega Crystal Red Wine Glasses, 22 fl oz, Set of 2",20924,Title,Default Title,"Red Wine Glass, Clear, Cristal, VEGA, Minimalist, Classic/Heritage, Organic Modern, Housewarming, Wedding, Hostess Gift, Bar & Barware, Entertaining, Gifting, Wedding Season, Wine Night, The Well-Set Bar, Hostess Gifts, Dishwasher-safe 100% crystal; silver rim, cat:bar-glassware, cat:gifts, cat:new-arrivals, seg:season-opener"
crystal-red-wine-glasses-27-1-fl-oz-800-ml-set-of-2,"Crystal Red Wine Glasses, 27.1 fl oz (800 mL), Set of 2",20925,Title,Default Title,"Red Wine Glasses, Clear, Cristal, CRISTAL CLASICO, Minimalist, Classic/Heritage, Organic Modern, Housewarming, Wedding, Hostess Gift, Entertaining, Bar & Barware, Gifting, Thanksgiving, Christmas, Wedding Season, Wine Night, The Dinner Party, The Well-Set Bar, Dishwasher-safe crystal; straight-cut rim designed for red wine., cat:bar-glassware, cat:gifts, cat:new-arrivals, seg:first-dinner-party, seg:season-opener, seg:the-full-table"
crystal-white-wine-glasses-14-5-fl-oz-set-of-2,"Crystal White Wine Glasses, 14.5 fl oz, Set of 2",20926,Title,Default Title,"White Wine Glasses, Clear, Cristal, CRISTAL CLASICO, Minimalist, Classic/Heritage, Scandinavian, Housewarming, Wedding, Hostess Gift, Entertaining, Dinner Party, Bar & Barware, Wedding Season, Christmas, Wine Night, The Dinner Party, Hostess Gifts, Dishwasher-safe crystal; 14.5 fl oz (430 mL) capacity per glass, cat:bar-glassware, cat:gifts, cat:new-arrivals, seg:first-dinner-party, seg:the-full-table"
tulip-crystal-wine-glasses-22-0-fl-oz-650-ml-set-of-2,"Tulip Crystal Wine Glasses, 22.0 fl oz (650 mL), Set of 2",20928,Title,Default Title,"Wine Glass, Clear, Cristal, TULIPAN, Minimalist, Classic/Heritage, Organic Modern, Housewarming, Wedding, Hostess Gift, Entertaining, Dinner Party, Bar & Barware, Thanksgiving, Christmas, Wedding Season, Wine Night, The Dinner Party, The Well-Set Bar, Dishwasher-safe crystal; tulip bowl concentrates aroma., cat:bar-glassware, cat:gifts, cat:new-arrivals, seg:first-dinner-party, seg:the-full-table"
carat-glass-liquor-decanter-with-stopper-25-4-fl-oz-750-ml,"Carat Glass Liquor Decanter with Stopper, 25.4 fl oz (750 mL)",20944,Title,Default Title,"Liquor Decanter, Clear, Glass, CARAT, Classic/Heritage, Minimalist, Housewarming, Hostess Gift, Corporate/Client, Bar & Barware, Entertaining, Gifting, Christmas, Father's Day, Wedding Season, The Nightcap, Cocktail Hour, The Well-Set Bar, 25.4 fl oz (750 mL) decanter capacity; clear glass with raised Carat relief, cat:bar-glassware, cat:new-arrivals, seg:season-opener"
clear-crystal-glass-wine-decanter,Clear Crystal Glass Wine Decanter,20945,Title,Default Title,"Wine Decanter, Clear, Cristal, Classic/Heritage, Minimalist, Organic Modern, Housewarming, Wedding, Hostess Gift, Entertaining, Bar & Barware, Gifting, Wedding Season, Christmas, Thanksgiving, Wine Night, The Dinner Party, The Well-Set Bar, Dishwasher-safe crystal; widened spout for controlled pouring, cat:bar-glassware, cat:new-arrivals, seg:the-full-table"
toledo-embossed-vintage-wine-glasses-9-5-fl-oz-set-of-2,"Toledo Embossed Vintage Wine Glasses, 9.5 fl oz, Set of 2",20958,Title,Default Title,"Wine Glass, Clear, Glass, TOLEDO, Classic/Heritage, Minimalist, Housewarming, Wedding, Hostess Gift, Entertaining, Cocktail Hour, Bar & Barware, Wedding Season, Wine Night, The Well-Set Bar, Dishwasher-safe clear glass; raised geometric relief., cat:bar-glassware, cat:gifts, cat:new-arrivals, seg:season-opener"
toledo-textured-glass-tumblers-10-1-fl-oz-set-of-2,"Toledo Textured Glass Tumblers, 10.1 fl oz, Set of 2",20959,Title,Default Title,"Tumbler, Clear, Glass, TOLEDO, Classic/Heritage, Minimalist, Bauhaus, Housewarming, Hostess Gift, Self-Gift, Everyday Use, Cocktail Hour, Bar & Barware, New Year, Wedding Season, The Nightcap, Hostess Gifts, Dishwasher-safe clear glass; raised relief texture for grip., cat:bar-glassware, cat:gifts, cat:new-arrivals, seg:first-dinner-party"
chelo-clear-glass-cup-and-saucer-set-4-piece,"Chelo Clear Glass Cup and Saucer Set, 4-Piece",20962,Title,Default Title,"Tea Cup & Saucer Set, Clear, Glass, CHELO, Classic/Heritage, Minimalist, Housewarming, Hostess Gift, Thank-You, Coffee & Tea, Entertaining, Gifting, Mother's Day, Wedding Season, Christmas, The Tea Ritual, The Coffee Ritual, Hostess Gifts, Dishwasher-safe clear glass; 4-piece set with two matching saucers., cat:tabletop, cat:gifts, cat:new-arrivals, seg:weeknight-ceremony"
marmol-porcelain-marble-dinner-plates-set-of-4,"Marmol Porcelain Marble Dinner Plates, Set of 4",21055,Title,Default Title,"Dinner Plate, Gray, Porcelain, MARMOL, Organic Modern, Mediterranean, Minimalist, Housewarming, Wedding, Hostess Gift, Everyday Use, Entertaining, Dinner Party, Wedding Season, The Dinner Party, The Sunday Table, The Art of the Table, Microwave- and dishwasher-safe porcelain; set of 4, cat:tabletop, cat:gifts, cat:new-arrivals"
marble-porcelain-salad-plates-set-of-4-8-3-in-21-cm,"Marble Porcelain Salad Plates, Set of 4, 8.3 in (21 cm)",21056,Title,Default Title,"Salad Plate, Gray, Porcelain, MARMOL, Organic Modern, Minimalist, Mediterranean, Housewarming, Wedding, Hostess Gift, Everyday Use, Entertaining, Serving, Wedding Season, Thanksgiving, Christmas, The Sunday Table, The Dinner Party, Hostess Gifts, Microwave- and dishwasher-safe plates in porcelain; set of 4, cat:tabletop, cat:gifts, cat:new-arrivals, seg:first-dinner-party"
marmol-gray-porcelain-bowl-set-5-9-in-set-of-4,"Marmol Gray Porcelain Bowl Set, 5.9 in, Set of 4",21058,Title,Default Title,"Cereal Bowl, Gray, Porcelain, MARMOL, Organic Modern, Mediterranean, Minimalist, Housewarming, Wedding, Hostess Gift, Everyday Use, Entertaining, Serving, Wedding Season, Thanksgiving, Slow Mornings, The Sunday Table, The Housewarming, Microwave-safe and dishwasher-safe porcelain, cat:tabletop, cat:gifts, cat:new-arrivals, seg:the-first-kitchen"
round-clear-storage-jars-3-4-fl-oz-set-of-2,"Round Clear Storage Jars, 3.4 fl oz, Set of 2",21078,Title,Default Title,"Storage Jar, Clear, Glass, Metal, Silicone, CIRCULAR, Minimalist, Scandinavian, Organic Modern, Housewarming, Hostess Gift, Thank-You, Everyday Use, Coffee & Tea, Gifting, Wedding Season, The Tea Ritual, Cooking Together, Hostess Gifts, Clear glass; metal clasp closure with silicone seal, cat:kitchen, cat:gifts, cat:new-arrivals, seg:first-dinner-party, seg:weeknight-ceremony"
round-glass-food-storage-containers-13-5-fl-oz-400-ml-set-of-2,"Round Glass Food Storage Containers, 13.5 fl oz (400 mL), Set of 2",21079,Title,Default Title,"Food Storage Container, Clear, Glass, Metal, Silicone, REDONDO, Organic Modern, Minimalist, Classic/Heritage, Housewarming, Hostess Gift, Thank-You, Everyday Use, Serving, Gifting, Christmas, Wedding Season, The Tea Ritual, Weekend Brunch, The Collected Home, Clear glass with silicone seal and metal closure; set of 2 for small-batch pantry organization, cat:kitchen, cat:gifts, cat:new-arrivals"
gray-silicone-whisk-for-nonstick-cookware,Gray Silicone Whisk for Nonstick Cookware,21108,Title,Default Title,"Whisk, Gray, Silicone, Nailon, SILICONA GRIS, Minimalist, Scandinavian, Organic Modern, Housewarming, Hostess Gift, Self-Gift, Everyday Use, Cooking & Baking, Gifting, Wedding Season, Graduation Season, Cooking Together, The Sunday Table, Hostess Gifts, Silicone and nylon construction; made for gentler contact with coated and nonstick cookware., cat:kitchen, cat:new-arrivals"
clear-gray-2-cup-plastic-measuring-cup,Clear Gray 2 Cup Plastic Measuring Cup,21111,Title,Default Title,"Measuring Cup, Clear, Poliestireno, Minimalist, Organic Modern, Scandinavian, Housewarming, Hostess Gift, Self-Gift, Everyday Use, Cooking & Baking, Gifting, Graduation Season, Wedding Season, Cooking Together, The Sunday Table, Recipes Worth Passing Down, BPA-free, break-resistant measuring cup with cup, ounce, and milliliter markings, cat:kitchen, cat:new-arrivals, seg:weeknight-ceremony"
6-cup-nonstick-muffin-pan,6-Cup Nonstick Muffin Pan,21113,Title,Default Title,"Muffin Pan, Black, Steel, Al, Carbono, Revestimiento, Antiadherente, Minimalist, Organic Modern, Housewarming, Hostess Gift, Self-Gift, Cooking & Baking, Everyday Use, Gifting, Mother's Day, Thanksgiving, Christmas, Weekend Brunch, The Sunday Table, Hostess Gifts, Nonstick coating; carbon steel construction for even heating, cat:kitchen, cat:new-arrivals"
square-nonstick-baking-pan-with-handles,Square Nonstick Baking Pan with Handles,21114,Title,Default Title,"Square Baking Pan, Black, Steel, Al, Carbono, Revestimiento, Antiadherente, Minimalist, Classic/Heritage, Organic Modern, Housewarming, Wedding, Self-Gift, Cooking & Baking, Everyday Use, Entertaining, Thanksgiving, Christmas, Mother's Day, Cooking Together, The Sunday Table, Recipes Worth Passing Down, Nonstick coating; carbon steel construction for even oven heat; practical side handles, cat:kitchen, cat:new-arrivals, seg:the-first-kitchen, seg:weeknight-ceremony"
rectangular-carbon-steel-nonstick-loaf-pan,Rectangular Carbon Steel Nonstick Loaf Pan,21115,Title,Default Title,"Loaf Pan, Black, Steel, Al, Carbono, Revestimiento, Antiadherente, Minimalist, Organic Modern, Scandinavian, Housewarming, Hostess Gift, Thank-You, Cooking & Baking, Coffee & Tea, Gifting, Thanksgiving, Christmas, The Tea Ritual, Weekend Brunch, Hostess Gifts, Carbon steel body with nonstick coating; practical side handles for oven transfers., cat:kitchen, cat:new-arrivals, seg:weeknight-ceremony"
nonstick-carbon-steel-baking-sheet-with-handles,Nonstick Carbon Steel Baking Sheet with Handles,21116,Title,Default Title,"Baking Sheet, Black, Steel, Al, Carbono, Revestimiento, Antiadherente, Minimalist, Organic Modern, Housewarming, Wedding, Self-Gift, Cooking & Baking, Everyday Use, Gifting, Christmas, Thanksgiving, Mother's Day, Cooking Together, Weekend Brunch, Holiday Traditions, Nonstick carbon steel; handled edges for oven transfers, cat:kitchen, cat:new-arrivals, seg:the-first-kitchen"
stainless-steel-round-food-molds-set-of-3,"Stainless Steel Round Food Molds, Set of 3",21117,Title,Default Title,"Plating Ring Set, Silver, Stainless steel, Minimalist, Organic Modern, Scandinavian, Housewarming, Hostess Gift, Self-Gift, Cooking & Baking, Entertaining, Serving, Wedding Season, Cooking Together, The Dinner Party, The Host's Touch, Stainless steel; three graduated sizes; compact nesting design, cat:kitchen, cat:gifts, cat:new-arrivals, seg:first-dinner-party, seg:the-full-table, seg:weeknight-ceremony"
opra-white-porcelain-dessert-plates-7-5-in-19-cm-set-of-4,"Opra White Porcelain Dessert Plates, 7.5 in (19 cm), Set of 4",21226,Title,Default Title,"Dessert Plate, White, Porcelain, OPRA, Classic/Heritage, Minimalist, Scandinavian, Housewarming, Wedding, Hostess Gift, Everyday Use, Entertaining, Serving, Thanksgiving, Christmas, Wedding Season, The Sunday Table, The Dinner Party, Hostess Gifts, Microwave-, oven-, and dishwasher-safe porcelain; hotel-quality construction, cat:tabletop, cat:gifts, cat:new-arrivals, seg:first-dinner-party, seg:the-first-kitchen, seg:the-full-table"
opra-white-porcelain-salad-plates-set-of-4,"Opra White Porcelain Salad Plates, Set of 4",21227,Title,Default Title,"Salad Plate, White, Porcelain, OPRA, Classic/Heritage, Minimalist, Scandinavian, Housewarming, Wedding, Hostess Gift, Everyday Use, Entertaining, Dinner Party, Wedding Season, Thanksgiving, Christmas, The Sunday Table, Weekend Gatherings, The Art of the Table, Hotel-grade porcelain; microwave-, oven-, and dishwasher-safe., cat:tabletop, cat:gifts, cat:new-arrivals"
opra-white-porcelain-dinner-plates-set-of-4,"Opra White Porcelain Dinner Plates, Set of 4",21228,Title,Default Title,"Dinner Plate, White, Porcelain, OPRA, Classic/Heritage, Minimalist, Scandinavian, Housewarming, Wedding, Hostess Gift, Everyday Use, Entertaining, Dinner Party, Thanksgiving, Christmas, Wedding Season, The Sunday Table, The Dinner Party, Everyday Celebrations, Porcelain; microwave-, oven-, and dishwasher-safe., cat:tabletop, cat:gifts, cat:new-arrivals"
opra-white-porcelain-soup-bowls-set-of-4,"Opra White Porcelain Soup Bowls, Set of 4",21229,Title,Default Title,"Soup Bowl, White, Porcelain, OPRA, Classic/Heritage, Minimalist, Scandinavian, Housewarming, Wedding, Hostess Gift, Everyday Use, Entertaining, Serving, Thanksgiving, Christmas, Wedding Season, The Sunday Table, Weekend Gatherings, The Dinner Party, 18.6 fl oz (550 mL) capacity; microwave-, oven-, and dishwasher-safe., cat:tabletop, cat:gifts, cat:new-arrivals, seg:first-dinner-party, seg:season-opener, seg:the-first-kitchen, seg:the-full-table"
white-marble-coaster-set-with-brass-trim-set-of-4,"White Marble Coaster Set with Brass Trim, Set of 4",21235,Title,Default Title,"Coaster, White, Marble, Brass, Organic Modern, Minimalist, Classic/Heritage, Housewarming, Wedding, Hostess Gift, Everyday Use, Entertaining, Bar & Barware, Christmas, Wedding Season, Cocktail Hour, The Well-Set Bar, Hostess Gifts, Natural white marble; brass trim; soft dry-cloth care, cat:tabletop, cat:gifts, cat:new-arrivals, seg:season-opener, seg:the-first-kitchen"
round-marble-and-brass-coasters-gold-lines-set-of-4,"Round Marble and Brass Coasters, Gold Lines, Set of 4",21236,Title,Default Title,"Coaster Set, Natural, White, Marble, Brass, Organic Modern, Minimalist, Classic/Heritage, Housewarming, Wedding, Hostess Gift, Everyday Use, Entertaining, Bar & Barware, Wedding Season, Cocktail Hour, The Well-Set Bar, Hostess Gifts, Natural marble with brass gold-line detail; set of 4., cat:tabletop, cat:gifts, cat:new-arrivals, seg:season-opener, seg:the-first-kitchen"
tiger-wood-aluminum-door-wedge,Tiger Wood & Aluminum Door Wedge,21238,Title,Default Title,"Door Stop, Brown, Gold, Wood, Aluminum, Organic Modern, Wabi-Sabi, Classic/Heritage, Housewarming, Hostess Gift, Self-Gift, Everyday Use, Décor & Styling, Gifting, Wedding Season, The Housewarming, The Overnight Guest, The Host's Touch, No-install wood wedge with aluminum tiger accent, cat:decor, cat:new-arrivals"
wask-gold-trim-cabinet-knobs-set-of-2,"Wask Gold Trim Cabinet Knobs, Set of 2",21249,Title,Default Title,"Cabinet Knob, Natural-Blanco, Metal, Organic Modern, Japandi, Classic/Heritage, Housewarming, Hostess Gift, Self-Gift, Décor & Styling, Gifting, Everyday Use, The Collected Home, The Host's Touch, Objects with Stories, Set of 2; metal construction; wipes clean with a soft, dry cloth, cat:decor, cat:gifts, cat:new-arrivals"
sky-blue-white-ceramic-cabinet-knobs-set-of-2,"Sky Blue & White Ceramic Cabinet Knobs, Set of 2",21272,Title,Default Title,"Cabinet Knob, Multicolor, Ceramic, Metal, Organic Modern, Classic/Heritage, Minimalist, Housewarming, Hostess Gift, Just Because, Décor & Styling, Gifting, Everyday Use, Wedding Season, The Housewarming, A Gift with a Story, The Collected Home, Ceramic faces with metal fittings; matched set of 2, cat:decor, cat:gifts, cat:new-arrivals, seg:first-dinner-party"
black-square-iron-wire-napkin-holder,Black Square Iron Wire Napkin Holder,21292,Title,Default Title,"Napkin Holder, Black, Alambre, Iron, ALUMINIO NEGRO, Minimalist, Bauhaus, Scandinavian, Housewarming, Hostess Gift, Thank-You, Everyday Use, Entertaining, Serving, Thanksgiving, Wedding Season, The Sunday Table, Weekend Gatherings, The Host's Touch, 100% iron wire; raised wire base helps keep paper napkins off the table surface, cat:tabletop, cat:new-arrivals"
black-iron-wire-napkin-holder,Black Iron Wire Napkin Holder,21293,Title,Default Title,"Napkin Holder, Black, Alambre, Iron, ALUMINIO NEGRO, Minimalist, Organic Modern, Housewarming, Hostess Gift, Thank-You, Entertaining, Serving, Gifting, Thanksgiving, Christmas, Wedding Season, Cocktail Hour, Open-Door Hospitality, The Host's Touch, Iron wire construction; raised ball feet; soft, dry cloth care, cat:tabletop, cat:new-arrivals"
black-two-stage-knife-sharpener,Black Two-Stage Knife Sharpener,21331,Title,Default Title,"Knife Sharpener, Black, Pp, TPR, Steel, Tungsteno, Ceramic, Minimalist, Organic Modern, Scandinavian, Housewarming, Hostess Gift, Self-Gift, Cooking & Baking, Everyday Use, Gifting, Christmas, Mother's Day, Father's Day, Cooking Together, The Host's Touch, Recipes Worth Passing Down, Tungsten steel coarse slot and ceramic fine slot; compact 3.9 in (10 cm) handheld size., cat:kitchen, cat:new-arrivals"
glass-sugar-dispenser-with-pour-spout-7-4-fl-oz,"Glass Sugar Dispenser with Pour Spout, 7.4 fl oz",21339,Title,Default Title,"Glass Sugar Dispenser, Clear, Glass, Plastic, Galvanizado, Classic/Heritage, Minimalist, Scandinavian, Housewarming, Hostess Gift, Thank-You, Coffee & Tea, Everyday Use, Serving, Christmas, Mother's Day, Wedding Season, The Coffee Ritual, The Tea Ritual, The Host's Touch, Glass jar with direct-pour lid; clear body shows when to refill., cat:tabletop, cat:new-arrivals, seg:weeknight-ceremony"
glass-sauce-pitcher-with-no-drip-lid-7-4-fl-oz,"Glass Sauce Pitcher with No-Drip Lid, 7.4 fl oz",21341,Title,Default Title,"Sauce Pitcher, Clear, Glass, Plastic, Silicone, Classic/Heritage, Minimalist, Organic Modern, Housewarming, Hostess Gift, Thank-You, Coffee & Tea, Serving, Entertaining, Mother's Day, Thanksgiving, Christmas, The Coffee Ritual, The Tea Ritual, Weekend Brunch, No-drip sliding-lever lid; clear glass body., cat:kitchen, cat:new-arrivals, seg:weeknight-ceremony"
stemmed-coffee-glasses-11-8-fl-oz-set-of-2,"Stemmed Coffee Glasses, 11.8 fl oz, Set of 2",21358,Title,Default Title,"Glass Coffee Mug, Clear, Glass, Classic/Heritage, Minimalist, Scandinavian, Housewarming, Hostess Gift, Thank-You, Everyday Use, Coffee & Tea, Gifting, Christmas, Wedding Season, The Coffee Ritual, Weekend Brunch, Hostess Gifts, Clear glass; footed shape; boxed set of 2, cat:tabletop, cat:gifts, cat:new-arrivals, seg:someone-in-mind, seg:weeknight-ceremony"
clear-acrylic-tall-shot-glass-2-fl-oz,"Clear Acrylic Tall Shot Glass, 2 fl oz",21488,Title,Default Title,"Shot Glass, Clear, Acrylic, Minimalist, Coastal, Organic Modern, Housewarming, Hostess Gift, Self-Gift, Cocktail Hour, Outdoor & Patio, Bar & Barware, Fourth of July, New Year, Wedding Season, Poolside, The Well-Set Bar, Break-resistant acrylic; top-rack dishwasher-safe, cat:outdoor, cat:new-arrivals, seg:season-opener"
straw-brush-set-of-2-with-edge-cleaner,Straw Brush Set of 2 with Edge Cleaner,21496,Title,Default Title,"Straw Cleaning Brush, Silver, Polypropylene, Stainless steel, Minimalist, Housewarming, Hostess Gift, Just Because, Everyday Use, Bar & Barware, Coffee & Tea, The Coffee Ritual, Cocktail Hour, The Well-Set Bar, Set of 2; slim design for straws, lid edges, and small crevices., cat:bar-glassware, cat:gifts, cat:new-arrivals, seg:first-dinner-party, seg:season-opener"
acacia-corn-skewers-set-of-6,"Acacia Corn Skewers, Set of 6",21514,Title,Default Title,"Corn Holder, Natural Wood, Wood, Stainless steel, BBQ, Organic Modern, Coastal, Minimalist, Housewarming, Hostess Gift, Just Because, Outdoor & Patio, Entertaining, Serving, Fourth of July, Father's Day, Outdoor Living, The Backyard BBQ, Summer Entertaining, Acacia wood handles with stainless steel tips; set of 6 for three ears of corn., cat:outdoor, cat:gifts, cat:new-arrivals, seg:someone-in-mind"
chelo-clear-glass-egg-cups-set-of-2,"Chelo Clear Glass Egg Cups, Set of 2",21536,Title,Default Title,"Egg Cup, Clear, Glass, CHELO, Classic/Heritage, Minimalist, Scandinavian, Housewarming, Hostess Gift, Self-Gift, Everyday Use, Serving, Gifting, Easter, Mother's Day, Slow Mornings, Breakfast in Bed, Weekend Brunch, Dishwasher-safe clear glass; does not absorb odors or flavors., cat:tabletop, cat:gifts, cat:new-arrivals"
gray-white-ceramic-cabinet-knobs-set-of-2,"Gray White Ceramic Cabinet Knobs, Set of 2",21649,Title,Default Title,"Cabinet Knob, Gray, White, Ceramic, Metal, Organic Modern, Wabi-Sabi, Classic/Heritage, Housewarming, Hostess Gift, Just Because, Décor & Styling, Gifting, Everyday Use, Wedding Season, The Host's Touch, The Collected Home, The Housewarming, Ceramic and metal construction; matched set of 2, cat:decor, cat:gifts, cat:new-arrivals, seg:first-dinner-party"
straight-artificial-eucalyptus-branch-37-4-in,"Straight Artificial Eucalyptus Branch, 37.4 in",21678,Title,Default Title,"Artificial Branch, Green, Polyester, Iron, Polietileno, EUCALIPTO, Organic Modern, Scandinavian, Minimalist, Housewarming, Hostess Gift, Just Because, Décor & Styling, Gifting, Everyday Use, Wedding Season, Flowers on the Table, The Collected Home, The Housewarming, Realistic appearance; no water, sunlight, or special care required; does not attract insects., cat:decor, cat:new-arrivals"
round-artificial-eucalyptus-branch-25-2-in,"Round Artificial Eucalyptus Branch, 25.2 in",21679,Title,Default Title,"Artificial Eucalyptus Branch, Green, Polietileno, Iron, EUCALIPTO, Organic Modern, Japandi, Minimalist, Housewarming, Hostess Gift, Just Because, Décor & Styling, Everyday Use, Gifting, Wedding Season, Flowers on the Table, The Collected Home, The Host's Touch, Realistic artificial eucalyptus; no watering or unwanted insects., cat:decor, cat:new-arrivals"
artificial-round-eucalyptus-branch-33-9-in,"Artificial Round Eucalyptus Branch, 33.9 in",21682,Title,Default Title,"Artificial Branch, Green, Polyester, Iron, Polietileno, EUCALIPTO, Organic Modern, Japandi, Minimalist, Housewarming, Hostess Gift, Just Because, Décor & Styling, Entertaining, Gifting, Mother's Day, Thanksgiving, Christmas, The Host's Touch, Flowers on the Table, The Housewarming, Realistic appearance; bendable stem; no water, sun, or special treatments., cat:decor, cat:new-arrivals"
white-artificial-flower-stem,White Artificial Flower Stem,21684,Title,Default Title,"Artificial Flower Stem, White, Polyester, Iron, Polietileno, Organic Modern, Scandinavian, Minimalist, Housewarming, Hostess Gift, Just Because, Décor & Styling, Entertaining, Gifting, Mother's Day, Wedding Season, Flowers on the Table, The Host's Touch, Everyday Beauty, Realistic appearance; requires no water or sunlight; does not attract insects., cat:decor, cat:new-arrivals"
white-dancing-orchid-artificial-flower-stem,White Dancing Orchid Artificial Flower Stem,21689,Title,Default Title,"Artificial Flower Stem, White, Polyester, Iron, Polietileno, ORQUIDEA, Organic Modern, Japandi, Minimalist, Housewarming, Hostess Gift, Just Because, Décor & Styling, Gifting, Entertaining, Mother's Day, Wedding Season, Flowers on the Table, The Host's Touch, The Collected Home, Realistic appearance; flexible, maintenance-free stem., cat:decor, cat:new-arrivals"
black-forged-aluminum-nonstick-cookware-set-8-piece,"Black Forged Aluminum Nonstick Cookware Set, 8-Piece",21784,Title,Default Title,"Cookware Set, Black, Aluminum, Baquelita, Viddrio, Silicone, ALUMINIO NEGRO, Minimalist, Organic Modern, Japandi, Housewarming, Wedding, Self-Gift, Everyday Use, Cooking & Baking, Gifting, Wedding Season, Graduation Season, Cooking Together, The Sunday Table, The Housewarming, Forged aluminum construction; black granite-look nonstick coating; glass lids for covered pots., cat:kitchen, cat:gifts, cat:new-arrivals, seg:first-dinner-party, seg:the-first-kitchen, seg:weeknight-ceremony"
black-double-wall-thermos-with-handle-23-7-fl-oz,"Black Double-Wall Thermos with Handle, 23.7 fl oz",21839,Title,Default Title,"Insulated Travel Mug, Black, Construccion, Doble, Pared, Polypropylene, Stainless steel, Minimalist, Organic Modern, Birthday, Thank-You, Corporate/Client, Everyday Use, Coffee & Tea, Gifting, Father's Day, Graduation Season, Christmas, The Coffee Ritual, The Tea Ritual, The Overnight Guest, BPA-free travel mug; double-wall insulation holds cold drinks up to 8 hours and hot drinks up to 4 hours., cat:outdoor, cat:new-arrivals, seg:weeknight-ceremony"
opra-white-porcelain-cups-with-saucers-6-8-fl-oz-set-of-4,"Opra White Porcelain Cups with Saucers, 6.8 fl oz, Set of 4",21858,Title,Default Title,"Cup and Saucer Set, White, Porcelain, OPRA, Classic/Heritage, Minimalist, Scandinavian, Housewarming, Hostess Gift, Thank-You, Everyday Use, Coffee & Tea, Entertaining, Mother's Day, Wedding Season, Christmas, The Coffee Ritual, The Tea Ritual, The Host's Touch, Microwave-, oven-, and dishwasher-safe porcelain; four matching cups with saucers, cat:tabletop, cat:gifts, cat:new-arrivals, seg:first-dinner-party"
opra-white-porcelain-coffee-mugs-9-1-oz-set-of-4,"Opra White Porcelain Coffee Mugs, 9.1 oz, Set of 4",21859,Title,Default Title,"Mug, White, Porcelain, OPRA, Classic/Heritage, Minimalist, Scandinavian, Housewarming, Wedding, Hostess Gift, Everyday Use, Coffee & Tea, Gifting, Mother's Day, Wedding Season, Christmas, The Coffee Ritual, The Tea Ritual, Slow Mornings, Hotel-grade porcelain; microwave-, oven-, and dishwasher-safe mugs., cat:tabletop, cat:gifts, cat:new-arrivals, seg:the-first-kitchen, seg:weeknight-ceremony"
square-matte-gold-iron-wire-napkin-holder,Square Matte Gold Iron Wire Napkin Holder,21936,Title,Default Title,"Napkin Holder, Gold, Alambre, Iron, ALUMINIO DORADO, Organic Modern, Minimalist, Bauhaus, Housewarming, Hostess Gift, Thank-You, Everyday Use, Entertaining, Serving, Thanksgiving, Christmas, Wedding Season, The Sunday Table, Weekend Gatherings, The Host's Touch, 100% iron wire; matte gold finish; open-frame storage for paper napkins, cat:tabletop, cat:new-arrivals"
matte-gold-metal-napkin-holder-for-table,Matte Gold Metal Napkin Holder for Table,21937,Title,Default Title,"Napkin Holder, Gold, Alambre, Iron, ALUMINIO DORADO, Classic/Heritage, Minimalist, Organic Modern, Housewarming, Hostess Gift, Thank-You, Everyday Use, Entertaining, Serving, Thanksgiving, Christmas, New Year, Cocktail Hour, Weekend Gatherings, Open-Door Hospitality, 100% iron wire; compact freestanding design; wipe clean with a soft, dry cloth, cat:tabletop, cat:new-arrivals, seg:season-opener"
gray-silicone-ice-cube-tray,Gray Silicone Ice Cube Tray,21958,Title,Default Title,"Silicone Ice Cube Tray, Gray, Silicone, Minimalist, Organic Modern, Japandi, Housewarming, Hostess Gift, Self-Gift, Bar & Barware, Cocktail Hour, Everyday Use, New Year, Wedding Season, The Nightcap, The Well-Set Bar, Flexible silicone; compact four-cavity format, cat:bar-glassware, cat:new-arrivals, seg:season-opener"
silicone-and-rubberwood-rolling-pin-8-9-in-22-5-cm,"Silicone and Rubberwood Rolling Pin, 8.9 in (22.5 cm)",21962,Title,Default Title,"Rolling Pin, Gray, Silicone, Pvc, Polypropylene, Wood, Caucho, Organic Modern, Scandinavian, Minimalist, Housewarming, Wedding, Self-Gift, Cooking & Baking, Everyday Use, Gifting, Thanksgiving, Christmas, Wedding Season, Cooking Together, The Sunday Table, Recipes Worth Passing Down, Stick-resistant silicone surface; compact 8.9 in (22.5 cm) length, cat:kitchen, cat:new-arrivals"
textured-stainless-steel-muddler,Textured Stainless Steel Muddler,21964,Title,Default Title,"Cocktail Muddler, Silver, Polypropylene, Stainless steel, Minimalist, Organic Modern, Mid-Century, Housewarming, Hostess Gift, Self-Gift, Cocktail Hour, Bar & Barware, Entertaining, New Year, Father's Day, Wedding Season, The Well-Set Bar, Hostess Gifts, Stainless steel handle; textured polypropylene head; soft grip; hand-wash care., cat:bar-glassware, cat:new-arrivals, seg:season-opener"
aluminum-ice-scoop,Aluminum Ice Scoop,21969,Title,Default Title,"Ice Scoop, Silver, Aleacion, Aluminum, Minimalist, Organic Modern, Housewarming, Hostess Gift, Self-Gift, Bar & Barware, Entertaining, Gifting, New Year, Father's Day, Christmas, Cocktail Hour, The Well-Set Bar, Hostess Gifts, Lightweight aluminum alloy; compact 7.3 in (18.5 cm) length, cat:bar-glassware, cat:new-arrivals, seg:season-opener"
silver-stainless-steel-cylindrical-cutlery-holder,Silver Stainless Steel Cylindrical Cutlery Holder,21973,Title,Default Title,"Cutlery Holder, Silver, Stainless steel, Minimalist, Scandinavian, Housewarming, Hostess Gift, Self-Gift, Everyday Use, Cooking & Baking, Serving, Wedding Season, Cooking Together, Open-Door Hospitality, The Host's Touch, Stainless steel; perforated body for airflow, cat:kitchen, cat:new-arrivals"
ovni-crystal-wine-glasses-16-9-fl-oz-set-of-2,"Ovni Crystal Wine Glasses, 16.9 fl oz, Set of 2",21997,Title,Default Title,"Wine Glasses, Clear, Cristal, OVNI, Minimalist, Scandinavian, Organic Modern, Housewarming, Wedding, Hostess Gift, Bar & Barware, Entertaining, Dinner Party, Wedding Season, Christmas, New Year, Wine Night, The Dinner Party, The Well-Set Bar, 100% crystal; tall stemmed 16.9 fl oz (500 mL) goblets, cat:bar-glassware, cat:gifts, cat:new-arrivals, seg:first-dinner-party, seg:season-opener, seg:the-full-table"
klassik-white-porcelain-salad-plates-set-of-4,"Klassik White Porcelain Salad Plates, Set of 4",22104,Title,Default Title,"Salad Plate, White, Porcelain, KLASSIK, Classic/Heritage, Minimalist, Scandinavian, Housewarming, Wedding, Hostess Gift, Everyday Use, Entertaining, Serving, Wedding Season, Thanksgiving, Christmas, The Sunday Table, The Dinner Party, Everyday Celebrations, Porcelain; microwave- and dishwasher-safe; set of 4, cat:tabletop, cat:gifts, cat:new-arrivals, seg:first-dinner-party, seg:the-full-table"
klassik-white-porcelain-set-of-4-dinner-plates,Klassik White Porcelain Set of 4 Dinner Plates,22105,Title,Default Title,"Dinner Plate, White, Porcelain, KLASSIK, Minimalist, Classic/Heritage, Scandinavian, Housewarming, Wedding, Hostess Gift, Everyday Use, Entertaining, Dinner Party, Thanksgiving, Christmas, Wedding Season, The Sunday Table, Weekend Gatherings, The Dinner Party, Microwave-safe; dishwasher-safe, cat:tabletop, cat:gifts, cat:new-arrivals, seg:first-dinner-party"
klassik-white-porcelain-cup-saucer-set-8-pieces,"Klassik White Porcelain Cup & Saucer Set, 8 Pieces",22108,Title,Default Title,"Cup and Saucer Set, White, Porcelain, KLASSIK, Classic/Heritage, Minimalist, Scandinavian, Housewarming, Wedding, Hostess Gift, Coffee & Tea, Entertaining, Gifting, Mother's Day, Wedding Season, Christmas, The Coffee Ritual, The Tea Ritual, Weekend Brunch, Porcelain; dishwasher-safe; microwave-safe, cat:tabletop, cat:gifts, cat:new-arrivals"
klassik-porcelain-espresso-cup-and-saucer-set-8-piece,"Klassik Porcelain Espresso Cup and Saucer Set, 8-Piece",22109,Title,Default Title,"Espresso Cup & Saucer Set, White, Porcelain, KLASSIK, Classic/Heritage, Minimalist, Scandinavian, Housewarming, Wedding, Hostess Gift, Everyday Use, Coffee & Tea, Gifting, Christmas, Mother's Day, Wedding Season, The Coffee Ritual, The Dinner Party, Hostess Gifts, Porcelain; microwave- and dishwasher-safe, cat:tabletop, cat:gifts, cat:new-arrivals, seg:the-first-kitchen, seg:weeknight-ceremony"
matte-black-porcelain-bowls-set-of-4-20-3-fl-oz,"Matte Black Porcelain Bowls Set of 4, 20.3 fl oz",22111,Title,Default Title,"Bowl, Black, Porcelain, NEGRO MATE, Organic Modern, Japandi, Minimalist, Housewarming, Wedding, Hostess Gift, Everyday Use, Entertaining, Serving, Thanksgiving, Christmas, Wedding Season, The Sunday Table, Weekend Gatherings, Everyday Celebrations, Microwave- and dishwasher-safe porcelain., cat:tabletop, cat:gifts, cat:new-arrivals, seg:season-opener, seg:the-first-kitchen, seg:the-full-table"
matte-black-porcelain-salad-plates-set-of-4,Matte Black Porcelain Salad Plates Set of 4,22112,Title,Default Title,"Salad Plate, Black, Porcelain, NEGRO MATE, Minimalist, Organic Modern, Japandi, Housewarming, Wedding, Hostess Gift, Everyday Use, Entertaining, Serving, Wedding Season, The Sunday Table, The Dinner Party, Everyday Celebrations, Porcelain; microwave- and dishwasher-safe, cat:tabletop, cat:gifts, cat:new-arrivals"
matte-black-porcelain-dinner-plates-10-2-in-26-cm-set-of-4,"Matte Black Porcelain Dinner Plates, 10.2 in (26 cm), Set of 4",22113,Title,Default Title,"Dinner Plate, Black, Porcelain, NEGRO MATE, Organic Modern, Japandi, Minimalist, Housewarming, Wedding, Hostess Gift, Everyday Use, Entertaining, Dinner Party, Thanksgiving, Christmas, Wedding Season, The Sunday Table, The Dinner Party, The Art of the Table, Microwave- and dishwasher-safe porcelain with a matte black finish., cat:tabletop, cat:gifts, cat:new-arrivals, seg:the-full-table"
matte-black-porcelain-cup-saucer-set-8-piece,"Matte Black Porcelain Cup & Saucer Set, 8-Piece",22114,Title,Default Title,"Cup & Saucer Set, Black, Porcelain, NEGRO MATE, Minimalist, Japandi, Organic Modern, Housewarming, Wedding, Hostess Gift, Coffee & Tea, Entertaining, Gifting, Mother's Day, Wedding Season, Christmas, The Coffee Ritual, The Tea Ritual, The Host's Touch, Microwave- and dishwasher-safe porcelain., cat:tabletop, cat:gifts, cat:new-arrivals"
pietra-10-in-porcelain-dinner-plate-set-of-4,Pietra 10 in Porcelain Dinner Plate Set of 4,22119,Title,Default Title,"Dinner Plate, Multicolor, Porcelain, PIETRA, Organic Modern, Wabi-Sabi, Minimalist, Housewarming, Wedding, Hostess Gift, Everyday Use, Entertaining, Dinner Party, Thanksgiving, Christmas, Wedding Season, The Sunday Table, The Dinner Party, Everyday Celebrations, Dishwasher-safe; microwave-safe, cat:tabletop, cat:gifts, cat:new-arrivals, seg:first-dinner-party"
pietra-porcelain-soup-bowls-set-of-4,"Pietra Porcelain Soup Bowls, Set of 4",22120,Title,Default Title,"Soup Bowl, Multicolor, Porcelain, PIETRA, Organic Modern, Wabi-Sabi, Japandi, Housewarming, Wedding, Hostess Gift, Everyday Use, Entertaining, Serving, Thanksgiving, Christmas, Wedding Season, Slow Evenings, The Sunday Table, The Dinner Party, Microwave- and dishwasher-safe porcelain; generous 24.5 fl oz (725 mL) capacity., cat:tabletop, cat:gifts, cat:new-arrivals, seg:first-dinner-party, seg:the-full-table"
pietra-porcelain-salad-plates-7-9-in-set-of-4,"Pietra Porcelain Salad Plates, 7.9 in, Set of 4",22121,Title,Default Title,"Salad Plate, Multicolor, Porcelain, PIETRA, Organic Modern, Wabi-Sabi, Minimalist, Housewarming, Wedding, Hostess Gift, Everyday Use, Entertaining, Serving, Thanksgiving, Christmas, Wedding Season, The Sunday Table, The Dinner Party, The Art of the Table, Microwave- and dishwasher-safe porcelain; set of 4, cat:tabletop, cat:gifts, cat:new-arrivals, seg:the-full-table"
pietra-porcelain-cup-and-saucer-set-11-8-fl-oz-8-pieces,"Pietra Porcelain Cup and Saucer Set, 11.8 fl oz, 8 Pieces",22122,Title,Default Title,"Cup and Saucer Set, Brown, Porcelain, PIETRA, Organic Modern, Japandi, Minimalist, Housewarming, Wedding, Hostess Gift, Everyday Use, Coffee & Tea, Entertaining, Wedding Season, The Coffee Ritual, The Tea Ritual, Weekend Brunch, Porcelain; microwave- and dishwasher-safe., cat:tabletop, cat:gifts, cat:new-arrivals, seg:the-first-kitchen"
holiday-wine-glass-charms-set-of-6,"Holiday Wine Glass Charms, Set of 6",22214,Title,Default Title,"Wine Glass Charms, Multicolor, Aleacion, Stainless steel, NOCHE BUENA SNOW, Classic/Heritage, Scandinavian, Hostess Gift, Holiday Gift, Housewarming, Entertaining, Bar & Barware, Gifting, Christmas, New Year, Holiday Traditions, Cocktail Hour, The Well-Set Bar, Stainless steel alloy; reusable drink identification, cat:bar-glassware, cat:gifts, cat:new-arrivals, seg:season-opener"
bamboo-slotted-spoon-with-stainless-steel-handle,Bamboo Slotted Spoon with Stainless Steel Handle,22257,Title,Default Title,"Slotted Spoon, Black, Wood, Aceoro, Inoxidable, Organic Modern, Japandi, Minimalist, Housewarming, Hostess Gift, Self-Gift, Everyday Use, Serving, Cooking & Baking, Wedding Season, Cooking Together, Weekend Gatherings, Hostess Gifts, Bamboo head with stainless steel handle; hand-wash care helps preserve the wood., cat:kitchen, cat:new-arrivals"
bamboo-and-stainless-steel-pasta-ladle,Bamboo and Stainless Steel Pasta Ladle,22259,Title,Default Title,"Pasta Ladle, Black, Wood, Aceoro, Inoxidable, Organic Modern, Japandi, Minimalist, Housewarming, Hostess Gift, Self-Gift, Cooking & Baking, Serving, Gifting, Wedding Season, Cooking Together, The Sunday Table, Hostess Gifts, Bamboo head with stainless steel handle; 14.2 in (36 cm) reach, cat:kitchen, cat:new-arrivals"
riviera-natural-round-corn-husk-placemat,Riviera Natural Round Corn Husk Placemat,22299,Title,Default Title,"Placemat, Natural, Hoja, Maiz, Organic Modern, Coastal, Wabi-Sabi, Housewarming, Wedding, Hostess Gift, Everyday Use, Entertaining, Dinner Party, Thanksgiving, Wedding Season, Christmas, The Sunday Table, Weekend Gatherings, The Art of the Table, Woven 100% corn husk; wipe clean with a soft cloth., cat:tabletop, cat:new-arrivals, seg:the-first-kitchen"
stainless-steel-hand-grater-with-black-grip,Stainless Steel Hand Grater with Black Grip,22327,Title,Default Title,"Hand Grater, Black, TPR, Polypropylene, Stainless steel, Minimalist, Organic Modern, Housewarming, Hostess Gift, Self-Gift, Everyday Use, Cooking & Baking, Gifting, Mother's Day, Father's Day, Wedding Season, Cooking Together, Cocktail Hour, The Dinner Party, Dishwasher-safe; stainless steel cutting surface; cushioned TPR and polypropylene handle, cat:kitchen, cat:new-arrivals"
cotton-canvas-bbq-apron,Cotton Canvas BBQ Apron,22391,Title,Default Title,"BBQ Apron, Canvas, Cotton, Organic Modern, Scandinavian, Minimalist, Housewarming, Hostess Gift, Self-Gift, Everyday Use, Outdoor & Patio, Cooking & Baking, Father's Day, Fourth of July, Mother's Day, The Backyard BBQ, Cooking Together, Open-Door Hospitality, 100% cotton; washable at 104°F (40°C), cat:kitchen, cat:new-arrivals"
corales-small-melamine-bowl-6-8-fl-oz-200-ml,"Corales Small Melamine Bowl, 6.8 fl oz (200 mL)",22822,Title,Default Title,"Small Bowl, Multicolor, Melamine, CORALES, Organic Modern, Coastal, Minimalist, Housewarming, Hostess Gift, Just Because, Everyday Use, Outdoor & Patio, Serving, Fourth of July, Outdoor Living, The Backyard BBQ, The Host's Touch, Dishwasher-safe; 100% melamine, cat:outdoor, cat:new-arrivals"
gray-silicone-safari-animal-mold,Gray Silicone Safari Animal Mold,22887,Title,Default Title,"Silicone Mold, Gray, Silicone, Minimalist, Scandinavian, Organic Modern, Birthday, Just Because, Self-Gift, Cooking & Baking, Gifting, Everyday Use, Christmas, Cooking Together, Birthdays, Everyday Celebrations, Dishwasher-safe; heat-resistant silicone, cat:kitchen, cat:new-arrivals"
gray-silicone-sink-mat-splash-guard,Gray Silicone Sink Mat Splash Guard,22888,Title,Default Title,"Sink Mat, Gray, Silicone, Minimalist, Scandinavian, Organic Modern, Housewarming, Hostess Gift, Just Because, Everyday Use, Entertaining, Gifting, Cooking Together, Weekend Gatherings, Open-Door Hospitality, Silicone; perforated drainage, cat:kitchen, cat:new-arrivals"
silver-hawthorne-cocktail-strainer,Silver Hawthorne Cocktail Strainer,22892,Title,Default Title,"Cocktail Strainer, Silver, Stainless steel, Minimalist, Bauhaus, Classic/Heritage, Housewarming, Hostess Gift, Self-Gift, Bar & Barware, Cocktail Hour, Entertaining, New Year, Wedding Season, The Nightcap, The Well-Set Bar, Stainless steel; coiled Hawthorne design., cat:bar-glassware, cat:new-arrivals, seg:season-opener"
silver-wine-bottle-stopper-set-of-6,Silver Wine Bottle Stopper Set of 6,22895,Title,Default Title,"Wine Bottle Stopper, Silver, Aleacion, Zinc, Plastic, Caucho, Termoplástico, Stainless steel, Minimalist, Bauhaus, Organic Modern, Housewarming, Hostess Gift, Thank-You, Bar & Barware, Entertaining, Gifting, Thanksgiving, Christmas, Wedding Season, Wine Night, The Dinner Party, The Well-Set Bar, Set of 6; thermoplastic rubber seals; stainless steel accents, cat:bar-glassware, cat:gifts, cat:new-arrivals, seg:first-dinner-party, seg:someone-in-mind, seg:the-full-table"
heart-shaped-carbon-steel-nonstick-egg-pan,Heart Shaped Carbon Steel Nonstick Egg Pan,22898,Title,Default Title,"Mini Frying Pan, Gray, Steel, Al, Carbono, Baquelita, Minimalist, Classic/Heritage, Housewarming, Hostess Gift, Just Because, Everyday Use, Cooking & Baking, Gifting, Valentine's Day, Mother's Day, Slow Mornings, Breakfast in Bed, Teflon nonstick coating; carbon steel pan with Bakelite handle, cat:kitchen, cat:new-arrivals, seg:weeknight-ceremony"
gold-tissue-paper-sheets-250-pack-for-gift-wrapping,"Gold Tissue Paper Sheets, 250-Pack for Gift Wrapping",22983,Title,Default Title,"Tissue Paper, Gold, Minimalist, Classic/Heritage, Organic Modern, Housewarming, Hostess Gift, Thank-You, Gifting, Entertaining, Special Occasion, Christmas, New Year, Wedding Season, Hostess Gifts, The Thoughtful Thank-You, A Gift with a Story, 250-sheet pack; full-size gold sheets for gift wrapping and retail packaging, cat:gifts, cat:new-arrivals"
clear-acrylic-salt-shaker-with-stainless-steel-detail,Clear Acrylic Salt Shaker with Stainless Steel Detail,22985,Title,Default Title,"Salt Shaker, Clear, Acrylic, Abs, Stainless steel, Minimalist, Bauhaus, Scandinavian, Housewarming, Hostess Gift, Self-Gift, Everyday Use, Entertaining, Serving, Thanksgiving, Christmas, Wedding Season, The Sunday Table, The Host's Touch, Everyday Celebrations, Clear acrylic body; refillable 1.8 oz (50 g) salt capacity, cat:tabletop, cat:new-arrivals"
small-oval-stainless-steel-grater-with-rubber-handle,Small Oval Stainless Steel Grater with Rubber Handle,23054,Title,Default Title,"Hand Grater, Black, Caucho, Stainless steel, Minimalist, Scandinavian, Housewarming, Hostess Gift, Self-Gift, Cooking & Baking, Serving, Gifting, Thanksgiving, Wedding Season, Cooking Together, The Dinner Party, The Host's Touch, Stainless steel curved blade; rubber handle and base for controlled grip., cat:kitchen, cat:new-arrivals, seg:first-dinner-party"
large-oval-stainless-steel-grater-with-rubber-handle,Large Oval Stainless Steel Grater with Rubber Handle,23055,Title,Default Title,"Grater, Black, Caucho, Stainless steel, Minimalist, Classic/Heritage, Housewarming, Hostess Gift, Thank-You, Everyday Use, Entertaining, Cooking & Baking, Thanksgiving, Christmas, Cooking Together, The Dinner Party, The Host's Touch, Stainless steel body; black rubber handle; curved blade, cat:kitchen, cat:new-arrivals, seg:first-dinner-party"
k-monogram-porcelain-coffee-mug,K Monogram Porcelain Coffee Mug,23087,Title,Default Title,"Coffee Mug, White, Porcelain, New Bone China, MUG LETRAS BLANCO, Classic/Heritage, Minimalist, Housewarming, Hostess Gift, Just Because, Coffee & Tea, Everyday Use, Gifting, Christmas, Graduation Season, Wedding Season, The Coffee Ritual, The Tea Ritual, The Overnight Guest, Microwave-safe; 100% new bone china porcelain, cat:tabletop, cat:new-arrivals"
porcelain-letter-mug-w,"Porcelain Letter Mug, W",23088,Title,Default Title,"Mug, White, Porcelain, New Bone China, MUG LETRAS BLANCO, Classic/Heritage, Minimalist, Scandinavian, Housewarming, Birthday, Just Because, Everyday Use, Coffee & Tea, Gifting, Christmas, The Coffee Ritual, The Tea Ritual, The Host's Touch, Microwave-safe; 100% new bone china., cat:tabletop, cat:new-arrivals"
purple-hydrangea-paper-napkins-set-of-20,"Purple Hydrangea Paper Napkins, Set of 20",23141,Title,Default Title,"Paper Napkins, Green, Papel, Organic Modern, Coastal, Classic/Heritage, Housewarming, Thank-You, Hostess Gift, Everyday Use, Entertaining, Serving, Easter, Mother's Day, Wedding Season, Weekend Brunch, Garden Parties, Hostess Gifts, Set of 20 paper napkins; 13.0 x 13.0 in (33 x 33 cm) open; disposable paper for easy cleanup, cat:tabletop, cat:gifts, cat:new-arrivals"
magnolia-flower-paper-napkins-set-of-20,"Magnolia Flower Paper Napkins, Set of 20",23142,Title,Default Title,"Paper Napkins, White, Papel, Organic Modern, Coastal, Classic/Heritage, Housewarming, Hostess Gift, Thank-You, Entertaining, Serving, Gifting, Easter, Mother's Day, Wedding Season, Weekend Brunch, Garden Parties, The Host's Touch, Set of 20; disposable paper construction, cat:tabletop, cat:gifts, cat:new-arrivals"
milan-gold-pvc-dining-table-placemat,Milan Gold PVC Dining Table Placemat,23172,Title,Default Title,"Placemat, Gold, Pvc, MILAN, Organic Modern, Classic/Heritage, Minimalist, Housewarming, Hostess Gift, Holiday Gift, Everyday Use, Entertaining, Dinner Party, Christmas, New Year, Thanksgiving, The Dinner Party, Holiday Traditions, The Art of the Table, 100% PVC; wipe-clean surface, cat:tabletop, cat:new-arrivals, seg:the-full-table"
iron-wire-plate-rack-in-chrome-silver,Iron Wire Plate Rack in Chrome Silver,23197,Title,Default Title,"Plate Rack, Silver, Alambre, Iron, ALUMINIO PLATEADO, Minimalist, Classic/Heritage, Organic Modern, Housewarming, Wedding, Hostess Gift, Everyday Use, Entertaining, Décor & Styling, Wedding Season, The Art of the Table, The Host's Touch, The Housewarming, 100% iron wire construction; chrome silver finish; protects porcelain while keeping it on display, cat:kitchen, cat:new-arrivals"
black-copper-nonstick-saucepan-with-lid,Black Copper Nonstick Saucepan with Lid,23200,Title,Default Title,"Saucepan, Black, Aluminum, Glass, Stainless steel, MANGO COPPER, Minimalist, Bauhaus, Organic Modern, Housewarming, Wedding, Self-Gift, Everyday Use, Cooking & Baking, Gifting, Wedding Season, Graduation Season, Cooking Together, Slow Evenings, The Host's Touch, Abrasion-resistant nonstick; quick, even-heating aluminum body, cat:kitchen, cat:new-arrivals, seg:the-first-kitchen, seg:weeknight-ceremony"
gray-silicone-air-fryer-basket-7-in,"Gray Silicone Air Fryer Basket, 7 in",23233,Title,Default Title,"Air Fryer Basket, Gray, Silicone, Minimalist, Organic Modern, Scandinavian, Housewarming, Hostess Gift, Just Because, Everyday Use, Cooking & Baking, Gifting, Christmas, Father's Day, Graduation Season, Cooking Together, Game Day, Open-Door Hospitality, Reusable silicone construction; ribbed base and side handles., cat:kitchen, cat:new-arrivals"
ambiente-large-paper-bag-15-7-x-12-6-in-40-x-32-cm,"Ambiente Large Paper Bag, 15.7 x 12.6 in (40 x 32 cm)",23304,Title,Default Title,"Gift Bag, Neutral, Minimalist, Organic Modern, Housewarming, Thank-You, Hostess Gift, Gifting, Entertaining, Special Occasion, Christmas, Wedding Season, Hostess Gifts, The Housewarming, The Thoughtful Thank-You, Large paper format; crisp paper construction, cat:gifts, cat:new-arrivals"
ambiente-large-paper-bag,Ambiente Large Paper Bag,23305,Title,Default Title,"Paper Shopping Bag, Neutral, Minimalist, Classic/Heritage, Organic Modern, Housewarming, Thank-You, Hostess Gift, Gifting, Entertaining, Décor & Styling, Christmas, Graduation Season, Wedding Season, Hostess Gifts, The Housewarming, A Gift with a Story, Paper construction; generous 17.7 x 15.7 in (45 x 40 cm) format, cat:gifts, cat:new-arrivals"
ambiente-gift-wrap-paper-250-flat-sheets,"Ambiente Gift Wrap Paper, 250 Flat Sheets",23417,Title,Default Title,"Gift Wrap Paper, Neutral, Minimalist, Classic/Heritage, Organic Modern, Thank-You, Hostess Gift, Corporate/Client, Gifting, Everyday Use, Entertaining, Christmas, Wedding Season, Graduation Season, The Host's Touch, Hostess Gifts, A Gift with a Story, 250-count pack; pre-cut flat sheets, cat:gifts, cat:new-arrivals"
white-gift-enclosure-cards-3-9-in-x-2-4-in-10-x-6-cm,"White Gift Enclosure Cards, 3.9 in x 2.4 in (10 x 6 cm)",23419,Title,Default Title,"Gift Enclosure Card, White, Minimalist, Classic/Heritage, Housewarming, Wedding, Thank-You, Gifting, Entertaining, Dinner Party, Christmas, Wedding Season, The Host's Touch, A Gift with a Story, The Art of the Table, Blank white surface for legible handwriting; compact format for gifts and assigned seating., cat:gifts, cat:new-arrivals"
kraft-protocol-enclosure-cards-in-paper-bag,Kraft Protocol Enclosure Cards in Paper Bag,23420,Title,Default Title,"Packaging Insert Card, Kraft Brown, Organic Modern, Minimalist, Scandinavian, Thank-You, Hostess Gift, Corporate/Client, Gifting, Entertaining, Décor & Styling, The Host's Touch, Hostess Gifts, A Gift with a Story, Compact 3.9 x 2.4 in (10 x 6 cm) format; kraft paper bag for organized packaging, cat:gifts, cat:new-arrivals"
kioto-white-porcelain-cup-and-saucer-set-8-pieces,"Kioto White Porcelain Cup and Saucer Set, 8 Pieces",23421,Title,Default Title,"Cup and Saucer Set, White, Porcelain, KIOTO, Minimalist, Japandi, Scandinavian, Housewarming, Wedding, Hostess Gift, Coffee & Tea, Entertaining, Gifting, Wedding Season, Mother's Day, Christmas, The Coffee Ritual, The Tea Ritual, The Host's Touch, White porcelain; four matched cup-and-saucer pairs; 8.5 fl oz (250 mL) capacity per cup., cat:tabletop, cat:gifts, cat:new-arrivals, seg:weeknight-ceremony"
kioto-white-porcelain-bowls-set-of-2-6-7-in,"Kioto White Porcelain Bowls Set of 2, 6.7 in",23422,Title,Default Title,"Bowl, White, Porcelain, KIOTO, Japandi, Minimalist, Scandinavian, Housewarming, Wedding, Hostess Gift, Everyday Use, Serving, Gifting, Wedding Season, Slow Mornings, The Sunday Table, Open-Door Hospitality, Porcelain construction; 30.4 fl oz (900 mL) capacity per bowl, cat:tabletop, cat:gifts, cat:new-arrivals, seg:the-first-kitchen"
white-porcelain-small-plates-set-of-4,"White Porcelain Small Plates, Set of 4",23423,Title,Default Title,"Small Plate, White, Porcelain, KIOTO, Organic Modern, Japandi, Minimalist, Housewarming, Wedding, Hostess Gift, Everyday Use, Entertaining, Serving, Wedding Season, Thanksgiving, Christmas, The Dinner Party, The Host's Touch, Everyday Celebrations, Porcelain construction; softly irregular rim, cat:tabletop, cat:gifts, cat:new-arrivals, seg:first-dinner-party, seg:the-first-kitchen, seg:the-full-table"
kioto-white-porcelain-salad-plates-set-of-4,"Kioto White Porcelain Salad Plates, Set of 4",23424,Title,Default Title,"Salad Plate, White, Porcelain, KIOTO, Japandi, Minimalist, Scandinavian, Housewarming, Wedding, Hostess Gift, Everyday Use, Entertaining, Serving, Wedding Season, Thanksgiving, The Sunday Table, Weekend Gatherings, The Art of the Table, Porcelain; set of 4, cat:tabletop, cat:gifts, cat:new-arrivals, seg:season-opener, seg:the-first-kitchen"
kioto-porcelain-dinner-plates-set-of-2-10-5-in-26-6-cm,"Kioto Porcelain Dinner Plates, Set of 2, 10.5 in (26.6 cm)",23425,Title,Default Title,"Dinner Plate, White, Porcelain, KIOTO, Minimalist, Japandi, Scandinavian, Housewarming, Wedding, Hostess Gift, Everyday Use, Dinner Party, Serving, Thanksgiving, Wedding Season, The Sunday Table, The Dinner Party, Everyday Celebrations, White porcelain; set of 2 for two complete place settings, cat:tabletop, cat:gifts, cat:new-arrivals"
arena-collection-porcelain-soup-bowls-set-of-4,"Arena Collection Porcelain Soup Bowls, Set of 4",23426,Title,Default Title,"Soup Bowl, Multicolor, Porcelain, ARENA, Organic Modern, Coastal, Minimalist, Housewarming, Wedding, Hostess Gift, Everyday Use, Entertaining, Serving, Thanksgiving, Christmas, Wedding Season, Slow Evenings, The Sunday Table, The Housewarming, Porcelain; 20.3 fl oz (600 mL) capacity per bowl, cat:tabletop, cat:gifts, cat:new-arrivals, seg:the-first-kitchen"
arena-porcelain-salad-plates-8-in-20-2-cm-set-of-4,"Arena Porcelain Salad Plates, 8 in (20.2 cm), Set of 4",23427,Title,Default Title,"Salad Plate, Multicolor, Porcelain, ARENA, Organic Modern, Wabi-Sabi, Minimalist, Housewarming, Wedding, Hostess Gift, Everyday Use, Entertaining, Serving, Wedding Season, Thanksgiving, The Dinner Party, Weekend Brunch, The Host's Touch, Porcelain; Set of 4, cat:tabletop, cat:gifts, cat:new-arrivals, seg:first-dinner-party"
arena-porcelain-dinner-plates-10-5-in-set-of-4,"Arena Porcelain Dinner Plates, 10.5 in, Set of 4",23428,Title,Default Title,"Dinner Plate, Multicolor, Porcelain, ARENA, Organic Modern, Wabi-Sabi, Minimalist, Housewarming, Wedding, Hostess Gift, Everyday Use, Entertaining, Dinner Party, Wedding Season, Thanksgiving, Christmas, The Sunday Table, The Dinner Party, Everyday Celebrations, Porcelain construction; coordinated set of 4, cat:tabletop, cat:gifts, cat:new-arrivals, seg:the-first-kitchen"
porcelain-cup-and-saucer-set-arena-collection-8-piece,"Porcelain Cup and Saucer Set, Arena Collection, 8-Piece",23429,Title,Default Title,"Cup & Saucer Set, Multicolor, Porcelain, ARENA, Organic Modern, Minimalist, Coastal, Housewarming, Hostess Gift, Wedding, Coffee & Tea, Entertaining, Gifting, Mother's Day, Wedding Season, Christmas, The Coffee Ritual, The Tea Ritual, Weekend Brunch, Porcelain; four cups with four matching saucers; 8.5 fl oz (250 mL) capacity., cat:tabletop, cat:gifts, cat:new-arrivals"
matte-black-porcelain-charger-plate-12-inch,"Matte Black Porcelain Charger Plate, 12 Inch",23430,Title,Default Title,"Charger Plate, Black, Porcelain, NEGRO MATE, Minimalist, Organic Modern, Japandi, Housewarming, Wedding, Hostess Gift, Entertaining, Dinner Party, Décor & Styling, Thanksgiving, Christmas, New Year, The Dinner Party, Candlelit Dinners, The Art of the Table, Porcelain construction; matte black finish, cat:tabletop, cat:new-arrivals, seg:the-first-kitchen, seg:the-full-table"
kioto-white-porcelain-small-bowl-11-8-fl-oz,"Kioto White Porcelain Small Bowl, 11.8 fl oz",23432,Title,Default Title,"Bowl, White, Porcelain, KIOTO, Japandi, Minimalist, Organic Modern, Housewarming, Hostess Gift, Thank-You, Everyday Use, Serving, Gifting, Wedding Season, The Tea Ritual, The Sunday Table, The Host's Touch, Porcelain construction; 11.8 fl oz (350 mL) capacity., cat:tabletop, cat:new-arrivals"
matte-black-porcelain-ramekin,Matte Black Porcelain Ramekin,23433,Title,Default Title,"Ramekin, Black, Porcelain, NEGRO MATE, Minimalist, Japandi, Organic Modern, Housewarming, Hostess Gift, Self-Gift, Everyday Use, Entertaining, Serving, Thanksgiving, Christmas, Wedding Season, Cooking Together, The Dinner Party, The Host's Touch, Microwave-safe porcelain; dishwasher-safe cleanup, cat:tabletop, cat:new-arrivals, seg:first-dinner-party, seg:the-full-table"
ceramic-butter-dish-with-acacia-lid-and-spreading-knife,Ceramic Butter Dish with Acacia Lid and Spreading Knife,23514,Title,Default Title,"Butter Dish, Multicolor, Ceramic, Acacia, Stainless steel, Organic Modern, Japandi, Minimalist, Housewarming, Hostess Gift, Thank-You, Everyday Use, Serving, Gifting, Mother's Day, Wedding Season, Slow Mornings, The Tea Ritual, The Host's Touch, Acacia lid with included stainless steel spreading knife; compact 3.4 fl oz (100 mL) ceramic container., cat:tabletop, cat:gifts, cat:new-arrivals, seg:weeknight-ceremony"
marble-and-acacia-cheese-board-11-9-x-5-9-in-30-2-x-15-cm,"Marble and Acacia Cheese Board, 11.9 x 5.9 in (30.2 x 15 cm)",23516,Title,Default Title,"Cheese Board, Natural Wood, Wood, Marble, Organic Modern, Japandi, Minimalist, Housewarming, Wedding, Hostess Gift, Serving, Entertaining, Gifting, Wedding Season, Christmas, Wine Night, Cocktail Hour, Hostess Gifts, Natural marble with gray veining; acacia wood detail, cat:tabletop, cat:new-arrivals, seg:the-first-kitchen"
berlin-clear-glass-tumblers-14-2-fl-oz-set-of-2,"Berlin Clear Glass Tumblers, 14.2 fl oz, Set of 2",23524,Title,Default Title,"Tumbler Glass, Clear, Glass, Minimalist, Scandinavian, Organic Modern, Housewarming, Hostess Gift, Just Because, Everyday Use, Bar & Barware, Gifting, Wedding Season, Cocktail Hour, The Well-Set Bar, Hostess Gifts, Clear 100% glass; set of 2, cat:bar-glassware, cat:gifts, cat:new-arrivals, seg:season-opener, seg:the-first-kitchen"
dorset-clear-glass-tumblers-11-8-fl-oz-set-of-2,"Dorset Clear Glass Tumblers, 11.8 fl oz, Set of 2",23525,Title,Default Title,"Rocks Glass, Clear, Glass, DORSET, Classic/Heritage, Minimalist, Housewarming, Hostess Gift, Self-Gift, Bar & Barware, Cocktail Hour, Entertaining, Christmas, Father's Day, Wedding Season, The Nightcap, The Well-Set Bar, 100% glass; ribbed grip detail, cat:bar-glassware, cat:gifts, cat:new-arrivals, seg:season-opener"
yakarta-beige-pvc-placemat,Yakarta Beige PVC Placemat,23528,Title,Default Title,"Placemat, Beige, Pvc, YAKARTA, Organic Modern, Coastal, Minimalist, Housewarming, Hostess Gift, Self-Gift, Everyday Use, Entertaining, Outdoor & Patio, Thanksgiving, Wedding Season, The Sunday Table, Outdoor Living, The Host's Touch, Wipe-clean PVC; textured surface helps reduce utensil noise., cat:tabletop, cat:new-arrivals"
destro-copper-color-nonstick-aluminum-saucepan-with-glass-lid-7-1-in-18-cm,"Destro Copper-Color Nonstick Aluminum Saucepan with Glass Lid, 7.1 in (18 cm)",23540,Title,Default Title,"Saucepan, Multicolor, Aluminum, Baquelita, Glass, Organic Modern, Classic/Heritage, Minimalist, Housewarming, Wedding, Self-Gift, Everyday Use, Cooking & Baking, Gifting, Wedding Season, Graduation Season, Mother's Day, Cooking Together, Slow Mornings, The Housewarming, Abrasion-resistant nonstick performance; fitted glass lid for covered cooking., cat:kitchen, cat:new-arrivals, seg:the-first-kitchen, seg:weeknight-ceremony"
stainless-steel-potato-ricer-masher,Stainless Steel Potato Ricer & Masher,23557,Title,Default Title,"Potato Ricer, Silver, Stainless steel, Organic Modern, Minimalist, Classic/Heritage, Housewarming, Wedding, Hostess Gift, Everyday Use, Cooking & Baking, Gifting, Thanksgiving, Christmas, Wedding Season, Cooking Together, The Sunday Table, Stainless steel; removable fine-hole cup for cleaning., cat:kitchen, cat:new-arrivals, seg:the-first-kitchen, seg:weeknight-ceremony"
gray-silicone-slotted-turner-spatula,Gray Silicone Slotted Turner Spatula,23558,Title,Default Title,"Slotted Spatula, Gray, Metal, Silicone, SILICONA GRIS, Minimalist, Organic Modern, Scandinavian, Housewarming, Hostess Gift, Self-Gift, Everyday Use, Cooking & Baking, Gifting, Wedding Season, Mother's Day, Cooking Together, The Sunday Table, Hostess Gifts, Dishwasher-safe; heat-resistant from -22°F to 428°F (-30°C to 220°C), cat:kitchen, cat:new-arrivals"
gray-silicone-cooking-spoon-23559,Gray Silicone Cooking Spoon,23559,Title,Default Title,"Cooking Spoon, Gray, Nailon, Silicone, SILICONA GRIS, Minimalist, Scandinavian, Organic Modern, Housewarming, Hostess Gift, Self-Gift, Everyday Use, Cooking & Baking, Gifting, Thanksgiving, Christmas, Mother's Day, Cooking Together, The Sunday Table, The Host's Touch, Dishwasher-safe; heat resistant from -22°F to 428°F (-30°C to 220°C)., cat:kitchen, cat:new-arrivals"
alton-copper-16-piece-stainless-steel-flatware-set,Alton Copper 16-Piece Stainless Steel Flatware Set,23570,Title,Default Title,"Flatware Set, Copper, Stainless steel, ALTON, Organic Modern, Minimalist, Mid-Century, Housewarming, Wedding, Hostess Gift, Everyday Use, Entertaining, Dinner Party, Wedding Season, Thanksgiving, Christmas, The Dinner Party, The Sunday Table, The Housewarming, Dishwasher-safe stainless steel; complete 16-piece service for four, cat:tabletop, cat:gifts, cat:new-arrivals, seg:the-first-kitchen, seg:the-full-table"
alton-matte-black-16-piece-flatware-set,Alton Matte Black 16-Piece Flatware Set,23571,Title,Default Title,"Flatware Set, Black, Stainless steel, ALTON, Minimalist, Japandi, Organic Modern, Housewarming, Wedding, Hostess Gift, Everyday Use, Entertaining, Gifting, Wedding Season, Thanksgiving, Christmas, The Dinner Party, The Art of the Table, The Housewarming, Dishwasher-safe stainless steel; matte black finish., cat:tabletop, cat:gifts, cat:new-arrivals, seg:the-first-kitchen, seg:the-full-table"
round-bamboo-coasters-with-holder-set-of-6,"Round Bamboo Coasters with Holder, Set of 6",23597,Title,Default Title,"Coaster Set, Natural Wood, Bamboo, BAMBU, Organic Modern, Japandi, Minimalist, Housewarming, Hostess Gift, Thank-You, Everyday Use, Entertaining, Bar & Barware, Christmas, Mother's Day, Father's Day, Cocktail Hour, The Well-Set Bar, Hostess Gifts, 100% bamboo; lightweight and nonstick; protects furniture from drips, stains, and scratches., cat:tabletop, cat:gifts, cat:new-arrivals, seg:season-opener, seg:someone-in-mind"
round-bamboo-salt-pepper-shaker-set,Round Bamboo Salt & Pepper Shaker Set,23598,Title,Default Title,"Salt & Pepper Shaker Set, Natural Wood, Bamboo, Pvc, BAMBU, Organic Modern, Japandi, Minimalist, Housewarming, Hostess Gift, Self-Gift, Everyday Use, Entertaining, Serving, Thanksgiving, Wedding Season, The Sunday Table, Weekend Gatherings, The Host's Touch, 96% bamboo construction; refillable set includes one salt shaker and one pepper shaker., cat:tabletop, cat:gifts, cat:new-arrivals, seg:first-dinner-party"
log-style-bamboo-charger-plate-13-in-33-cm,"Log-Style Bamboo Charger Plate, 13 in (33 cm)",23599,Title,Default Title,"Charger Plate, Multicolor, Bamboo, Polypropylene, Organic Modern, Wabi-Sabi, Coastal, Housewarming, Wedding, Hostess Gift, Entertaining, Dinner Party, Serving, Thanksgiving, Christmas, Wedding Season, The Art of the Table, The Dinner Party, Hostess Gifts, 95% bamboo construction; reusable log-style presentation layer, cat:tabletop, cat:new-arrivals, seg:the-first-kitchen, seg:the-full-table"
small-bamboo-serving-tray-with-handles,Small Bamboo Serving Tray with Handles,23601,Title,Default Title,"Serving Tray, Natural Wood, Bamboo, BAMBU, Organic Modern, Japandi, Coastal, Housewarming, Thank-You, Hostess Gift, Everyday Use, Serving, Décor & Styling, Mother's Day, Wedding Season, The Coffee Ritual, Breakfast in Bed, The Host's Touch, 100% bamboo; cutout handles; raised edges, cat:tabletop, cat:new-arrivals"
large-bamboo-serving-tray-with-handles,Large Bamboo Serving Tray with Handles,23603,Title,Default Title,"Serving Tray, Natural Wood, Bamboo, BAMBU, Organic Modern, Japandi, Minimalist, Housewarming, Hostess Gift, Thank-You, Everyday Use, Serving, Gifting, Mother's Day, Thanksgiving, Wedding Season, Slow Mornings, The Tea Ritual, Open-Door Hospitality, 100% bamboo; integrated cutout handles, cat:tabletop, cat:new-arrivals"
bamboo-tea-box-with-clear-lid-6-compartments,"Bamboo Tea Box with Clear Lid, 6 Compartments",23604,Title,Default Title,"Tea Box, Natural Wood, Bamboo, Acrylic, Wood, MDF, Stainless steel, BAMBU, Organic Modern, Japandi, Minimalist, Housewarming, Thank-You, Hostess Gift, Coffee & Tea, Décor & Styling, Gifting, Mother's Day, Christmas, The Tea Ritual, Slow Mornings, The Overnight Guest, 77% bamboo construction; clear acrylic lid; six divided compartments, cat:kitchen, cat:new-arrivals, seg:someone-in-mind, seg:weeknight-ceremony"
small-bamboo-tray,Small Bamboo Tray,23622,Title,Default Title,"Serving Tray, Natural Wood, Bamboo, BAMBU, Organic Modern, Japandi, Wabi-Sabi, Housewarming, Hostess Gift, Thank-You, Serving, Décor & Styling, Gifting, Wedding Season, The Tea Ritual, The Host's Touch, A Gift with a Story, 100% bamboo; visible grain and knots; compact rimmed shape, cat:tabletop, cat:new-arrivals"
round-glass-container-with-bamboo-lid-44-0-fl-oz-1300-ml,"Round Glass Container with Bamboo Lid, 44.0 fl oz (1300 mL)",23648,Title,Default Title,"Food Storage Container, Clear, Glass, Wood, BAMBU, Organic Modern, Japandi, Minimalist, Housewarming, Hostess Gift, Thank-You, Everyday Use, Coffee & Tea, Gifting, Wedding Season, The Tea Ritual, The Collected Home, Hostess Gifts, Dishwasher-safe; clear glass body with bamboo lid, cat:kitchen, cat:new-arrivals"
round-glass-storage-container-with-bamboo-lid-32-1-fl-oz,"Round Glass Storage Container with Bamboo Lid, 32.1 fl oz",23649,Title,Default Title,"Food Storage Container, Clear, Glass, Wood, BAMBU, Organic Modern, Japandi, Minimalist, Housewarming, Hostess Gift, Self-Gift, Everyday Use, Serving, Gifting, Wedding Season, Cooking Together, The Sunday Table, Open-Door Hospitality, Dishwasher-safe; clear glass with bamboo lid, cat:kitchen, cat:new-arrivals"
round-glass-container-with-bamboo-lid-22-fl-oz,"Round Glass Container with Bamboo Lid, 22 fl oz",23650,Title,Default Title,"Food Storage Container, Clear, Glass, Wood, BAMBU, Organic Modern, Scandinavian, Japandi, Housewarming, Hostess Gift, Thank-You, Everyday Use, Coffee & Tea, Gifting, Wedding Season, The Coffee Ritual, The Tea Ritual, Open-Door Hospitality, Dishwasher-safe; clear glass with bamboo lid, cat:kitchen, cat:new-arrivals, seg:weeknight-ceremony"
clear-glass-tumblers-with-straws-set-of-2,"Clear Glass Tumblers with Straws, Set of 2",23796,Title,Default Title,"Tumbler, Clear, Glass, Minimalist, Scandinavian, Organic Modern, Housewarming, Hostess Gift, Just Because, Everyday Use, Coffee & Tea, Bar & Barware, Wedding Season, The Coffee Ritual, Cocktail Hour, Everyday Celebrations, Dishwasher-safe glass; set of 2 with reusable straws, cat:bar-glassware, cat:gifts, cat:new-arrivals, seg:first-dinner-party, seg:weeknight-ceremony"
white-oval-porcelain-serving-tray-12-0-in-30-6-cm,"White Oval Porcelain Serving Tray, 12.0 in (30.6 cm)",23821,Title,Default Title,"Serving Tray, White, Porcelain, Minimalist, Organic Modern, Scandinavian, Housewarming, Hostess Gift, Wedding, Everyday Use, Serving, Gifting, Wedding Season, Thanksgiving, Christmas, The Sunday Table, Weekend Gatherings, Hostess Gifts, White porcelain; dishwasher-safe; microwave-safe, cat:tabletop, cat:new-arrivals, seg:the-first-kitchen"
matte-black-porcelain-oval-serving-tray,Matte Black Porcelain Oval Serving Tray,23822,Title,Default Title,"Serving Tray, Black, Porcelain, NEGRO MATE, Minimalist, Japandi, Organic Modern, Housewarming, Wedding, Hostess Gift, Serving, Entertaining, Gifting, Wedding Season, The Dinner Party, Cocktail Hour, The Host's Touch, Dishwasher-safe and microwave-safe porcelain., cat:tabletop, cat:new-arrivals"
pietra-irregular-porcelain-serving-tray,Pietra Irregular Porcelain Serving Tray,23824,Title,Default Title,"Serving Tray, Multicolor, Porcelain, PIETRA, Organic Modern, Wabi-Sabi, Japandi, Housewarming, Wedding, Hostess Gift, Serving, Entertaining, Décor & Styling, Wedding Season, Thanksgiving, Christmas, Weekend Gatherings, The Dinner Party, The Art of the Table, Microwave- and dishwasher-safe porcelain, cat:tabletop, cat:new-arrivals, seg:the-first-kitchen, seg:the-full-table"
rio-white-porcelain-creamer-pitcher-10-1-fl-oz,"Rio White Porcelain Creamer Pitcher, 10.1 fl oz",23827,Title,Default Title,"Creamer Pitcher, White, Porcelain, RIO, Minimalist, Scandinavian, Classic/Heritage, Housewarming, Hostess Gift, Thank-You, Coffee & Tea, Entertaining, Serving, Mother's Day, Wedding Season, Christmas, The Coffee Ritual, The Tea Ritual, Weekend Brunch, Porcelain; microwave- and dishwasher-safe., cat:tabletop, cat:new-arrivals, seg:weeknight-ceremony"
rio-white-porcelain-sugar-bowl-with-lid-12-5-fl-oz,"Rio White Porcelain Sugar Bowl with Lid, 12.5 fl oz",23828,Title,Default Title,"Sugar Bowl, White, Porcelain, RIO, Organic Modern, Scandinavian, Minimalist, Housewarming, Hostess Gift, Self-Gift, Everyday Use, Coffee & Tea, Gifting, Mother's Day, Wedding Season, Christmas, The Coffee Ritual, The Tea Ritual, The Host's Touch, Dishwasher-safe porcelain; microwave-safe, cat:tabletop, cat:new-arrivals, seg:weeknight-ceremony"
snow-pine-tabletop-artificial-christmas-tree-30-3-in,"Snow Pine Tabletop Artificial Christmas Tree, 30.3 in",23830,Title,Default Title,"Artificial Tree, Green, Polietileno, Jute, Polifoam, Wood, MDF, Organic Modern, Scandinavian, Minimalist, Housewarming, Hostess Gift, Holiday Gift, Décor & Styling, Gifting, Special Occasion, Christmas, Holiday Traditions, Seasonal Tables, The Host's Touch, Indoor use; easy dry-cloth cleaning; no watering required, cat:decor, cat:new-arrivals, seg:someone-in-mind"
artificial-pine-tree-with-jute-base-23-6-in,"Artificial Pine Tree with Jute Base, 23.6 in",23831,Title,Default Title,"Artificial Tree, Green, Polietileno, Jute, Abeto, Chino, Organic Modern, Scandinavian, Japandi, Housewarming, Hostess Gift, Holiday Gift, Décor & Styling, Gifting, Special Occasion, Christmas, Thanksgiving, New Year, Seasonal Tables, Holiday Traditions, The Collected Home, No watering, sunlight, or needle cleanup; indoor-only polyethylene pine with jute and Chinese fir details., cat:decor, cat:new-arrivals"
17-7-in-faux-pine-tree-with-trunk-and-jute-base,17.7 in Faux Pine Tree with Trunk and Jute Base,23832,Title,Default Title,"Artificial Tree, Green, Polietileno, Jute, Abeto, Chino, Organic Modern, Scandinavian, Minimalist, Housewarming, Hostess Gift, Holiday Gift, Décor & Styling, Gifting, Special Occasion, Christmas, Thanksgiving, New Year, Holiday Traditions, Seasonal Tables, The Host's Touch, Made with polyethylene greenery, jute, and real Chinese fir; easy to clean with a dry cloth for indoor use., cat:decor, cat:new-arrivals, seg:someone-in-mind"
13-8-in-35-cm-artificial-pine-tree-with-jute-base,13.8 in (35 cm) Artificial Pine Tree with Jute Base,23833,Title,Default Title,"Artificial Tree, Green, Polietileno, Jute, Abeto, Chino, Organic Modern, Scandinavian, Japandi, Housewarming, Hostess Gift, Holiday Gift, Décor & Styling, Gifting, Special Occasion, Christmas, Thanksgiving, New Year, Seasonal Tables, Holiday Traditions, The Collected Home, No water or sunlight required; indoor use with dry-cloth care, cat:decor, cat:new-arrivals, seg:someone-in-mind"
snow-pine-artificial-tabletop-tree-20-5-in,"Snow Pine Artificial Tabletop Tree, 20.5 in",23834,Title,Default Title,"Artificial Tree, Green, Polietileno, Jute, Abeto, Chino, Scandinavian, Organic Modern, Minimalist, Holiday Gift, Hostess Gift, Housewarming, Décor & Styling, Gifting, Special Occasion, Christmas, New Year, Holiday Traditions, Seasonal Tables, The Host's Touch, Indoor use; no watering or extra plant care; easy dry-cloth cleaning., cat:decor, cat:new-arrivals"
berry-artificial-garland-70-9-in-180-cm,"Berry Artificial Garland, 70.9 in (180 cm)",23836,Title,Default Title,"Artificial Garland, Green, Polietileno, Classic/Heritage, Organic Modern, Scandinavian, Hostess Gift, Holiday Gift, Housewarming, Décor & Styling, Entertaining, Gifting, Christmas, Thanksgiving, Holiday Traditions, Seasonal Tables, The Host's Touch, Easy dry-cloth cleaning; no watering or extra care required., cat:decor, cat:new-arrivals, seg:someone-in-mind"
colored-silhouette-wine-glass-charms-set-of-6,Colored Silhouette Wine Glass Charms Set of 6,23879,Title,Default Title,"Wine Glass Charms, Multicolor, Silicone, Bauhaus, Minimalist, Organic Modern, Hostess Gift, Housewarming, Thank-You, Entertaining, Bar & Barware, Gifting, New Year, Thanksgiving, Christmas, Cocktail Hour, Wine Night, The Dinner Party, 100% silicone; made for both stemware and glass rims; set of 6., cat:bar-glassware, cat:gifts, cat:new-arrivals, seg:first-dinner-party, seg:someone-in-mind, seg:the-full-table"
stainless-steel-mesh-strainer-with-wood-handle,Stainless Steel Mesh Strainer with Wood Handle,23894,Title,Default Title,"Mesh Strainer, Silver, Wood, Stainless steel, Organic Modern, Classic/Heritage, Minimalist, Housewarming, Hostess Gift, Self-Gift, Cooking & Baking, Everyday Use, Gifting, Wedding Season, Cooking Together, The Sunday Table, The Host's Touch, Stainless steel body; wood handle, cat:kitchen, cat:new-arrivals"
stainless-steel-chef-utility-paring-knife-set-3-piece,"Stainless Steel Chef Utility Paring Knife Set, 3-Piece",23942,Title,Default Title,"Knife Set, Silver, Stainless steel, Minimalist, Scandinavian, Organic Modern, Housewarming, Wedding, Self-Gift, Everyday Use, Cooking & Baking, Gifting, Wedding Season, Cooking Together, Recipes Worth Passing Down, The Housewarming, Stainless steel; chef, utility, and paring knives included., cat:kitchen, cat:gifts, cat:new-arrivals, seg:the-first-kitchen, seg:weeknight-ceremony"
wood-marble-domino-set-with-brass-detail,Wood & Marble Domino Set with Brass Detail,23949,Title,Default Title,"Domino Set, Natural Wood, Wood, MDF, Marble, Brass, Iron, Organic Modern, Japandi, Minimalist, Housewarming, Hostess Gift, Just Because, Entertaining, Décor & Styling, Gifting, Christmas, Wedding Season, Game Night, Weekend Gatherings, Objects with Stories, Natural marble with mango wood; brass dot detailing, cat:decor, cat:gifts, cat:new-arrivals, seg:someone-in-mind"
mango-wood-tic-tac-toe-game,Mango Wood Tic-Tac-Toe Game,23952,Title,Default Title,"Board Game, Natural Wood, Wood, Organic Modern, Japandi, Minimalist, Housewarming, Hostess Gift, Just Because, Everyday Use, Entertaining, Décor & Styling, Christmas, Father's Day, Wedding Season, Game Night, Weekend Gatherings, The Housewarming, 100% mango wood, cat:decor, cat:new-arrivals, seg:someone-in-mind"
mango-wood-playing-card-game-set,Mango Wood Playing Card Game Set,23953,Title,Default Title,"Card Game Set, Natural, Wood, Brass, Iron, Organic Modern, Japandi, Minimalist, Housewarming, Hostess Gift, Just Because, Entertaining, Décor & Styling, Gifting, Christmas, Thanksgiving, Game Night, Weekend Gatherings, The Host's Touch, Mango wood box with brass and iron details; compact lidded playing card storage, cat:decor, cat:gifts, cat:new-arrivals, seg:someone-in-mind"
irregular-marble-look-cabinet-knobs-set-of-2,"Irregular Marble-Look Cabinet Knobs, Set of 2",23963,Title,Default Title,"Cabinet Knob, Marmol, Brass, Iron, Organic Modern, Japandi, Minimalist, Housewarming, Hostess Gift, Self-Gift, Décor & Styling, Gifting, Everyday Use, The Host's Touch, The Collected Home, The Housewarming, Set of 2; 70% brass and 30% iron construction; irregular marble-look face, cat:decor, cat:gifts, cat:new-arrivals, seg:first-dinner-party"
marble-and-wood-striped-square-coaster,Marble and Wood Striped Square Coaster,23974,Title,Default Title,"Coaster, Natural Wood, Wood, Marble, Organic Modern, Japandi, Minimalist, Housewarming, Hostess Gift, Self-Gift, Everyday Use, Entertaining, Bar & Barware, Wedding Season, The Coffee Ritual, Cocktail Hour, The Host's Touch, 50% wood, 50% marble; protects tables from stains and scratches, cat:tabletop, cat:new-arrivals"
marble-wood-square-coaster,Marble & Wood Square Coaster,23975,Title,Default Title,"Coaster, Natural Wood, Wood, Marble, Organic Modern, Japandi, Minimalist, Housewarming, Hostess Gift, Thank-You, Everyday Use, Entertaining, Bar & Barware, Christmas, Wedding Season, The Coffee Ritual, The Nightcap, The Host's Touch, 50% wood, 50% marble; protects tables from stains and scratches, cat:tabletop, cat:new-arrivals"
geometric-wood-bead-garland-with-jute-tassel,Geometric Wood Bead Garland with Jute Tassel,23976,Title,Default Title,"Decorative Garland, Natural Wood, Wood, Jute, Organic Modern, Japandi, Coastal, Housewarming, Hostess Gift, Just Because, Décor & Styling, Gifting, Entertaining, Thanksgiving, Christmas, Wedding Season, The Collected Home, Seasonal Tables, The Host's Touch, 80% wood and 20% jute; dry-cloth cleaning, cat:decor, cat:new-arrivals"
elongated-wood-bead-garland-with-jute-tassels,Elongated Wood Bead Garland with Jute Tassels,23980,Title,Default Title,"Decorative Garland, Natural Wood, Wood, Jute, Organic Modern, Japandi, Minimalist, Housewarming, Hostess Gift, Just Because, Décor & Styling, Gifting, Entertaining, Christmas, Thanksgiving, The Collected Home, The Host's Touch, A Gift with a Story, 80% wood with 20% jute; easy dry-cloth care, cat:decor, cat:new-arrivals"
green-leaf-acrylic-outdoor-tumbler-13-9-oz,"Green Leaf Acrylic Outdoor Tumbler, 13.9 oz",23992,Title,Default Title,"Acrylic Tumbler, Green, Acrylic, Organic Modern, Coastal, Minimalist, Housewarming, Hostess Gift, Just Because, Everyday Use, Outdoor & Patio, Entertaining, Fourth of July, Outdoor Living, Poolside, Weekend Gatherings, Shatter-resistant 100% acrylic; top-rack dishwasher-safe, cat:outdoor, cat:new-arrivals"
black-6-jar-rotating-spice-rack-set,Black 6-Jar Rotating Spice Rack Set,24003,Title,Default Title,"Spice Jar Set, Black, Glass, Sodocalcico, Pp, Stainless steel, ESPECIAS NEGRO, Minimalist, Japandi, Bauhaus, Housewarming, Wedding, Hostess Gift, Everyday Use, Cooking & Baking, Gifting, Christmas, Mother's Day, Wedding Season, Cooking Together, The Sunday Table, The Housewarming, Dishwasher-safe; six glass jars with a rotating base, cat:kitchen, cat:gifts, cat:new-arrivals, seg:first-dinner-party, seg:weeknight-ceremony"
black-12-piece-glass-spice-rack-set,Black 12-Piece Glass Spice Rack Set,24004,Title,Default Title,"Spice Rack Set, Black, Glass, Sodocalcico, Pp, Stainless steel, ESPECIAS NEGRO, Minimalist, Organic Modern, Scandinavian, Housewarming, Hostess Gift, Self-Gift, Everyday Use, Cooking & Baking, Gifting, Wedding Season, Graduation Season, Mother's Day, Cooking Together, The Sunday Table, The Housewarming, Dishwasher-safe 12-piece organization; clear soda-lime glass jars, cat:kitchen, cat:gifts, cat:new-arrivals, seg:first-dinner-party, seg:weeknight-ceremony"
gema-7-9-in-20-cm-nonstick-forged-aluminum-fry-pan,Gema 7.9 in (20 cm) Nonstick Forged Aluminum Fry Pan,24176,Title,Default Title,"Fry Pan, Beige, Aluminum, Forjado, Baquelita, Stainless steel, GEMA, Organic Modern, Minimalist, Scandinavian, Housewarming, Wedding, Self-Gift, Everyday Use, Cooking & Baking, Gifting, Wedding Season, Slow Mornings, Cooking Together, The Housewarming, Forged aluminum structure; abrasion-resistant nonstick surface; Bakelite handle with stainless steel detail, cat:kitchen, cat:new-arrivals, seg:the-first-kitchen, seg:weeknight-ceremony"
gema-9-4-in-24-cm-beige-nonstick-fry-pan,Gema 9.4 in (24 cm) Beige Nonstick Fry Pan,24177,Title,Default Title,"Fry Pan, Beige, Aluminum, Forjado, Baquelita, Stainless steel, GEMA, Organic Modern, Japandi, Minimalist, Housewarming, Wedding, Self-Gift, Everyday Use, Cooking & Baking, Gifting, Mother's Day, Wedding Season, Slow Mornings, Cooking Together, The Host's Touch, Forged aluminum construction; abrasion-resistant surface with nonstick attributes, cat:kitchen, cat:new-arrivals, seg:the-first-kitchen, seg:weeknight-ceremony"
bamboo-pepper-mill-5-1-in,"Bamboo Pepper Mill, 5.1 in",24233,Title,Default Title,"Pepper Mill, Natural Wood, Bamboo, Copper, Aluminum, Polypropylene, Stainless steel, Organic Modern, Scandinavian, Japandi, Housewarming, Hostess Gift, Thank-You, Everyday Use, Serving, Gifting, Thanksgiving, Christmas, Wedding Season, Cooking Together, The Sunday Table, Hostess Gifts, Refillable compact size; natural bamboo body, cat:tabletop, cat:new-arrivals"
tall-double-wall-glass-mugs-5-4-fl-oz-set-of-2,"Tall Double-Wall Glass Mugs, 5.4 fl oz, Set of 2",24245,Title,Default Title,"Glass Mug, Clear, Glass, VIDRIO DOBLE PARED, Organic Modern, Scandinavian, Minimalist, Housewarming, Thank-You, Hostess Gift, Everyday Use, Coffee & Tea, Gifting, Mother's Day, Father's Day, The Coffee Ritual, The Tea Ritual, Hostess Gifts, Double-wall borosilicate glass; insulated construction that helps reduce condensation and exterior heat transfer, cat:tabletop, cat:gifts, cat:new-arrivals, seg:weeknight-ceremony"
curved-double-wall-espresso-glasses-3-4-fl-oz-set-of-2,"Curved Double-Wall Espresso Glasses, 3.4 fl oz, Set of 2",24246,Title,Default Title,"Espresso Glass, Clear, Glass, VIDRIO DOBLE PARED, Minimalist, Japandi, Organic Modern, Housewarming, Hostess Gift, Self-Gift, Coffee & Tea, Bar & Barware, Gifting, Wedding Season, The Coffee Ritual, The Tea Ritual, The Host's Touch, Double-wall borosilicate glass; reduced condensation and heat transfer; 3.4 fl oz (100 mL) espresso size, cat:bar-glassware, cat:gifts, cat:new-arrivals, seg:weeknight-ceremony"
curved-double-wall-glasses-8-5-fl-oz-set-of-2,"Curved Double-Wall Glasses, 8.5 fl oz, Set of 2",24247,Title,Default Title,"Double-Wall Glass, Clear, Glass, VIDRIO DOBLE PARED, Minimalist, Scandinavian, Organic Modern, Housewarming, Hostess Gift, Thank-You, Coffee & Tea, Entertaining, Gifting, Mother's Day, Christmas, Wedding Season, The Coffee Ritual, The Tea Ritual, The Host's Touch, Borosilicate glass; double-wall insulation that reduces condensation and exterior heat transfer, cat:bar-glassware, cat:gifts, cat:new-arrivals, seg:weeknight-ceremony"
double-wall-glass-mugs-9-1-fl-oz-set-of-2,"Double-Wall Glass Mugs, 9.1 fl oz, Set of 2",24249,Title,Default Title,"Mug, Clear, Glass, VIDRIO DOBLE PARED, Minimalist, Scandinavian, Japandi, Housewarming, Thank-You, Self-Gift, Everyday Use, Coffee & Tea, Gifting, Christmas, Mother's Day, Wedding Season, Slow Mornings, The Coffee Ritual, The Tea Ritual, Double-wall construction helps reduce heat transfer and condensation; 100% borosilicate glass., cat:tabletop, cat:gifts, cat:new-arrivals"
double-wall-borosilicate-glasses-9-1-fl-oz-set-of-2,"Double Wall Borosilicate Glasses, 9.1 fl oz, Set of 2",24250,Title,Default Title,"Double-Wall Glass, Clear, Glass, VIDRIO DOBLE PARED, Minimalist, Scandinavian, Japandi, Housewarming, Thank-You, Hostess Gift, Everyday Use, Coffee & Tea, Gifting, Christmas, Mother's Day, Wedding Season, The Coffee Ritual, The Tea Ritual, Hostess Gifts, Borosilicate glass; double-wall insulation reduces condensation and heat transfer., cat:bar-glassware, cat:gifts, cat:new-arrivals, seg:weeknight-ceremony"
double-wall-borosilicate-glasses-set-of-2,"Double-Wall Borosilicate Glasses, Set of 2",24251,Title,Default Title,"Double-Wall Glasses, Clear, Glass, VIDRIO DOBLE PARED, Minimalist, Scandinavian, Organic Modern, Housewarming, Hostess Gift, Wedding, Coffee & Tea, Cocktail Hour, Bar & Barware, Christmas, Wedding Season, The Coffee Ritual, The Well-Set Bar, 100% borosilicate glass; double-wall construction helps reduce condensation and exterior heat transfer, cat:bar-glassware, cat:gifts, cat:new-arrivals, seg:season-opener, seg:weeknight-ceremony"
borosilicate-glass-teapot-with-infuser-33-8-fl-oz,"Borosilicate Glass Teapot with Infuser, 33.8 fl oz",24253,Title,Default Title,"Teapot, Clear, Glass, Plastic, Galvanizado, Stainless steel, Minimalist, Scandinavian, Japandi, Housewarming, Thank-You, Hostess Gift, Coffee & Tea, Entertaining, Gifting, Christmas, Hanukkah, Mother's Day, The Tea Ritual, Slow Mornings, The Thoughtful Thank-You, Heat-resistant borosilicate glass with a removable stainless steel infuser., cat:tabletop, cat:new-arrivals, seg:weeknight-ceremony"
mini-white-porcelain-3-fl-oz-creamer-pitcher,Mini White Porcelain 3 fl oz Creamer Pitcher,24292,Title,Default Title,"Creamer Pitcher, White, Porcelain, Minimalist, Scandinavian, Classic/Heritage, Housewarming, Hostess Gift, Thank-You, Everyday Use, Coffee & Tea, Serving, Christmas, Wedding Season, The Coffee Ritual, The Tea Ritual, Weekend Brunch, Porcelain; dishwasher- and microwave-safe, cat:tabletop, cat:new-arrivals, seg:weeknight-ceremony"
porto-porcelain-salad-bowl-7-9-in,"Porto Porcelain Salad Bowl, 7.9 in",24298,Title,Default Title,"Salad Bowl, Multicolor, Porcelain, PORTO, Mediterranean, Classic/Heritage, Organic Modern, Housewarming, Wedding, Hostess Gift, Everyday Use, Entertaining, Serving, Wedding Season, The Sunday Table, Weekend Gatherings, The Art of the Table, Lead- and cadmium-free porcelain; microwave- and dishwasher-safe, cat:tabletop, cat:new-arrivals, seg:the-first-kitchen"
porto-porcelain-soup-bowls-set-of-2,"Porto Porcelain Soup Bowls, Set of 2",24299,Title,Default Title,"Soup Bowl, Multicolor, Porcelain, PORTO, Classic/Heritage, Coastal, Mediterranean, Housewarming, Wedding, Hostess Gift, Everyday Use, Entertaining, Serving, Wedding Season, Slow Evenings, The Sunday Table, Hostess Gifts, Lead- and cadmium-free porcelain dinnerware; microwave- and dishwasher-safe, cat:tabletop, cat:gifts, cat:new-arrivals"
porto-porcelain-cup-and-saucer-set-8-pieces,"Porto Porcelain Cup and Saucer Set, 8 Pieces",24300,Title,Default Title,"Cup and Saucer Set, Multicolor, Porcelain, PORTO, Classic/Heritage, Coastal, Mediterranean, Housewarming, Hostess Gift, Thank-You, Coffee & Tea, Entertaining, Gifting, Wedding Season, The Tea Ritual, The Coffee Ritual, Hostess Gifts, Lead- and cadmium-free porcelain; microwave- and dishwasher-safe, cat:tabletop, cat:gifts, cat:new-arrivals"
porto-blue-floral-porcelain-mug-set-of-4,Porto Blue Floral Porcelain Mug Set of 4,24301,Title,Default Title,"Mug, Multicolor, Porcelain, PORTO, Classic/Heritage, Coastal, Mediterranean, Housewarming, Hostess Gift, Self-Gift, Everyday Use, Coffee & Tea, Gifting, Christmas, Mother's Day, Wedding Season, The Coffee Ritual, The Tea Ritual, The Housewarming, Lead-free and cadmium-free porcelain; microwave- and dishwasher-safe, cat:tabletop, cat:gifts, cat:new-arrivals, seg:weeknight-ceremony"
porto-porcelain-dinner-plates-set-of-4-10-7-in,"Porto Porcelain Dinner Plates Set of 4, 10.7 in",24302,Title,Default Title,"Dinner Plate, Multicolor, Porcelain, PORTO, Classic/Heritage, Coastal, Mediterranean, Housewarming, Wedding, Hostess Gift, Everyday Use, Entertaining, Serving, Thanksgiving, Christmas, Wedding Season, The Sunday Table, The Dinner Party, A Gift with a Story, Lead- and cadmium-free dinner plates; microwave- and dishwasher-safe plates., cat:tabletop, cat:gifts, cat:new-arrivals"
porcelain-salad-plates-porto-blue-floral-8-in-20-3-cm-set-of-4,"Porcelain Salad Plates, Porto Blue Floral, 8 in (20.3 cm), Set of 4",24303,Title,Default Title,"Salad Plate, Multicolor, Porcelain, PORTO, Classic/Heritage, Coastal, Organic Modern, Housewarming, Wedding, Hostess Gift, Everyday Use, Entertaining, Serving, Wedding Season, The Sunday Table, The Dinner Party, Hostess Gifts, Artisan-made porcelain; microwave- and dishwasher-safe; certified lead- and cadmium-free, cat:tabletop, cat:gifts, cat:new-arrivals"
porto-porcelain-floral-serving-tray,Porto Porcelain Floral Serving Tray,24304,Title,Default Title,"Serving Tray, Multicolor, Porcelain, PORTO, Classic/Heritage, Mediterranean, Coastal, Housewarming, Hostess Gift, Thank-You, Serving, Entertaining, Gifting, Wedding Season, Thanksgiving, Christmas, The Art of the Table, Cocktail Hour, Hostess Gifts, Lead- and cadmium-free porcelain; microwave- and dishwasher-safe., cat:tabletop, cat:new-arrivals"
lily-porcelain-cup-and-saucer-set-5-1-fl-oz-set-of-4,"Lily Porcelain Cup and Saucer Set, 5.1 fl oz, Set of 4",24305,Title,Default Title,"Cup & Saucer Set, Multicolor, Porcelain, LILY, Classic/Heritage, Organic Modern, Housewarming, Hostess Gift, Thank-You, Coffee & Tea, Entertaining, Gifting, Mother's Day, Wedding Season, The Coffee Ritual, The Tea Ritual, Hostess Gifts, Certified lead- and cadmium-free; microwave- and dishwasher-safe., cat:tabletop, cat:gifts, cat:new-arrivals, seg:someone-in-mind, seg:weeknight-ceremony"
gray-adjustable-cotton-kitchen-apron,Gray Adjustable Cotton Kitchen Apron,24396,Title,Default Title,"Kitchen Apron, Gray, Cotton, Gr, Scandinavian, Minimalist, Organic Modern, Housewarming, Hostess Gift, Self-Gift, Everyday Use, Cooking & Baking, Gifting, Thanksgiving, Christmas, Mother's Day, Cooking Together, Weekend Gatherings, The Host's Touch, 100% cotton apron, adjustable fit, washable at up to 104°F (40°C), cat:kitchen, cat:new-arrivals"
white-cotton-cloth-napkins-set-of-2,"White Cotton Cloth Napkins, Set of 2",24397,Title,Default Title,"Cloth Napkin, White, Cotton, Gr, Classic/Heritage, Minimalist, Scandinavian, Housewarming, Hostess Gift, Wedding, Everyday Use, Entertaining, Gifting, Thanksgiving, Christmas, Wedding Season, The Sunday Table, The Dinner Party, Hostess Gifts, 100% cotton; reusable; washable up to 104°F (40°C), cat:tabletop, cat:gifts, cat:new-arrivals, seg:first-dinner-party, seg:the-first-kitchen, seg:the-full-table"
beige-cotton-cloth-napkins-set-of-2,"Beige Cotton Cloth Napkins, Set of 2",24398,Title,Default Title,"Cloth Napkin, Beige, Cotton, Gr, Organic Modern, Scandinavian, Minimalist, Housewarming, Hostess Gift, Thank-You, Everyday Use, Entertaining, Gifting, Thanksgiving, Christmas, Wedding Season, The Sunday Table, The Dinner Party, Everyday Celebrations, 100% cotton; reusable table linen, cat:tabletop, cat:gifts, cat:new-arrivals, seg:first-dinner-party, seg:the-full-table"
clear-acrylic-cheese-dome,Clear Acrylic Cheese Dome,24406,Title,Default Title,"Cheese Dome, Clear, Acrilco, Classic/Heritage, Minimalist, Organic Modern, Housewarming, Hostess Gift, Thank-You, Serving, Entertaining, Outdoor & Patio, Thanksgiving, Christmas, Wedding Season, Cocktail Hour, The Dinner Party, The Host's Touch, Clear 100% acrylic; protects cheese from dust, insects, and refrigerator odor transfer, cat:outdoor, cat:new-arrivals, seg:season-opener, seg:the-full-table"
soda-lime-glass-honey-jar-with-bamboo-lid-and-dipper-11-4-fl-oz,"Soda-Lime Glass Honey Jar with Bamboo Lid and Dipper, 11.4 fl oz",24540,Title,Default Title,"Honey Pot, Clear, Glass, Soda, Lima, Bambo, Silicone, BAMBU, Organic Modern, Japandi, Minimalist, Housewarming, Hostess Gift, Thank-You, Coffee & Tea, Serving, Gifting, Mother's Day, Wedding Season, Christmas, The Tea Ritual, Weekend Brunch, Hostess Gifts, Soda-lime glass jar; bamboo lid with dipper., cat:kitchen, cat:new-arrivals"
gray-leaf-charger-plate,Gray Leaf Charger Plate,24541,Title,Default Title,"Charger Plate, Gray, Polypropylene, Calcio, Polvo, Organic Modern, Japandi, Minimalist, Housewarming, Wedding, Hostess Gift, Entertaining, Dinner Party, Serving, Thanksgiving, Christmas, Wedding Season, The Dinner Party, Seasonal Tables, The Art of the Table, Reusable; embossed leaf relief; 80% polypropylene and 20% calcium powder, cat:tabletop, cat:new-arrivals, seg:the-full-table"
plumeria-artificial-flower-stem-35-4-in,"Plumeria Artificial Flower Stem, 35.4 in",24568,Title,Default Title,"Artificial Flower Stem, Green, Polietileno, Iron, Organic Modern, Japandi, Coastal, Housewarming, Hostess Gift, Just Because, Décor & Styling, Entertaining, Gifting, Mother's Day, Wedding Season, Flowers on the Table, The Art of the Table, The Collected Home, Flexible iron core; no water, sunlight, or special care required; does not attract insects., cat:decor, cat:new-arrivals"
bamboo-handle-stainless-steel-flatware-set-16-piece,"Bamboo-Handle Stainless Steel Flatware Set, 16-Piece",24685,Title,Default Title,"Flatware Set, Natural Wood, Silver, Metal, Bamboo, Stainless steel, BAMBU, Organic Modern, Japandi, Coastal, Housewarming, Wedding, Hostess Gift, Everyday Use, Entertaining, Gifting, Wedding Season, The Sunday Table, Weekend Gatherings, The Housewarming, Stainless steel with bamboo handles; 16-piece service for four, cat:tabletop, cat:gifts, cat:new-arrivals"
julieta-porcelain-cup-and-saucer-set-8-pieces,"Julieta Porcelain Cup and Saucer Set, 8 Pieces",24751,Title,Default Title,"Cup and Saucer Set, White, Porcelain, Minimalist, Classic/Heritage, Scandinavian, Housewarming, Hostess Gift, Thank-You, Coffee & Tea, Entertaining, Gifting, Mother's Day, Wedding Season, The Coffee Ritual, The Tea Ritual, The Host's Touch, Porcelain; microwave-safe; dishwasher-safe, cat:tabletop, cat:gifts, cat:new-arrivals"
ceramic-fondue-set-with-acacia-tray-skewers,Ceramic Fondue Set with Acacia Tray & Skewers,24840,Title,Default Title,"Fondue Set, Natural, White, Ceramic, Wood, Acacia, Stainless steel, Organic Modern, Japandi, Minimalist, Housewarming, Hostess Gift, Just Because, Entertaining, Serving, Gifting, Christmas, Valentine's Day, Mother's Day, The Dinner Party, Weekend Gatherings, Hostess Gifts, Acacia wood tray with ceramic serving pieces; 10-piece set with stainless steel skewers, cat:tabletop, cat:gifts, cat:new-arrivals, seg:first-dinner-party, seg:season-opener, seg:someone-in-mind, seg:the-full-table"
silver-cocktail-shaker-stainless-steel,"Silver Cocktail Shaker, Stainless Steel",24871,Title,Default Title,"Cocktail Shaker, Silver, Stainless steel, BAR PLATEADO, Minimalist, Mid-Century, Organic Modern, Housewarming, Hostess Gift, Self-Gift, Cocktail Hour, Bar & Barware, Entertaining, New Year, Father's Day, Wedding Season, The Well-Set Bar, Hostess Gifts, Stainless steel; silver finish, cat:bar-glassware, cat:new-arrivals, seg:season-opener"
silver-double-wall-stainless-steel-ice-bucket-with-lid,Silver Double-Wall Stainless Steel Ice Bucket with Lid,24872,Title,Default Title,"Ice Bucket, Silver, Stainless steel, BAR PLATEADO, Minimalist, Classic/Heritage, Bauhaus, Housewarming, Wedding, Hostess Gift, Bar & Barware, Entertaining, Gifting, New Year, Father's Day, Wedding Season, Cocktail Hour, The Well-Set Bar, Open-Door Hospitality, Double-wall stainless steel construction; fitted knob lid, cat:bar-glassware, cat:new-arrivals, seg:season-opener"
bronze-cocktail-shaker-25-4-fl-oz,"Bronze Cocktail Shaker, 25.4 fl oz",24873,Title,Default Title,"Cocktail Shaker, Bronce, BRONCE, Organic Modern, Mid-Century, Minimalist, Housewarming, Hostess Gift, Wedding, Cocktail Hour, Bar & Barware, Entertaining, New Year, Wedding Season, Father's Day, The Well-Set Bar, Hostess Gifts, 25.4 fl oz capacity; bronze-toned finish, cat:bar-glassware, cat:new-arrivals, seg:season-opener"
large-glass-storage-jar-with-bamboo-lid-spoon,Large Glass Storage Jar with Bamboo Lid & Spoon,24945,Title,Default Title,"Storage Jar, Clear, Glass, Bamboo, BAMBU, Organic Modern, Scandinavian, Japandi, Housewarming, Hostess Gift, Thank-You, Everyday Use, Coffee & Tea, Serving, Christmas, Mother's Day, Thanksgiving, The Coffee Ritual, The Tea Ritual, Open-Door Hospitality, Dishwasher-safe; attached bamboo spoon; clear glass body, cat:kitchen, cat:new-arrivals, seg:weeknight-ceremony"
small-glass-storage-jar-with-spoon-and-bamboo-lid,Small Glass Storage Jar with Spoon and Bamboo Lid,24946,Title,Default Title,"Storage Jar, Clear, Glass, Bamboo, BAMBU, Organic Modern, Japandi, Minimalist, Housewarming, Hostess Gift, Thank-You, Everyday Use, Coffee & Tea, Gifting, Christmas, Mother's Day, Wedding Season, The Coffee Ritual, The Tea Ritual, The Host's Touch, Dishwasher-safe; bamboo spoon included, cat:kitchen, cat:new-arrivals, seg:weeknight-ceremony"
bamboo-handle-toilet-brush-with-stand,Bamboo Handle Toilet Brush with Stand,24948,Title,Default Title,"Toilet Brush, Beige, White, Gray, Polypropylene, Bamboo, Caucho, Termoplástico, TPR, ASEO BAMBU, Organic Modern, Scandinavian, Minimalist, Housewarming, Thank-You, Self-Gift, Everyday Use, Décor & Styling, Gifting, The Overnight Guest, The Housewarming, The Host's Touch, Compact freestanding stand; bamboo handle; easy-clean polypropylene construction., cat:bath, cat:gifts, cat:new-arrivals, seg:first-dinner-party"
bamboo-handle-feather-duster-for-blinds-and-shelves,Bamboo Handle Feather Duster for Blinds and Shelves,24949,Title,Default Title,"Feather Duster, Beige, Gray, Polypropylene, Bamboo, ASEO BAMBU, Organic Modern, Japandi, Minimalist, Housewarming, Hostess Gift, Self-Gift, Everyday Use, Décor & Styling, Gifting, Graduation Season, Wedding Season, Open-Door Hospitality, The Host's Touch, The Overnight Guest, Polypropylene dusting head with bamboo handle; slim handheld reach for blinds, electronics, and narrow shelf gaps., cat:bath, cat:new-arrivals"
bamboo-bottle-brush-with-long-handle,Bamboo Bottle Brush with Long Handle,24951,Title,Default Title,"Bottle Brush, Beige, White, Polypropylene, Bamboo, Esponja, ASEO BAMBU, Organic Modern, Scandinavian, Minimalist, Housewarming, Hostess Gift, Self-Gift, Everyday Use, Coffee & Tea, Gifting, Graduation Season, Wedding Season, The Coffee Ritual, The Tea Ritual, Open-Door Hospitality, Bamboo handle; polypropylene head with sponge cleaning surface; hanging hole for air-drying, cat:bath, cat:new-arrivals, seg:weeknight-ceremony"
bamboo-handle-window-squeegee-for-shower-glass,Bamboo Handle Window Squeegee for Shower Glass,24952,Title,Default Title,"Window Squeegee, Beige, Gray, Polypropylene, Bamboo, Caucho, Termoplástico, TPR, ASEO BAMBU, Organic Modern, Scandinavian, Minimalist, Housewarming, Hostess Gift, Self-Gift, Everyday Use, Décor & Styling, Gifting, The Overnight Guest, The Housewarming, The Host's Touch, Anti-slip bamboo handle; TPR strip for streak-free cleaning, cat:bath, cat:new-arrivals"
bamboo-handle-multi-purpose-dish-brush,Bamboo Handle Multi-Purpose Dish Brush,24953,Title,Default Title,"Dish Brush, Beige, Polypropylene, Bamboo, ASEO BAMBU, Organic Modern, Scandinavian, Minimalist, Housewarming, Hostess Gift, Self-Gift, Everyday Use, Cooking & Baking, Gifting, Cooking Together, Open-Door Hospitality, The Host's Touch, Ergonomic bamboo handle; polypropylene bristles for pots, pans, and plates., cat:bath, cat:new-arrivals"
bamboo-mini-broom-standing-dustpan-set,Bamboo Mini Broom & Standing Dustpan Set,24954,Title,Default Title,"Broom & Dustpan Set, Beige, Polypropylene, Bamboo, Polietileno, Tereftalato, Pet, ASEO BAMBU, Organic Modern, Scandinavian, Minimalist, Housewarming, Hostess Gift, Self-Gift, Everyday Use, Entertaining, Gifting, Wedding Season, Open-Door Hospitality, The Host's Touch, The Housewarming, Adjustable bamboo handles; two-piece set with broom and dustpan, cat:bath, cat:gifts, cat:new-arrivals, seg:first-dinner-party"
mini-bamboo-tabletop-broom-and-dustpan-set,Mini Bamboo Tabletop Broom and Dustpan Set,24955,Title,Default Title,"Mini Tabletop Broom and Dustpan Set, Beige, Polypropylene, Bamboo, Polietileno, Tereftalato, Pet, ASEO BAMBU, Organic Modern, Scandinavian, Japandi, Housewarming, Hostess Gift, Just Because, Everyday Use, Entertaining, Décor & Styling, Wedding Season, Mother's Day, The Host's Touch, Open-Door Hospitality, Everyday Beauty, Bamboo handle with polypropylene pan and PET bristles; compact two-piece set for tabletop and desk cleanup, cat:bath, cat:gifts, cat:new-arrivals, seg:first-dinner-party"
dish-brush-with-bamboo-handle,Dish Brush with Bamboo Handle,24956,Title,Default Title,"Dish Brush, Beige, Polypropylene, Bamboo, ASEO BAMBU, Organic Modern, Japandi, Minimalist, Housewarming, Hostess Gift, Self-Gift, Everyday Use, Cooking & Baking, Gifting, Cooking Together, Open-Door Hospitality, The Host's Touch, Bamboo handle; polypropylene bristles; comfortable palm grip, cat:bath, cat:new-arrivals"
white-decorative-dice-box-with-dice,White Decorative Dice Box with Dice,24979,Title,Default Title,"Dice Box, Black, Resin, MDF, Bauhaus, Minimalist, Classic/Heritage, Housewarming, Hostess Gift, Just Because, Everyday Use, Entertaining, Décor & Styling, Christmas, Father's Day, Game Night, The Host's Touch, The Collected Home, Includes dice; compact lidded storage., cat:decor, cat:new-arrivals"
black-resin-dice-box,Black Resin Dice Box,24980,Title,Default Title,"Decorative Dice Box, Black, Resin, MDF, Bauhaus, Minimalist, Housewarming, Hostess Gift, Just Because, Entertaining, Décor & Styling, Gifting, Christmas, Thanksgiving, Game Night, The Well-Set Bar, Hostess Gifts, Lidded dice storage; 70% resin and 30% MDF construction., cat:decor, cat:new-arrivals, seg:someone-in-mind"
white-and-gold-card-deck-box,White and Gold Card Deck Box,24982,Title,Default Title,"Playing Card Box, White, Wood, MDF, Resin, Brass, Iron, Classic/Heritage, Minimalist, Organic Modern, Housewarming, Hostess Gift, Just Because, Entertaining, Bar & Barware, Gifting, Christmas, Father's Day, Game Night, The Well-Set Bar, Hostess Gifts, Lidded one-deck storage; white-and-gold suit detailing, cat:decor, cat:new-arrivals"
black-resin-playing-card-box,Black Resin Playing Card Box,24983,Title,Default Title,"Playing Card Box, Black, Resin, MDF, Minimalist, Bauhaus, Classic/Heritage, Housewarming, Hostess Gift, Just Because, Entertaining, Décor & Styling, Gifting, Christmas, Father's Day, Game Night, The Well-Set Bar, Hostess Gifts, Lidded card storage; wipe clean with a soft, dry cloth., cat:decor, cat:new-arrivals, seg:someone-in-mind"
black-white-resin-domino-set,Black & White Resin Domino Set,24984,Title,Default Title,"Domino Set, White, Resin, MDF, Minimalist, Bauhaus, Scandinavian, Housewarming, Hostess Gift, Just Because, Entertaining, Décor & Styling, Gifting, Christmas, Father's Day, Game Night, Weekend Gatherings, The Host's Touch, Compact storage case; black-and-white pips for easy reading., cat:decor, cat:gifts, cat:new-arrivals, seg:first-dinner-party, seg:someone-in-mind"
white-resin-coasters-set-of-2,"White Resin Coasters, Set of 2",24986,Title,Default Title,"Coaster, White, Resin, MDF, Minimalist, Scandinavian, Organic Modern, Housewarming, Hostess Gift, Thank-You, Everyday Use, Entertaining, Gifting, Wedding Season, Cocktail Hour, The Nightcap, Hostess Gifts, Tabletop protection; resin surface; soft dry-cloth care, cat:tabletop, cat:gifts, cat:new-arrivals, seg:someone-in-mind"
rectangular-borosilicate-glass-meal-prep-container-with-divider,Rectangular Borosilicate Glass Meal Prep Container with Divider,24994,Title,Default Title,"Food Storage Container, Clear, Glass, Polypropylene, Silicone, CONTENEDORES DE BOROSILICATO, Organic Modern, Minimalist, Scandinavian, Housewarming, Hostess Gift, Self-Gift, Everyday Use, Cooking & Baking, Gifting, Wedding Season, Cooking Together, The Sunday Table, Open-Door Hospitality, Glass base oven-safe up to 752°F (400°C); microwave-safe with lid open; dishwasher-safe., cat:kitchen, cat:new-arrivals"
nativo-gold-round-pvc-placemat,Nativo Gold Round PVC Placemat,25096,Title,Default Title,"Placemat, Gold, Pvc, Organic Modern, Minimalist, Classic/Heritage, Housewarming, Hostess Gift, Holiday Gift, Everyday Use, Entertaining, Dinner Party, Thanksgiving, Christmas, New Year, The Dinner Party, The Sunday Table, Holiday Traditions, 100% PVC; low-profile 0.04 in (0.1 cm) thickness, cat:tabletop, cat:new-arrivals"
gold-tree-ring-round-pvc-placemat,Gold Tree Ring Round PVC Placemat,25097,Title,Default Title,"Placemat, Gold, Pvc, TRONCO, Organic Modern, Classic/Heritage, Minimalist, Housewarming, Hostess Gift, Thank-You, Everyday Use, Entertaining, Décor & Styling, Thanksgiving, Christmas, New Year, The Dinner Party, Weekend Gatherings, The Host's Touch, 100% PVC; wipe-clean surface; cutout gold tree-ring design, cat:tabletop, cat:new-arrivals"
hanna-white-porcelain-salt-pepper-set,Hanna White Porcelain Salt & Pepper Set,25139,Title,Default Title,"Salt & Pepper Shaker Set, White, Porcelain, HANNA, Minimalist, Scandinavian, Japandi, Housewarming, Hostess Gift, Wedding, Everyday Use, Entertaining, Serving, Thanksgiving, Christmas, Wedding Season, The Sunday Table, Everyday Celebrations, Hostess Gifts, White porcelain; dishwasher-, microwave-, and oven-safe up to 356°F (180°C)., cat:tabletop, cat:gifts, cat:new-arrivals, seg:the-first-kitchen"
arena-porcelain-bowl-set-of-2,Arena Porcelain Bowl Set of 2,25141,Title,Default Title,"Bowl, Multicolor, Porcelain, ARENA, Organic Modern, Wabi-Sabi, Minimalist, Housewarming, Hostess Gift, Self-Gift, Everyday Use, Entertaining, Serving, Wedding Season, The Sunday Table, Weekend Brunch, The Host's Touch, Porcelain; microwave-, dishwasher-, and oven-safe up to 356°F (180°C)., cat:tabletop, cat:gifts, cat:new-arrivals"
hera-white-porcelain-serving-bowl,Hera White Porcelain Serving Bowl,25143,Title,Default Title,"Serving Bowl, White, Porcelain, HERA, Organic Modern, Minimalist, Wabi-Sabi, Housewarming, Wedding, Hostess Gift, Serving, Entertaining, Dinner Party, Thanksgiving, Christmas, Wedding Season, The Sunday Table, Weekend Gatherings, The Dinner Party, Microwave safe, dishwasher safe, and oven safe to 356°F (180°C) in white porcelain., cat:tabletop, cat:new-arrivals"
arena-porcelain-serving-tray-13-3-in,"Arena Porcelain Serving Tray, 13.3 in",25144,Title,Default Title,"Serving Tray, Multicolor, Porcelain, ARENA, Organic Modern, Wabi-Sabi, Minimalist, Housewarming, Hostess Gift, Wedding, Serving, Entertaining, Gifting, Thanksgiving, Christmas, Wedding Season, The Art of the Table, Weekend Gatherings, Hostess Gifts, Porcelain; microwave-, dishwasher-, and oven-safe up to 356°F (180°C)., cat:tabletop, cat:new-arrivals"
individual-induction-egg-pan-5-5-in,"Individual Induction Egg Pan, 5.5 in",25166,Title,Default Title,"Egg Pan, Black, Steel, Al, Carbono, Baquelita, Minimalist, Organic Modern, Housewarming, Graduation, Self-Gift, Everyday Use, Cooking & Baking, Gifting, Graduation Season, Slow Mornings, Breakfast in Bed, The Coffee Ritual, Induction-ready; Teflon nonstick coating; riveted bakelite handle, cat:kitchen, cat:new-arrivals, seg:weeknight-ceremony"
granite-look-nonstick-fry-pan-7-1-in,"Granite-Look Nonstick Fry Pan, 7.1 in",25168,Title,Default Title,"Fry Pan, Gray, Aluminum, Baquelita, GRANITO, Organic Modern, Scandinavian, Minimalist, Housewarming, Graduation, Self-Gift, Everyday Use, Cooking & Baking, Gifting, Graduation Season, Wedding Season, Slow Mornings, Cooking Together, The Housewarming, Induction-ready; granite-look nonstick coating; double-riveted Bakelite handle, cat:kitchen, cat:new-arrivals, seg:weeknight-ceremony"
black-wine-opener-with-one-button-electric-pull,Black Wine Opener with One-Button Electric Pull,25253,Title,Default Title,"Electric Corkscrew, Black, Abs, Polycarbonate, Minimalist, Bauhaus, Organic Modern, Hostess Gift, Housewarming, Wedding, Bar & Barware, Entertaining, Gifting, Christmas, Father's Day, Wedding Season, Wine Night, Cocktail Hour, The Well-Set Bar, One-button cork extraction; secure bottle alignment for precise pulls., cat:bar-glassware, cat:new-arrivals, seg:season-opener"
gravity-pepper-grinder-silver,"Gravity Pepper Grinder, Silver",25255,Title,Default Title,"Electric Pepper Mill, Silver, Abs, Acrylic, Ceramic, Stainless steel, Organic Modern, Minimalist, Scandinavian, Housewarming, Hostess Gift, Self-Gift, Everyday Use, Cooking & Baking, Serving, Thanksgiving, Christmas, Wedding Season, Cooking Together, The Dinner Party, The Host's Touch, Battery-powered gravity operation; stainless steel 304 body with ceramic grinding component, cat:tabletop, cat:new-arrivals"
opra-white-porcelain-sauce-dishes-5-1-fl-oz-set-of-2,"Opra White Porcelain Sauce Dishes, 5.1 fl oz, Set of 2",25256,Title,Default Title,"Sauce Dish, White, Porcelain, OPRA, Minimalist, Scandinavian, Classic/Heritage, Housewarming, Hostess Gift, Thank-You, Serving, Entertaining, Everyday Use, Thanksgiving, Christmas, Wedding Season, The Dinner Party, The Host's Touch, Everyday Celebrations, Porcelain; microwave-, oven-, and dishwasher-safe., cat:tabletop, cat:gifts, cat:new-arrivals, seg:first-dinner-party, seg:the-first-kitchen, seg:the-full-table"
white-mini-cast-iron-dutch-oven-10-1-fl-oz,"White Mini Cast Iron Dutch Oven, 10.1 fl oz",25273,Title,Default Title,"Mini Dutch Oven, White, Black, Iron, Fundido, Organic Modern, Classic/Heritage, Minimalist, Housewarming, Hostess Gift, Self-Gift, Cooking & Baking, Serving, Gifting, Thanksgiving, Christmas, Wedding Season, Cooking Together, The Dinner Party, Hostess Gifts, 100% cast iron; induction- and oven-safe; 10.1 fl oz (300 mL) capacity, cat:kitchen, cat:new-arrivals, seg:the-full-table"
white-cast-iron-pot-with-lid-2-6-qt,"White Cast Iron Pot with Lid, 2.6 Qt",25274,Title,Default Title,"Dutch Oven, White, Black, Iron, Fundido, Organic Modern, Minimalist, Classic/Heritage, Housewarming, Wedding, Hostess Gift, Everyday Use, Cooking & Baking, Entertaining, Thanksgiving, Christmas, Wedding Season, Cooking Together, The Sunday Table, The Dinner Party, 100% cast iron; induction- and oven-safe., cat:kitchen, cat:new-arrivals, seg:the-first-kitchen, seg:the-full-table"
white-cast-iron-dutch-oven-9-4-in-4-2-qt,"White Cast Iron Dutch Oven, 9.4 in, 4.2 qt",25275,Title,Default Title,"Dutch Oven, White, Black, Iron, Fundido, Organic Modern, Minimalist, Classic/Heritage, Housewarming, Wedding, Holiday Gift, Everyday Use, Cooking & Baking, Entertaining, Thanksgiving, Christmas, Wedding Season, Cooking Together, The Sunday Table, Holiday Traditions, 100% cast iron; induction- and oven-safe; 4.2 qt (4, 000 mL) capacity, cat:kitchen, cat:new-arrivals, seg:the-first-kitchen"
white-cast-iron-skillet-10-2-in,"White Cast Iron Skillet, 10.2 in",25276,Title,Default Title,"Cast Iron Skillet, White, Black, Iron, Fundido, Organic Modern, Scandinavian, Minimalist, Housewarming, Wedding, Self-Gift, Everyday Use, Cooking & Baking, Gifting, Wedding Season, Christmas, Mother's Day, Cooking Together, The Sunday Table, The Housewarming, 100% cast iron; induction-compatible; oven-safe, cat:kitchen, cat:new-arrivals, seg:the-first-kitchen"
white-cast-iron-skillet-7-9-in-20-cm,"White Cast Iron Skillet, 7.9 in (20 cm)",25277,Title,Default Title,"Cast Iron Skillet, White, Black, Iron, Fundido, Organic Modern, Scandinavian, Minimalist, Housewarming, Wedding, Self-Gift, Everyday Use, Cooking & Baking, Gifting, Wedding Season, Cooking Together, The Sunday Table, The Host's Touch, 100% cast iron; induction-compatible and oven-safe., cat:kitchen, cat:new-arrivals, seg:the-first-kitchen"
white-stoneware-pillar-candle-holder,White Stoneware Pillar Candle Holder,25434,Title,Default Title,"Pillar Candle Holder, White, Stoneware, Organic Modern, Japandi, Minimalist, Housewarming, Hostess Gift, Self-Gift, Décor & Styling, Entertaining, Gifting, Christmas, Thanksgiving, Slow Evenings, Candlelit Dinners, The Host's Touch, 100% stoneware; dry-cloth care, cat:decor, cat:new-arrivals"
white-stoneware-pillar-candle-holder-25435,White Stoneware Pillar Candle Holder,25435,Title,Default Title,"Pillar Candle Holder, White, Stoneware, Organic Modern, Scandinavian, Minimalist, Housewarming, Hostess Gift, Thank-You, Décor & Styling, Entertaining, Gifting, Christmas, Thanksgiving, Wedding Season, Candlelit Dinners, Slow Evenings, The Art of the Table, 100% stoneware; indoor-only design, cat:decor, cat:new-arrivals"
black-electronic-kitchen-scale-33-lb-15-kg,"Black Electronic Kitchen Scale, 33 lb (15 kg)",25438,Title,Default Title,"Electronic Kitchen Scale, Black, Glass, Templado, Plastic, Steel, Galvanizado, Silicone, GRAMERA, Minimalist, Scandinavian, Organic Modern, Housewarming, Wedding, Self-Gift, Everyday Use, Cooking & Baking, Gifting, Wedding Season, Christmas, Cooking Together, Recipes Worth Passing Down, The Housewarming, 33 lb (15 kg) capacity; tempered glass top; waterproof body; high-resolution LCD, cat:kitchen, cat:new-arrivals"
acacia-pizza-cutter-serving-board-set,Acacia Pizza Cutter & Serving Board Set,25440,Title,Default Title,"Pizza Cutter & Board Set, Natural Wood, Wood, Acacia, Stainless steel, Organic Modern, Japandi, Minimalist, Housewarming, Hostess Gift, Self-Gift, Everyday Use, Entertaining, Serving, Wedding Season, Weekend Gatherings, Game Night, The Host's Touch, Acacia wood board with stainless steel pizza wheel; radial slice guides., cat:tabletop, cat:gifts, cat:new-arrivals, seg:first-dinner-party"
stainless-steel-serrated-bread-knife-8-in-20-32-cm,"Stainless Steel Serrated Bread Knife, 8 in (20.32 cm)",25443,Title,Default Title,"Bread Knife, Silver, Stainless steel, Minimalist, Scandinavian, Housewarming, Wedding, Hostess Gift, Everyday Use, Serving, Gifting, Wedding Season, The Sunday Table, Weekend Gatherings, The Host's Touch, Stainless steel serrated blade; dishwasher-safe., cat:kitchen, cat:new-arrivals"
small-stainless-steel-manual-whisk-5-3-in,"Small Stainless Steel Manual Whisk, 5.3 in",25451,Title,Default Title,"Mini Whisk, Silver, Stainless steel, Organic Modern, Minimalist, Scandinavian, Housewarming, Hostess Gift, Self-Gift, Everyday Use, Coffee & Tea, Cooking & Baking, Wedding Season, The Coffee Ritual, The Tea Ritual, The Host's Touch, Stainless steel; easy hand cleaning, cat:kitchen, cat:new-arrivals, seg:weeknight-ceremony"
gold-dessert-spoons-set-of-6,Gold Dessert Spoons Set of 6,25533,Title,Default Title,"Dessert Spoon, Gold, Steel, Aleacion, NOCHE BUENA SNOW, Classic/Heritage, Minimalist, Hostess Gift, Housewarming, Holiday Gift, Entertaining, Dinner Party, Serving, Christmas, Candlelit Dinners, Holiday Traditions, The Host's Touch, 85% steel with gold finish; six matching dessert spoons, cat:tabletop, cat:gifts, cat:new-arrivals, seg:season-opener, seg:someone-in-mind"
mini-artificial-pine-tree-with-jute-base-7-9-in,"Mini Artificial Pine Tree with Jute Base, 7.9 in",25603,Title,Default Title,"Artificial Tree, Green, Polietileno, Abeto, Chino, Jute, Organic Modern, Scandinavian, Classic/Heritage, Hostess Gift, Holiday Gift, Just Because, Décor & Styling, Gifting, Special Occasion, Christmas, Holiday Traditions, Seasonal Tables, The Host's Touch, Indoor artificial pine tree; compact footprint; dry-cloth care, cat:decor, cat:new-arrivals"
villa-mini-pine-tree-tabletop-christmas-decor-5-9-in,"Villa Mini Pine Tree Tabletop Christmas Decor, 5.9 in",25609,Title,Default Title,"Artificial Christmas Tree, Green, Polietileno, Abeto, Chino, Organic Modern, Scandinavian, Minimalist, Holiday Gift, Hostess Gift, Just Because, Décor & Styling, Gifting, Special Occasion, Christmas, Holiday Traditions, Seasonal Tables, The Host's Touch, Indoor use; wipe clean with a dry cloth; 85% polyethylene with 15% Chinese fir., cat:decor, cat:new-arrivals"
fluffy-mini-pine-tree-decoration-5-9-in,"Fluffy Mini Pine Tree Decoration, 5.9 in",25610,Title,Default Title,"Mini Artificial Christmas Tree, Green, Polietileno, Abeto, Chino, Scandinavian, Organic Modern, Minimalist, Hostess Gift, Holiday Gift, Just Because, Décor & Styling, Entertaining, Gifting, Christmas, Holiday Traditions, Seasonal Tables, The Host's Touch, Indoor use only; dry-cloth care, cat:decor, cat:new-arrivals"
mini-frosted-artificial-pine-tree-5-9-in,"Mini Frosted Artificial Pine Tree, 5.9 in",25611,Title,Default Title,"Artificial Christmas Tree, Green, Polietileno, Abeto, Chino, Organic Modern, Scandinavian, Minimalist, Hostess Gift, Holiday Gift, Just Because, Décor & Styling, Entertaining, Gifting, Christmas, Holiday Traditions, Seasonal Tables, The Host's Touch, Compact indoor scale; polyethylene branches with Chinese fir base., cat:decor, cat:new-arrivals"
rococo-gold-glass-ornament-3-9-in,"Rococo Gold Glass Ornament, 3.9 in",25670,Title,Default Title,"Christmas Ornament, Gold, Glass, Metal, Classic/Heritage, Organic Modern, Holiday Gift, Hostess Gift, Housewarming, Décor & Styling, Gifting, Special Occasion, Christmas, Holiday Traditions, Seasonal Tables, The Host's Touch, 95% glass body; metal cap; ready-to-hang cord; dry-cloth care, cat:decor, cat:new-arrivals"
gold-glass-crown-ornament-3-9-in,"Gold Glass Crown Ornament, 3.9 in",25671,Title,Default Title,"Christmas Ornament, Gold, Glass, Metal, Classic/Heritage, Organic Modern, Hostess Gift, Holiday Gift, Just Because, Décor & Styling, Gifting, Special Occasion, Christmas, Holiday Traditions, Seasonal Tables, The Host's Touch, Glass construction; metal hanging cap, cat:decor, cat:new-arrivals"
green-dot-glass-ornament-3-9-in,"Green Dot Glass Ornament, 3.9 in",25674,Title,Default Title,"Glass Ornament, Green, Glass, Metal, Classic/Heritage, Organic Modern, Minimalist, Holiday Gift, Hostess Gift, Just Because, Décor & Styling, Gifting, Special Occasion, Christmas, Holiday Traditions, A Gift with a Story, The Collected Home, Glass construction; dotted green surface; metal cap with hanging cord, cat:decor, cat:new-arrivals, seg:someone-in-mind"
green-pine-cone-glass-ornament-3-9-in,"Green Pine Cone Glass Ornament, 3.9 in",25675,Title,Default Title,"Christmas Ornament, Green, Glass, Metal, Organic Modern, Wabi-Sabi, Classic/Heritage, Hostess Gift, Holiday Gift, Housewarming, Décor & Styling, Gifting, Special Occasion, Christmas, Holiday Traditions, The Host's Touch, Hostess Gifts, 95% glass with metal cap; dry-cloth care; raised molded texture, cat:decor, cat:new-arrivals, seg:someone-in-mind"
green-glass-artichoke-christmas-ornament,Green Glass Artichoke Christmas Ornament,25676,Title,Default Title,"Christmas Ornament, Green, Glass, Metal, Organic Modern, Classic/Heritage, Minimalist, Holiday Gift, Hostess Gift, Thank-You, Décor & Styling, Gifting, Special Occasion, Christmas, Holiday Traditions, Objects with Stories, A Gift with a Story, 95% glass with 5% metal; metal hanging loop; dry-cloth care, cat:decor, cat:new-arrivals, seg:someone-in-mind"
cream-pineapple-glass-ornament-3-9-in,"Cream Pineapple Glass Ornament, 3.9 in",25678,Title,Default Title,"Christmas Tree Ornament, Cream, Glass, Metal, Coastal, Classic/Heritage, Organic Modern, Holiday Gift, Hostess Gift, Housewarming, Décor & Styling, Gifting, Special Occasion, Christmas, Holiday Traditions, The Host's Touch, A Gift with a Story, 95% glass and 5% metal; metal cap with hanging loop; dry-cloth care., cat:decor, cat:new-arrivals, seg:someone-in-mind"
cream-honeycomb-glass-ornament-3-9-in,"Cream Honeycomb Glass Ornament, 3.9 in",25679,Title,Default Title,"Christmas Ornament, Cream, Glass, Metal, Organic Modern, Classic/Heritage, Minimalist, Holiday Gift, Hostess Gift, Just Because, Décor & Styling, Gifting, Special Occasion, Christmas, Holiday Traditions, Seasonal Tables, The Host's Touch, 95% glass with metal cap; dry-cloth care; store with separators, cat:decor, cat:new-arrivals, seg:someone-in-mind"
double-green-rattan-mushroom-decorative-object,Double Green Rattan Mushroom Decorative Object,25726,Title,Default Title,"Decorative Object, Natural, Rattan, Musgo, Alambre, Organic Modern, Wabi-Sabi, Japandi, Housewarming, Hostess Gift, Just Because, Décor & Styling, Entertaining, Gifting, Thanksgiving, Christmas, Seasonal Tables, The Collected Home, Hostess Gifts, moss, and wire construction; double-height silhouette with dry-cloth care, cat:decor, cat:new-arrivals, seg:someone-in-mind"
natural-birch-wood-mushroom-decorative-object-5-9-in-15-cm,"Natural Birch Wood Mushroom Decorative Object, 5.9 in (15 cm)",25727,Title,Default Title,"Decorative Object, Natural, Wood, Abedul, Macizo, Corteza, Poliespuma, Organic Modern, Wabi-Sabi, Scandinavian, Housewarming, Hostess Gift, Just Because, Décor & Styling, Gifting, Special Occasion, Thanksgiving, Seasonal Tables, The Collected Home, The Host's Touch, Solid birch wood with natural bark texture; wipe gently with a dry cloth., cat:decor, cat:new-arrivals"
marble-cake-stand-with-glass-dome,Marble Cake Stand with Glass Dome,25745,Title,Default Title,"Cake Stand, Multicolor, Glass, Sodalime, Marble, Organic Modern, Minimalist, Classic/Heritage, Housewarming, Wedding, Hostess Gift, Entertaining, Serving, Gifting, Mother's Day, Thanksgiving, Wedding Season, The Sunday Table, Weekend Brunch, The Host's Touch, Marble base; clear soda-lime glass dome; compact covered display, cat:tabletop, cat:new-arrivals"
gray-cotton-cloth-napkins-set-of-2,"Gray Cotton Cloth Napkins, Set of 2",25751,Title,Default Title,"Cloth Napkin, Gray, Cotton, Gsm, Organic Modern, Scandinavian, Minimalist, Housewarming, Hostess Gift, Thank-You, Everyday Use, Entertaining, Dinner Party, Thanksgiving, Christmas, Wedding Season, The Sunday Table, The Dinner Party, Everyday Celebrations, 100% cotton; 180 GSM; set of 2, cat:tabletop, cat:gifts, cat:new-arrivals, seg:first-dinner-party, seg:the-full-table"
beige-fringed-placemat,Beige Fringed Placemat,25755,Title,Default Title,"Placemat, Beige, Polyester, Cotton, Organic Modern, Minimalist, Coastal, Housewarming, Hostess Gift, Self-Gift, Everyday Use, Entertaining, Dinner Party, Thanksgiving, Wedding Season, The Sunday Table, Weekend Gatherings, The Host's Touch, 50% polyester and 50% cotton; neutral beige with fringed edges, cat:tabletop, cat:new-arrivals"
beige-fringed-cotton-tablecloth-55-x-94-in,"Beige Fringed Cotton Tablecloth, 55 x 94 in",25757,Title,Default Title,"Tablecloth, Beige, Cotton, Gsm, Organic Modern, Scandinavian, Minimalist, Housewarming, Hostess Gift, Wedding, Everyday Use, Entertaining, Décor & Styling, Thanksgiving, Christmas, Easter, The Sunday Table, Weekend Gatherings, The Host's Touch, 100% cotton; 200 GSM weight; fringed border, cat:tabletop, cat:new-arrivals, seg:the-first-kitchen"
beige-and-gray-striped-cotton-linen-apron,Beige and Gray Striped Cotton Linen Apron,25759,Title,Default Title,"Kitchen Apron, Beige, Linen, Cotton, Organic Modern, Scandinavian, Minimalist, Housewarming, Hostess Gift, Self-Gift, Everyday Use, Cooking & Baking, Gifting, Wedding Season, Cooking Together, The Sunday Table, The Host's Touch, 70% cotton and 30% linen; wash up to 104°F (40°C)., cat:kitchen, cat:new-arrivals"
cotton-linen-kitchen-towels-beige-gray-set-of-2,"Cotton-Linen Kitchen Towels, Beige/Gray, Set of 2",25760,Title,Default Title,"Kitchen Towel, Beige-Gris, Linen, Cotton, Organic Modern, Scandinavian, Minimalist, Housewarming, Hostess Gift, Thank-You, Everyday Use, Serving, Gifting, Thanksgiving, Christmas, Wedding Season, Cooking Together, The Host's Touch, The Housewarming, 70% cotton and 30% linen; set of 2 for easy kitchen rotation, cat:kitchen, cat:gifts, cat:new-arrivals, seg:first-dinner-party"
olive-green-cotton-kitchen-apron-with-front-pocket,Olive Green Cotton Kitchen Apron with Front Pocket,25761,Title,Default Title,"Kitchen Apron, Green, Cotton, Gsm, Organic Modern, Japandi, Minimalist, Housewarming, Hostess Gift, Self-Gift, Everyday Use, Cooking & Baking, Gifting, Thanksgiving, Mother's Day, Christmas, Cooking Together, Open-Door Hospitality, Hostess Gifts, 100% cotton; 170 GSM fabric; front pocket, cat:kitchen, cat:new-arrivals"
denim-apron,Denim Apron,25763,Title,Default Title,"Kitchen Apron, Blue, Cotton, Denim, Oz, Organic Modern, Classic/Heritage, Minimalist, Housewarming, Hostess Gift, Self-Gift, Everyday Use, Cooking & Baking, Gifting, Thanksgiving, Christmas, Wedding Season, Cooking Together, The Sunday Table, The Host's Touch, 100% cotton denim; 10 oz fabric; machine-washable up to 104°F (40°C), cat:kitchen, cat:new-arrivals"
snow-porcelain-salad-plates-set-of-4,"Snow Porcelain Salad Plates, Set of 4",25815,Title,Default Title,"Salad Plate, Multicolor, Porcelain, NOCHE BUENA SNOW, Classic/Heritage, Scandinavian, Organic Modern, Housewarming, Hostess Gift, Holiday Gift, Entertaining, Dinner Party, Gifting, Christmas, Thanksgiving, Holiday Traditions, The Sunday Table, The Art of the Table, Dishwasher-safe and microwave-safe porcelain; set of four assorted holiday designs., cat:tabletop, cat:gifts, cat:new-arrivals, seg:someone-in-mind"
holiday-snow-porcelain-dinner-plates-set-of-2,"Holiday Snow Porcelain Dinner Plates, Set of 2",25816,Title,Default Title,"Dinner Plate, Multicolor, Porcelain, NOCHE BUENA SNOW, Classic/Heritage, Scandinavian, Coastal, Hostess Gift, Holiday Gift, Housewarming, Entertaining, Dinner Party, Serving, Christmas, Holiday Traditions, Seasonal Tables, The Art of the Table, Microwave-safe porcelain; dishwasher-safe, cat:tabletop, cat:gifts, cat:new-arrivals, seg:season-opener"
snow-christmas-tree-porcelain-serving-tray,Snow Christmas Tree Porcelain Serving Tray,25817,Title,Default Title,"Serving Tray, Multicolor, Porcelain, NOCHE BUENA SNOW, Classic/Heritage, Organic Modern, Hostess Gift, Holiday Gift, Housewarming, Serving, Entertaining, Gifting, Christmas, Holiday Traditions, The Host's Touch, Hostess Gifts, Dishwasher- and microwave-safe porcelain., cat:tabletop, cat:new-arrivals, seg:someone-in-mind"
holiday-snow-porcelain-mug-set-11-8-fl-oz-set-of-2,"Holiday Snow Porcelain Mug Set, 11.8 fl oz, Set of 2",25818,Title,Default Title,"Mug Set, Multicolor, Porcelain, NOCHE BUENA SNOW, Classic/Heritage, Scandinavian, Hostess Gift, Holiday Gift, Housewarming, Coffee & Tea, Entertaining, Gifting, Christmas, The Coffee Ritual, The Tea Ritual, Holiday Traditions, Porcelain; microwave- and dishwasher-safe., cat:tabletop, cat:gifts, cat:new-arrivals, seg:weeknight-ceremony"
wild-christmas-porcelain-salad-plates-7-9-in-set-of-4,"Wild Christmas Porcelain Salad Plates, 7.9 in, Set of 4",25820,Title,Default Title,"Salad Plate, Multicolor, Porcelain, NAVIDAD SILVESTRE, Organic Modern, Classic/Heritage, Scandinavian, Housewarming, Hostess Gift, Holiday Gift, Everyday Use, Entertaining, Serving, Christmas, Holiday Traditions, Seasonal Tables, The Sunday Table, Porcelain; microwave-safe; dishwasher-safe, cat:tabletop, cat:gifts, cat:new-arrivals"
woodland-holiday-porcelain-dinner-plates-set-of-4,"Woodland Holiday Porcelain Dinner Plates, Set of 4",25821,Title,Default Title,"Dinner Plate, Multicolor, Porcelain, NAVIDAD SILVESTRE, Organic Modern, Classic/Heritage, Wabi-Sabi, Housewarming, Hostess Gift, Holiday Gift, Everyday Use, Entertaining, Serving, Christmas, Thanksgiving, Holiday Traditions, The Sunday Table, The Art of the Table, Porcelain; dishwasher-safe; microwave-safe, cat:tabletop, cat:gifts, cat:new-arrivals"
woodland-christmas-porcelain-mugs-set-of-2,"Woodland Christmas Porcelain Mugs, Set of 2",25822,Title,Default Title,"Coffee Mug, Multicolor, Porcelain, NAVIDAD SILVESTRE, Classic/Heritage, Organic Modern, Scandinavian, Hostess Gift, Holiday Gift, Just Because, Coffee & Tea, Entertaining, Gifting, Christmas, The Coffee Ritual, The Tea Ritual, Holiday Traditions, Dishwasher- and microwave-safe porcelain; generous 11.8 fl oz (350 mL) capacity per mug, cat:tabletop, cat:gifts, cat:new-arrivals, seg:weeknight-ceremony"
porcelain-holiday-cup-saucer-set-8-pieces,"Porcelain Holiday Cup & Saucer Set, 8 Pieces",25824,Title,Default Title,"Cup & Saucer Set, Multicolor, Porcelain, NAVIDAD SILVESTRE, Classic/Heritage, Organic Modern, Housewarming, Hostess Gift, Holiday Gift, Coffee & Tea, Entertaining, Gifting, Christmas, The Coffee Ritual, The Tea Ritual, Holiday Traditions, Microwave- and dishwasher-safe porcelain, cat:tabletop, cat:gifts, cat:new-arrivals, seg:someone-in-mind"
wild-christmas-porcelain-serving-bowl-9-4-in,"Wild Christmas Porcelain Serving Bowl, 9.4 in",25825,Title,Default Title,"Serving Bowl, Multicolor, Porcelain, NAVIDAD SILVESTRE, Classic/Heritage, Organic Modern, Holiday Gift, Hostess Gift, Housewarming, Entertaining, Serving, Gifting, Christmas, Holiday Traditions, The Sunday Table, Hostess Gifts, Microwave- and dishwasher-safe porcelain; 67.6 fl oz (2000 mL) capacity., cat:tabletop, cat:new-arrivals"
woodland-christmas-porcelain-charger-plate,Woodland Christmas Porcelain Charger Plate,25829,Title,Default Title,"Charger Plate, Multicolor, Porcelain, NAVIDAD SILVESTRE, Organic Modern, Classic/Heritage, Scandinavian, Housewarming, Hostess Gift, Holiday Gift, Entertaining, Dinner Party, Special Occasion, Christmas, Thanksgiving, Holiday Traditions, Candlelit Dinners, The Art of the Table, Porcelain; microwave- and dishwasher-safe; printed woodland motif, cat:tabletop, cat:new-arrivals"
snow-holiday-porcelain-charger-plate,Snow Holiday Porcelain Charger Plate,25830,Title,Default Title,"Charger Plate, Multicolor, Porcelain, NOCHE BUENA SNOW, Classic/Heritage, Scandinavian, Minimalist, Housewarming, Hostess Gift, Holiday Gift, Entertaining, Dinner Party, Décor & Styling, Christmas, Thanksgiving, Holiday Traditions, The Dinner Party, The Art of the Table, Dishwasher-safe and microwave-safe porcelain, cat:tabletop, cat:new-arrivals"
olive-branch-paper-napkins-set-of-20,"Olive Branch Paper Napkins, Set of 20",25862,Title,Default Title,"Paper Napkins, Green, Papel, Organic Modern, Minimalist, Coastal, Hostess Gift, Housewarming, Thank-You, Entertaining, Cocktail Hour, Serving, Wedding Season, Mother's Day, Weekend Gatherings, The Host's Touch, Set of 20 disposable paper napkins; green-and-white olive branch print, cat:tabletop, cat:gifts, cat:new-arrivals, seg:season-opener"
acacia-wood-footed-tray,Acacia Wood Footed Tray,25904,Title,Default Title,"Serving Tray, Brown, Wood, Acacia, ACACIA, Organic Modern, Japandi, Minimalist, Housewarming, Hostess Gift, Thank-You, Entertaining, Serving, Gifting, Thanksgiving, Christmas, Wedding Season, Cocktail Hour, The Host's Touch, A Gift with a Story, Acacia wood construction; compact raised-foot design, cat:tabletop, cat:new-arrivals, seg:season-opener"
forest-multicolor-glass-side-plate,Forest Multicolor Glass Side Plate,25909,Title,Default Title,"Side Plate, Multicolor, Glass, Soda-lime, BOSQUE, Organic Modern, Scandinavian, Classic/Heritage, Hostess Gift, Housewarming, Holiday Gift, Serving, Entertaining, Special Occasion, Christmas, Thanksgiving, New Year, Holiday Traditions, Seasonal Tables, The Art of the Table, Dishwasher-safe; soda-lime glass, cat:tabletop, cat:new-arrivals, seg:someone-in-mind, seg:the-full-table"
bamboo-flatware-tray-4-compartments,"Bamboo Flatware Tray, 4 Compartments",25960,Title,Default Title,"Cutlery Organizer, Natural, Bamboo, BAMBU, Organic Modern, Japandi, Minimalist, Housewarming, Wedding, Thank-You, Everyday Use, Entertaining, Gifting, Wedding Season, The Host's Touch, The Collected Home, Everyday Beauty, 100% bamboo with 4 fixed compartments, cat:kitchen, cat:new-arrivals, seg:the-first-kitchen"
acacia-wood-egg-tray-for-6,Acacia Wood Egg Tray for 6,25974,Title,Default Title,"Egg Tray, Natural, Wood, ACACIA, Organic Modern, Japandi, Minimalist, Housewarming, Hostess Gift, Self-Gift, Everyday Use, Cooking & Baking, Décor & Styling, Easter, Mother's Day, Slow Mornings, Cooking Together, The Host's Touch, 100% wood construction; carved six-egg organization, cat:kitchen, cat:new-arrivals, seg:weeknight-ceremony"
natural-bamboo-egg-holder,Natural Bamboo Egg Holder,25975,Title,Default Title,"Egg Cup, Natural, Bamboo, BAMBU, Organic Modern, Japandi, Minimalist, Housewarming, Hostess Gift, Just Because, Everyday Use, Serving, Gifting, Easter, Mother's Day, Slow Mornings, Breakfast in Bed, The Sunday Table, 100% bamboo; upright support for boiled eggs; hand-wash care, cat:tabletop, cat:new-arrivals"
natural-bamboo-napkin-holder,Natural Bamboo Napkin Holder,25979,Title,Default Title,"Napkin Holder, Natural, Bamboo, BAMBU, Organic Modern, Japandi, Minimalist, Housewarming, Hostess Gift, Just Because, Everyday Use, Entertaining, Serving, Thanksgiving, Mother's Day, Wedding Season, Weekend Brunch, Open-Door Hospitality, The Host's Touch, 100% bamboo; compact upright storage, cat:tabletop, cat:new-arrivals"
bamboo-measuring-spoons-set-of-4,"Bamboo Measuring Spoons, Set of 4",25983,Title,Default Title,"Measuring Spoon Set, Natural, Bamboo, BAMBU, Organic Modern, Japandi, Minimalist, Housewarming, Hostess Gift, Self-Gift, Cooking & Baking, Coffee & Tea, Gifting, Wedding Season, The Tea Ritual, Cooking Together, Recipes Worth Passing Down, 100% bamboo; marked in milliliters, cat:kitchen, cat:gifts, cat:new-arrivals, seg:first-dinner-party, seg:weeknight-ceremony"
oval-acacia-wood-salad-servers-set-of-2,"Oval Acacia Wood Salad Servers, Set of 2",25984,Title,Default Title,"Salad Servers, Natural, Wood, ACACIA, Organic Modern, Japandi, Coastal, Housewarming, Wedding, Hostess Gift, Serving, Entertaining, Gifting, Thanksgiving, Christmas, Wedding Season, The Sunday Table, Weekend Gatherings, The Art of the Table, 100% acacia wood; spoon-and-fork serving pair, cat:tabletop, cat:gifts, cat:new-arrivals, seg:the-full-table"
natural-bamboo-ladle-9-1-in-23-cm,"Natural Bamboo Ladle, 9.1 in (23 cm)",25985,Title,Default Title,"Soup Ladle, Natural, Bamboo, BAMBU, Organic Modern, Japandi, Minimalist, Housewarming, Hostess Gift, Just Because, Everyday Use, Cooking & Baking, Serving, Thanksgiving, Cooking Together, The Sunday Table, The Host's Touch, 100% bamboo; compact 1.3 fl oz (38 mL) bowl, cat:tabletop, cat:new-arrivals"
gray-two-compartment-lunch-box,Gray Two-Compartment Lunch Box,25988,Title,Default Title,"Lunch Box, Gray, Polypropylene, Silicone, RECIPIENTES DIVISION, Organic Modern, Scandinavian, Minimalist, Thank-You, Just Because, Self-Gift, Everyday Use, Coffee & Tea, Gifting, Graduation Season, Cooking Together, The Thoughtful Thank-You, Everyday Celebrations, Microwave-safe; dishwasher-safe on the top rack., cat:kitchen, cat:new-arrivals"
gray-silicone-mold-4-round-ice-cubes,"Gray Silicone Mold, 4 Round Ice Cubes",26018,Title,Default Title,"Ice Mold, Gray, Silicone, Minimalist, Organic Modern, Japandi, Housewarming, Hostess Gift, Self-Gift, Bar & Barware, Cocktail Hour, Entertaining, Father's Day, New Year, Christmas, The Nightcap, The Well-Set Bar, 100% silicone, freezer-safe, cat:bar-glassware, cat:new-arrivals, seg:season-opener"
milano-collection-glass-cocktail-shaker-13-5-fl-oz,"Milano Collection Glass Cocktail Shaker, 13.5 fl oz",26019,Title,Default Title,"Cocktail Shaker, Clear, Glass, Soda, Lime, Stainless steel, Classic/Heritage, Minimalist, Housewarming, Hostess Gift, Self-Gift, Cocktail Hour, Bar & Barware, Entertaining, New Year, Wedding Season, Christmas, The Nightcap, The Well-Set Bar, Clear soda-lime glass body; stainless steel top; compact 13.5 fl oz (400 mL) capacity, cat:bar-glassware, cat:new-arrivals, seg:season-opener"
bamboo-lid-stainless-steel-ice-bucket-54-1-fl-oz,"Bamboo Lid Stainless Steel Ice Bucket, 54.1 fl oz",26021,Title,Default Title,"Ice Bucket, Silver, Bamboo, Stainless steel, Organic Modern, Scandinavian, Minimalist, Housewarming, Hostess Gift, Self-Gift, Bar & Barware, Entertaining, Gifting, New Year, Father's Day, Wedding Season, Cocktail Hour, The Well-Set Bar, Hostess Gifts, Stainless steel with bamboo lid; 54.1 fl oz (1600 mL) capacity, cat:bar-glassware, cat:new-arrivals, seg:season-opener"
5-piece-wine-tool-set-in-round-bamboo-box,5-Piece Wine Tool Set in Round Bamboo Box,26024,Title,Default Title,"Wine Tool Set, Silver, Aleacion, Zinc, Silicone, Bamboo, Stainless steel, Organic Modern, Japandi, Minimalist, Housewarming, Wedding, Hostess Gift, Bar & Barware, Entertaining, Gifting, Christmas, Wedding Season, Father's Day, Wine Night, The Dinner Party, The Well-Set Bar, Bamboo storage box; stainless steel, zinc alloy, and silicone tools, cat:bar-glassware, cat:gifts, cat:new-arrivals, seg:first-dinner-party, seg:the-full-table"
wood-handle-waiters-corkscrew-wine-key,Wood Handle Waiter’s Corkscrew Wine Key,26027,Title,Default Title,"Waiter’s Corkscrew, Silver, Wood, Bubinga, Stainless steel, Organic Modern, Classic/Heritage, Minimalist, Housewarming, Wedding, Hostess Gift, Bar & Barware, Entertaining, Gifting, Christmas, New Year, Wedding Season, Wine Night, The Dinner Party, The Well-Set Bar, 89% stainless steel with an 11% bubinga wood handle; compact folding form., cat:bar-glassware, cat:new-arrivals"
aros-ribbed-borosilicate-glass-tumblers-set-of-2,"Aros Ribbed Borosilicate Glass Tumblers, Set of 2",26072,Title,Default Title,"Tumbler, Clear, Glass, AROS, Organic Modern, Minimalist, Wabi-Sabi, Housewarming, Hostess Gift, Thank-You, Bar & Barware, Cocktail Hour, Entertaining, New Year, Wedding Season, The Nightcap, The Well-Set Bar, 100% borosilicate glass; lightweight feel, cat:bar-glassware, cat:gifts, cat:new-arrivals, seg:season-opener"
aros-wide-mouth-borosilicate-glass-pitcher-with-lid-57-5-fl-oz,"Aros Wide Mouth Borosilicate Glass Pitcher with Lid, 57.5 fl oz",26079,Title,Default Title,"Glass Pitcher, Clear, Glass, Stainless steel, AROS, Organic Modern, Scandinavian, Minimalist, Housewarming, Wedding, Hostess Gift, Everyday Use, Entertaining, Serving, Wedding Season, Thanksgiving, Weekend Brunch, Outdoor Living, Open-Door Hospitality, Borosilicate glass with stainless steel lid; wide mouth with controlled-pour spout, cat:tabletop, cat:new-arrivals, seg:the-first-kitchen"
glass-salt-and-pepper-shaker-set-with-bamboo-base,Glass Salt and Pepper Shaker Set with Bamboo Base,26136,Title,Default Title,"Salt & Pepper Shaker Set, Clear, Glass, Soda, Lima, Bamboo, BASE MADERA, Organic Modern, Scandinavian, Minimalist, Housewarming, Hostess Gift, Thank-You, Everyday Use, Entertaining, Serving, Wedding Season, The Sunday Table, Open-Door Hospitality, The Host's Touch, Clear glass jars show seasoning levels; bamboo base keeps both shakers together., cat:tabletop, cat:gifts, cat:new-arrivals, seg:first-dinner-party"
black-double-dish-drainer-with-utensil-holder,Black Double Dish Drainer with Utensil Holder,26142,Title,Default Title,"Dish Drying Rack, Black, Aluminum, Polypropylene, Minimalist, Scandinavian, Housewarming, Wedding, Self-Gift, Everyday Use, Entertaining, Cooking & Baking, Wedding Season, Graduation Season, Cooking Together, Open-Door Hospitality, The Host's Touch, Two-tier storage; divided utensil holder; aluminum and polypropylene construction, cat:kitchen, cat:new-arrivals, seg:first-dinner-party, seg:the-first-kitchen"
gray-silicone-sink-strainer,Gray Silicone Sink Strainer,26143,Title,Default Title,"Sink Drain Strainer, Gray, Silicone, Stainless steel, Minimalist, Organic Modern, Scandinavian, Housewarming, Hostess Gift, Self-Gift, Everyday Use, Cooking & Baking, Gifting, Cooking Together, Open-Door Hospitality, The Host's Touch, Flexible silicone; stainless steel center post and perforated basket, cat:kitchen, cat:new-arrivals"
white-silicone-and-acacia-slotted-spoon,White Silicone and Acacia Slotted Spoon,26146,Title,Default Title,"Slotted Spoon, White, Nailon, Silicone, Wood, Acacia, Stainless steel, SILICONA ACACIA, Organic Modern, Japandi, Minimalist, Housewarming, Wedding, Hostess Gift, Everyday Use, Cooking & Baking, Serving, Wedding Season, Cooking Together, The Sunday Table, The Host's Touch, Heat-resistant silicone head; acacia wood handle, cat:kitchen, cat:new-arrivals"
white-silicone-flat-spoon-with-acacia-wood-handle,White Silicone Flat Spoon with Acacia Wood Handle,26148,Title,Default Title,"Flat Spoon, White, Silicone, Wood, Acacia, Stainless steel, SILICONA ACACIA, Organic Modern, Scandinavian, Minimalist, Housewarming, Hostess Gift, Self-Gift, Everyday Use, Cooking & Baking, Serving, Wedding Season, Cooking Together, The Sunday Table, Hostess Gifts, Nonstick-safe silicone head; temperature range of 5°F to 356°F (−15°C to 180°C)., cat:kitchen, cat:new-arrivals"
acacia-and-white-silicone-pastry-brush,Acacia and White Silicone Pastry Brush,26149,Title,Default Title,"Pastry Brush, White, Silicone, Wood, Acacia, Stainless steel, SILICONA ACACIA, Organic Modern, Japandi, Minimalist, Housewarming, Hostess Gift, Self-Gift, Cooking & Baking, Everyday Use, Gifting, Christmas, Thanksgiving, Wedding Season, Cooking Together, The Sunday Table, Recipes Worth Passing Down, Heat-resistant silicone rated 5°F to 356°F (-15°C to 180°C); acacia wood handle with stainless steel collar; non-shedding silicone bristles, cat:kitchen, cat:new-arrivals"
acacia-wood-and-white-silicone-whisk,Acacia Wood and White Silicone Whisk,26151,Title,Default Title,"Whisk, White, Silicone, Polypropylene, Wood, Acacia, Stainless steel, SILICONA ACACIA, Organic Modern, Scandinavian, Japandi, Housewarming, Wedding, Hostess Gift, Cooking & Baking, Everyday Use, Entertaining, Wedding Season, Mother's Day, Christmas, Cooking Together, The Sunday Table, The Housewarming, Nonstick-safe silicone wires; acacia wood handle; heat-resistant silicone rated from 5°F to 356°F (-15°C to 180°C)., cat:kitchen, cat:new-arrivals, seg:the-first-kitchen"
black-nonstick-mini-saucepan-5-5-in,"Black Nonstick Mini Saucepan, 5.5 in",26202,Title,Default Title,"Mini Saucepan, Black, Aluminum, Baquelita, Minimalist, Organic Modern, Japandi, Housewarming, Wedding, Self-Gift, Everyday Use, Cooking & Baking, Gifting, Graduation Season, Wedding Season, Cooking Together, A Table for One, The Host's Touch, Induction-compatible; enhanced nonstick performance; more abrasion-resistant construction, cat:kitchen, cat:new-arrivals, seg:weeknight-ceremony"
chantal-clear-glass-egg-cups-set-of-2,Chantal Clear Glass Egg Cups Set of 2,26234,Title,Default Title,"Egg Cup, Clear, Glass, Soda, Lima, Classic/Heritage, Scandinavian, Minimalist, Housewarming, Hostess Gift, Just Because, Everyday Use, Coffee & Tea, Entertaining, Easter, Mother's Day, Slow Mornings, The Tea Ritual, Weekend Brunch, Dishwasher-safe soda-lime glass; clear textured set of 2, cat:tabletop, cat:gifts, cat:new-arrivals, seg:weeknight-ceremony"
red-lobster-dolomite-serving-bowl-14-8-in,"Red Lobster Dolomite Serving Bowl, 14.8 in",26242,Title,Default Title,"Serving Bowl, Multicolor, Dolomita, LANGOSTA, Coastal, Mediterranean, Classic/Heritage, Housewarming, Hostess Gift, Birthday, Serving, Entertaining, Gifting, Fourth of July, Outdoor Living, Weekend Gatherings, The Host's Touch, Dolomite ceramic; 32.1 fl oz (950 mL) capacity, cat:tabletop, cat:new-arrivals"
blue-lobster-shell-tray-in-dolomite,Blue Lobster Shell Tray in Dolomite,26243,Title,Default Title,"Decorative Tray, Multicolor, Dolomita, LANGOSTA, Coastal, Classic/Heritage, Minimalist, Housewarming, Hostess Gift, Just Because, Décor & Styling, Gifting, Entertaining, Mother's Day, Wedding Season, The Host's Touch, The Collected Home, A Gift with a Story, Large dolomite shell form with blue lobster artwork; hand wash with a soft sponge and non-abrasive soap, cat:tabletop, cat:new-arrivals, seg:someone-in-mind"
christmas-tree-artificial-marble-cheese-board-knife-set,Christmas Tree Artificial Marble Cheese Board & Knife Set,26263,Title,Default Title,"Cheese Board & Knife Set, White, Marble, Artificial, Stainless steel, Minimalist, Scandinavian, Classic/Heritage, Hostess Gift, Holiday Gift, Housewarming, Serving, Entertaining, Gifting, Christmas, Holiday Traditions, Hostess Gifts, The Art of the Table, Artificial marble board; stainless steel cheese knife included, cat:tabletop, cat:gifts, cat:new-arrivals, seg:season-opener, seg:someone-in-mind, seg:the-full-table"
gaudi-small-cream-sculptural-vase,Gaudi Small Cream Sculptural Vase,26296,Title,Default Title,"Decorative Vase, Cream, Polyresin, GAUDI, Organic Modern, Wabi-Sabi, Minimalist, Housewarming, Hostess Gift, Self-Gift, Décor & Styling, Gifting, Entertaining, Wedding Season, The Collected Home, The Host's Touch, A Gift with a Story, 100% polyresin; wipe clean with a damp cloth., cat:decor, cat:new-arrivals"
frutal-porcelain-dinner-plates-set-of-4,"Frutal Porcelain Dinner Plates, Set of 4",26334,Title,Default Title,"Dinner Plate, Multicolor, Porcelain, FRUTAL, Mediterranean, Classic/Heritage, Organic Modern, Housewarming, Wedding, Hostess Gift, Everyday Use, Entertaining, Serving, Thanksgiving, Wedding Season, Mother's Day, The Sunday Table, Weekend Gatherings, The Art of the Table, Internationally certified lead- and cadmium-free porcelain; complete set of 4 decorative dinner plates, cat:tabletop, cat:gifts, cat:new-arrivals"
fruit-collection-porcelain-salad-plates-7-9-in-set-of-4,"Fruit Collection Porcelain Salad Plates, 7.9 in, Set of 4",26335,Title,Default Title,"Salad Plate, Multicolor, Porcelain, FRUTAL, Classic/Heritage, Organic Modern, Housewarming, Hostess Gift, Birthday, Entertaining, Serving, Gifting, Mother's Day, Easter, Wedding Season, The Sunday Table, Garden Parties, The Art of the Table, Lead-free dinnerware, certified cadmium-free under international standards; four distinct multicolor fruit designs., cat:tabletop, cat:gifts, cat:new-arrivals"
frutal-porcelain-soup-bowl-set-20-3-fl-oz-set-of-4,"Frutal Porcelain Soup Bowl Set, 20.3 fl oz, Set of 4",26336,Title,Default Title,"Soup Bowl, Multicolor, Porcelain, FRUTAL, Classic/Heritage, Organic Modern, Coastal, Housewarming, Wedding, Hostess Gift, Everyday Use, Entertaining, Serving, Thanksgiving, Wedding Season, The Sunday Table, The Dinner Party, The Host's Touch, Lead- and cadmium-free porcelain certified to international standards; deep 20.3 fl oz (600 mL) capacity in a set of 4, cat:tabletop, cat:gifts, cat:new-arrivals, seg:first-dinner-party, seg:the-first-kitchen, seg:the-full-table"
fruit-collection-porcelain-serving-bowl-large,"Fruit Collection Porcelain Serving Bowl, Large",26337,Title,Default Title,"Serving Bowl, Multicolor, Porcelain, FRUTAL, Organic Modern, Mediterranean, Classic/Heritage, Housewarming, Wedding, Hostess Gift, Serving, Entertaining, Gifting, Thanksgiving, Christmas, Mother's Day, The Sunday Table, Weekend Gatherings, The Art of the Table, Lead- and cadmium-free porcelain., cat:tabletop, cat:new-arrivals, seg:season-opener, seg:the-full-table"
frutal-porcelain-bowls-set-10-1-fl-oz-set-of-2,"Frutal Porcelain Bowls Set, 10.1 fl oz, Set of 2",26338,Title,Default Title,"Bowl, Multicolor, Porcelain, FRUTAL, Organic Modern, Scandinavian, Classic/Heritage, Housewarming, Hostess Gift, Thank-You, Everyday Use, Serving, Gifting, Mother's Day, Wedding Season, The Tea Ritual, Weekend Gatherings, A Gift with a Story, Lead- and cadmium-free porcelain; certified to international standards, cat:tabletop, cat:gifts, cat:new-arrivals, seg:someone-in-mind"
botanical-11-inch-porcelain-serving-tray,Botanical 11 Inch Porcelain Serving Tray,26339,Title,Default Title,"Serving Tray, Multicolor, Porcelain, FRUTAL, Organic Modern, Classic/Heritage, Coastal, Housewarming, Hostess Gift, Thank-You, Entertaining, Serving, Décor & Styling, Mother's Day, Thanksgiving, Wedding Season, Weekend Gatherings, The Host's Touch, Everyday Celebrations, Lead- and cadmium-free porcelain; multicolor botanical design with a gold-toned rim, cat:tabletop, cat:new-arrivals"
fruit-motif-porcelain-cups-with-saucers-set-of-4-pairs,"Fruit Motif Porcelain Cups with Saucers, Set of 4 Pairs",26340,Title,Default Title,"Cup & Saucer Set, Multicolor, Porcelain, FRUTAL, Classic/Heritage, Organic Modern, Housewarming, Hostess Gift, Thank-You, Coffee & Tea, Entertaining, Gifting, Mother's Day, Christmas, Wedding Season, The Tea Ritual, Slow Mornings, Hostess Gifts, Lead-free and cadmium-free porcelain cups; four matching cup-and-saucer pairs., cat:tabletop, cat:gifts, cat:new-arrivals, seg:someone-in-mind, seg:weeknight-ceremony"
purple-double-wall-thermos-with-straw-11-8-fl-oz,"Purple Double-Wall Thermos with Straw, 11.8 fl oz",26417,Title,Default Title,"Insulated Water Bottle, Purple, Polypropylene, Caucho, Termoplástico, Stainless steel, Minimalist, Scandinavian, Japandi, Thank-You, Hostess Gift, Self-Gift, Everyday Use, Outdoor & Patio, Gifting, Graduation Season, Christmas, Slow Mornings, The Overnight Guest, Outdoor Living, Stainless steel body with polypropylene and thermoplastic rubber parts; built-in straw with carry handle; double-wall construction, cat:outdoor, cat:new-arrivals"
gray-double-wall-insulated-water-bottle-32-1-fl-oz,"Gray Double-Wall Insulated Water Bottle, 32.1 fl oz",26418,Title,Default Title,"Insulated Water Bottle, Gray, Polypropylene, Caucho, Termoplástico, Stainless steel, Organic Modern, Minimalist, Scandinavian, Housewarming, Thank-You, Self-Gift, Everyday Use, Outdoor & Patio, Gifting, Father's Day, Graduation Season, Outdoor Living, The Overnight Guest, The Host's Touch, Double-wall insulated stainless steel; generous 32.1 fl oz capacity, cat:outdoor, cat:new-arrivals"
tarren-large-beige-ceramic-vase-with-handles,Tarren Large Beige Ceramic Vase with Handles,26447,Title,Default Title,"Decorative Vase, Beige, Ceramic, TARREN, Organic Modern, Wabi-Sabi, Minimalist, Housewarming, Wedding, Hostess Gift, Décor & Styling, Gifting, Entertaining, Mother's Day, Wedding Season, The Collected Home, The Housewarming, Objects with Stories, Ceramic with sculptural side handles; designed for indoor decorative use., cat:decor, cat:new-arrivals"
tarren-beige-ceramic-vase-with-handles,Tarren Beige Ceramic Vase with Handles,26448,Title,Default Title,"Decorative Vase, Beige, Ceramic, TARREN, Organic Modern, Wabi-Sabi, Japandi, Housewarming, Hostess Gift, Self-Gift, Décor & Styling, Gifting, Entertaining, Wedding Season, The Host's Touch, Objects with Stories, The Collected Home, Textured ceramic vase; compact 6.7 in (17 cm) height for shelves and side tables, cat:decor, cat:new-arrivals"
levi-amber-acrylic-coffee-tumblers-set-of-2,"Levi Amber Acrylic Coffee Tumblers, Set of 2",26461,Title,Default Title,"Tumbler, Brown, Acrylic, Poliestireno, LEVI, Organic Modern, Classic/Heritage, Coastal, Housewarming, Hostess Gift, Just Because, Outdoor & Patio, Bar & Barware, Entertaining, Wedding Season, Fourth of July, Cocktail Hour, Outdoor Living, The Well-Set Bar, Lightweight acrylic and polystyrene; embossed brown finish; set of 2., cat:outdoor, cat:gifts, cat:new-arrivals, seg:season-opener"
levi-brown-acrylic-stemmed-goblets-14-9-fl-oz-set-of-2,"Levi Brown Acrylic Stemmed Goblets, 14.9 fl oz, Set of 2",26462,Title,Default Title,"Acrylic Goblet, Brown, Acrylic, Poliestireno, LEVI, Classic/Heritage, Mediterranean, Coastal, Housewarming, Hostess Gift, Self-Gift, Outdoor & Patio, Cocktail Hour, Entertaining, Fourth of July, Wedding Season, Poolside, Outdoor Living, Acrylic and polystyrene construction; made for cold outdoor drinks., cat:outdoor, cat:gifts, cat:new-arrivals, seg:season-opener"
clear-glass-storage-jar-47-3-fl-oz-1400-ml,"Clear Glass Storage Jar, 47.3 fl oz (1400 mL)",26514,Title,Default Title,"Storage Jar, Clear, Glass, Cal, Sodada, Polietileno, Organic Modern, Classic/Heritage, Minimalist, Housewarming, Hostess Gift, Thank-You, Everyday Use, Coffee & Tea, Gifting, Wedding Season, The Tea Ritual, The Host's Touch, The Collected Home, Dishwasher-safe; clear 99% soda-lime glass with 1% polyethylene., cat:kitchen, cat:new-arrivals"
clear-glass-storage-container-with-lid-20-9-fl-oz,"Clear Glass Storage Container with Lid, 20.9 fl oz",26515,Title,Default Title,"Food Storage Container, Clear, Glass, Cal, Sodada, Polietileno, Organic Modern, Classic/Heritage, Minimalist, Housewarming, Hostess Gift, Just Because, Everyday Use, Coffee & Tea, Gifting, Thanksgiving, Christmas, The Coffee Ritual, The Tea Ritual, The Host's Touch, Dishwasher-safe glass container; 99% soda-lime glass., cat:kitchen, cat:new-arrivals, seg:weeknight-ceremony"
clear-glass-beverage-dispenser-with-spigot-128-5-fl-oz,"Clear Glass Beverage Dispenser with Spigot, 128.5 fl oz",26516,Title,Default Title,"Beverage Dispenser, Clear, Glass, Cal, Sodada, Metal, Silicna, Polietileno, BASICS, Organic Modern, Classic/Heritage, Minimalist, Housewarming, Hostess Gift, Thank-You, Entertaining, Serving, Outdoor & Patio, Fourth of July, Thanksgiving, Wedding Season, Weekend Gatherings, Outdoor Living, The Host's Touch, Dishwasher-safe; clear soda-lime glass; 128.5 fl oz (3, 800 mL) capacity, cat:tabletop, cat:new-arrivals, seg:season-opener, seg:someone-in-mind"
ribbed-glass-soap-dispenser-with-black-pump,Ribbed Glass Soap Dispenser with Black Pump,26520,Title,Default Title,"Soap Dispenser, Clear, Glass, Cal, Sodada, Polietileno, Organic Modern, Minimalist, Scandinavian, Housewarming, Hostess Gift, Self-Gift, Everyday Use, Décor & Styling, Gifting, Wedding Season, The Host's Touch, Open-Door Hospitality, Everyday Beauty, Dishwasher-safe; refillable; ribbed soda-lime glass with a black polyethylene pump., cat:bath, cat:new-arrivals"
natural-water-hyacinth-picture-frame-9-1-x-7-1-in-23-x-18-cm,"Natural Water Hyacinth Picture Frame, 9.1 x 7.1 in (23 x 18 cm)",26534,Title,Default Title,"Picture Frame, Natural, Jacinto, Metal, Madera Contrachapada, Organic Modern, Coastal, Wabi-Sabi, Housewarming, Thank-You, Hostess Gift, Décor & Styling, Gifting, Everyday Use, Christmas, Mother's Day, Wedding Season, Objects with Stories, The Collected Home, The Housewarming, Natural water hyacinth with metal and plywood construction; compact tabletop scale., cat:decor, cat:new-arrivals"
ceramic-salt-pepper-set-with-bamboo-tray-3-piece,"Ceramic Salt & Pepper Set with Bamboo Tray, 3-Piece",26570,Title,Default Title,"Salt & Pepper Shaker Set, White, Ceramic, Bambo, CERAMICA Y MADERA, Organic Modern, Scandinavian, Minimalist, Housewarming, Hostess Gift, Wedding, Everyday Use, Entertaining, Serving, Wedding Season, Christmas, The Sunday Table, The Dinner Party, Everyday Celebrations, Dishwasher-safe; ceramic shakers with bamboo tray; 1.4 fl oz (40 mL) capacity each, cat:tabletop, cat:gifts, cat:new-arrivals, seg:first-dinner-party, seg:the-first-kitchen, seg:the-full-table"
white-ceramic-oil-and-vinegar-dispenser-set-8-5-fl-oz,"White Ceramic Oil and Vinegar Dispenser Set, 8.5 fl oz",26571,Title,Default Title,"Oil and Vinegar Dispenser Set, White, Ceramic, Corcho, CERAMICA Y MADERA, Minimalist, Organic Modern, Japandi, Housewarming, Wedding, Hostess Gift, Everyday Use, Serving, Entertaining, Wedding Season, Cooking Together, The Dinner Party, The Art of the Table, Dishwasher-safe ceramic; set of two 8.5 fl oz (250 mL) cruets with cork stoppers, cat:kitchen, cat:gifts, cat:new-arrivals, seg:first-dinner-party, seg:the-first-kitchen, seg:the-full-table"
large-white-ceramic-storage-canister-with-rubberwood-lid,Large White Ceramic Storage Canister with Rubberwood Lid,26572,Title,Default Title,"Storage Canister, White, Ceramic, Wood, Caucho, CERAMICA Y MADERA, Organic Modern, Japandi, Minimalist, Housewarming, Hostess Gift, Self-Gift, Everyday Use, Coffee & Tea, Gifting, Wedding Season, Mother's Day, Christmas, The Coffee Ritual, The Tea Ritual, The Collected Home, Dishwasher-safe; 80% ceramic with rubberwood lid, cat:kitchen, cat:new-arrivals, seg:weeknight-ceremony"
ceramic-sauce-dishes-with-rubberwood-tray-4-piece-set,"Ceramic Sauce Dishes with Rubberwood Tray, 4-Piece Set",26575,Title,Default Title,"Condiment Bowl Set, White, Ceramic, Wood, Caucho, CERAMICA Y MADERA, Organic Modern, Scandinavian, Minimalist, Housewarming, Hostess Gift, Thank-You, Serving, Entertaining, Gifting, Thanksgiving, Christmas, Wedding Season, Weekend Gatherings, Cocktail Hour, The Host's Touch, Dishwasher-safe ceramic dishes with a rubberwood tray; 4.4 fl oz (130 mL) capacity per bowl., cat:tabletop, cat:gifts, cat:new-arrivals, seg:season-opener"
orly-beige-polyurethane-placemat,Orly Beige Polyurethane Placemat,26578,Title,Default Title,"Placemat, Beige, Poliuretano, Organic Modern, Minimalist, Japandi, Housewarming, Hostess Gift, Self-Gift, Everyday Use, Entertaining, Gifting, Thanksgiving, Christmas, Wedding Season, The Sunday Table, Weekend Gatherings, The Host's Touch, 100% polyurethane; wipes clean with a soft cloth, cat:tabletop, cat:new-arrivals"
teramo-round-water-hyacinth-placemat,Teramo Round Water Hyacinth Placemat,26579,Title,Default Title,"Placemat, Natural, Jacinto, Wood, Organic Modern, Coastal, Wabi-Sabi, Housewarming, Hostess Gift, Wedding, Everyday Use, Entertaining, Serving, Thanksgiving, Christmas, Wedding Season, The Sunday Table, Weekend Gatherings, The Art of the Table, 98% water hyacinth; wipe clean with a soft cloth., cat:tabletop, cat:new-arrivals, seg:the-first-kitchen, seg:the-full-table"
milano-round-woven-paper-placemat-brown-fringe,"Milano Round Woven Paper Placemat, Brown Fringe",26580,Title,Default Title,"Placemat, Brown, Papel, Organic Modern, Japandi, Coastal, Housewarming, Hostess Gift, Self-Gift, Everyday Use, Entertaining, Décor & Styling, Thanksgiving, Christmas, Wedding Season, The Sunday Table, Weekend Gatherings, The Art of the Table, 100% paper; wipe-clean care with a soft cloth, cat:tabletop, cat:new-arrivals"
ezra-clear-glass-liquor-decanter-set-with-glasses,Ezra Clear Glass Liquor Decanter Set with Glasses,26586,Title,Default Title,"Liquor Decanter Set, Clear, Glass, Soda, Calcio, EZRA, Classic/Heritage, Minimalist, Housewarming, Wedding, Hostess Gift, Bar & Barware, Cocktail Hour, Entertaining, Christmas, New Year, The Nightcap, The Well-Set Bar, Dishwasher-safe; 100% clear soda-lime glass; stoppered 28.7 fl oz (850 mL) decanter with two 10.8 fl oz (320 mL) glasses., cat:bar-glassware, cat:gifts, cat:new-arrivals, seg:season-opener"
ezra-clear-rocks-glasses-set-of-2,"Ezra Clear Rocks Glasses, Set of 2",26587,Title,Default Title,"Rocks Glass, Clear, Glass, Soda, Calcio, EZRA, Classic/Heritage, Minimalist, Housewarming, Hostess Gift, Self-Gift, Cocktail Hour, Bar & Barware, Entertaining, Christmas, Father's Day, Wedding Season, The Nightcap, The Well-Set Bar, Dishwasher-safe; 100% soda-lime glass; set of 2, cat:bar-glassware, cat:gifts, cat:new-arrivals, seg:season-opener"
8-piece-stainless-steel-nonstick-cookware-set,8-Piece Stainless Steel Nonstick Cookware Set,26588,Title,Default Title,"Cookware Set, Silver, Glass, Stainless steel, OLLAS ACERO INOXIDABLE, Minimalist, Classic/Heritage, Organic Modern, Housewarming, Wedding, Graduation, Everyday Use, Cooking & Baking, Gifting, Wedding Season, Graduation Season, Cooking Together, The Dinner Party, The Housewarming, Nonstick interiors; glass lids for covered cooking, cat:kitchen, cat:gifts, cat:new-arrivals, seg:first-dinner-party, seg:the-first-kitchen, seg:weeknight-ceremony"
ivory-aluminum-cookware-set-8-piece,"Ivory Aluminum Cookware Set, 8-Piece",26589,Title,Default Title,"Cookware Set, White, Aluminum, Glass, Stainless steel, Organic Modern, Scandinavian, Minimalist, Housewarming, Wedding, Self-Gift, Everyday Use, Cooking & Baking, Gifting, Wedding Season, Cooking Together, Weekend Gatherings, The Housewarming, Nonstick coating; aluminum construction for even cooking; glass lids, cat:kitchen, cat:gifts, cat:new-arrivals, seg:the-first-kitchen, seg:weeknight-ceremony"
natural-wood-bead-garland-with-cotton-tassels,Natural Wood Bead Garland with Cotton Tassels,26590,Title,Default Title,"Decorative Garland, Natural, Wood, Cotton, Organic Modern, Japandi, Coastal, Housewarming, Hostess Gift, Just Because, Décor & Styling, Entertaining, Gifting, Thanksgiving, Christmas, The Collected Home, The Host's Touch, Seasonal Tables, Wood beads with cotton tassels; wipe clean with a soft, dry cloth, cat:decor, cat:new-arrivals"
avesa-stainless-steel-dinner-knives-set-of-4,"Avesa Stainless Steel Dinner Knives, Set of 4",26626,Title,Default Title,"Dinner Knife, Silver, Stainless steel, AVESA, Minimalist, Classic/Heritage, Scandinavian, Housewarming, Wedding, Hostess Gift, Everyday Use, Entertaining, Dinner Party, Thanksgiving, Christmas, Wedding Season, The Sunday Table, The Dinner Party, Open-Door Hospitality, Dishwasher-safe stainless steel; set of 4., cat:tabletop, cat:gifts, cat:new-arrivals, seg:first-dinner-party, seg:the-first-kitchen"
avesa-dinner-forks-set-of-4,Avesa Dinner Forks Set of 4,26627,Title,Default Title,"Dinner Fork, Silver, Stainless steel, AVESA, Minimalist, Scandinavian, Classic/Heritage, Housewarming, Wedding, Hostess Gift, Everyday Use, Entertaining, Dinner Party, Thanksgiving, Christmas, Wedding Season, The Dinner Party, Weekend Gatherings, Everyday Celebrations, Stainless steel; dishwasher-safe with prompt drying recommended., cat:tabletop, cat:gifts, cat:new-arrivals, seg:first-dinner-party, seg:the-first-kitchen, seg:the-full-table"
avesa-stainless-steel-dinner-spoons-set-of-4,"Avesa Stainless Steel Dinner Spoons, Set of 4",26628,Title,Default Title,"Dinner Spoon, Silver, Stainless steel, AVESA, Minimalist, Scandinavian, Organic Modern, Housewarming, Hostess Gift, Just Because, Everyday Use, Entertaining, Dinner Party, Wedding Season, The Sunday Table, Weekend Gatherings, The Dinner Party, Dishwasher-safe stainless steel; set of 4 matching dinner spoons., cat:tabletop, cat:gifts, cat:new-arrivals, seg:first-dinner-party"
avesa-stainless-steel-dessert-spoons-set-of-4,"Avesa Stainless Steel Dessert Spoons, Set of 4",26629,Title,Default Title,"Dessert Spoon, Silver, Stainless steel, AVESA, Classic/Heritage, Minimalist, Scandinavian, Housewarming, Hostess Gift, Thank-You, Everyday Use, Coffee & Tea, Entertaining, Christmas, Mother's Day, Wedding Season, The Coffee Ritual, The Tea Ritual, The Host's Touch, Stainless steel; dishwasher-safe with immediate drying., cat:tabletop, cat:gifts, cat:new-arrivals, seg:weeknight-ceremony"
silver-stainless-steel-serving-ladle,Silver Stainless Steel Serving Ladle,26631,Title,Default Title,"Serving Ladle, Silver, Stainless steel, SERVIDORAS PLATEADAS, Classic/Heritage, Minimalist, Organic Modern, Housewarming, Wedding, Hostess Gift, Everyday Use, Entertaining, Serving, Thanksgiving, Christmas, Wedding Season, The Sunday Table, The Dinner Party, Holiday Traditions, Dishwasher safe ladle; polished silver stainless steel., cat:tabletop, cat:new-arrivals, seg:the-first-kitchen, seg:the-full-table"
silver-stainless-steel-pasta-server,Silver Stainless Steel Pasta Server,26632,Title,Default Title,"Pasta Server, Silver, Stainless steel, SERVIDORAS PLATEADAS, Classic/Heritage, Minimalist, Organic Modern, Housewarming, Wedding, Hostess Gift, Everyday Use, Entertaining, Serving, Wedding Season, Cooking Together, The Dinner Party, Recipes Worth Passing Down, Stainless steel construction; dishwasher-safe with prompt drying, cat:tabletop, cat:new-arrivals, seg:the-first-kitchen"
alton-silver-16-piece-stainless-steel-flatware-set,Alton Silver 16-Piece Stainless Steel Flatware Set,26633,Title,Default Title,"Flatware Set, Silver, Stainless steel, ALTON, Minimalist, Scandinavian, Classic/Heritage, Housewarming, Wedding, Hostess Gift, Everyday Use, Entertaining, Serving, Thanksgiving, Christmas, Wedding Season, The Sunday Table, The Dinner Party, Open-Door Hospitality, Stainless steel; dishwasher-safe., cat:tabletop, cat:gifts, cat:new-arrivals, seg:first-dinner-party, seg:the-full-table"
abe-silver-stainless-steel-potato-masher,Abe Silver Stainless Steel Potato Masher,26634,Title,Default Title,"Potato Masher, Silver, Stainless steel, ABE, Minimalist, Scandinavian, Organic Modern, Housewarming, Hostess Gift, Self-Gift, Everyday Use, Cooking & Baking, Gifting, Thanksgiving, Christmas, Wedding Season, Cooking Together, The Sunday Table, Dishwasher-safe stainless steel; perforated round plate; compact 8.7 in (22 cm) length., cat:kitchen, cat:new-arrivals, seg:weeknight-ceremony"
abe-silver-stainless-steel-ladle,Abe Silver Stainless Steel Ladle,26636,Title,Default Title,"Ladle, Silver, Stainless steel, ABE, Minimalist, Classic/Heritage, Scandinavian, Housewarming, Wedding, Hostess Gift, Everyday Use, Serving, Entertaining, Thanksgiving, Christmas, Wedding Season, Cooking Together, The Sunday Table, The Host's Touch, Stainless steel construction; dishwasher safe with immediate drying after washing, cat:kitchen, cat:new-arrivals, seg:the-first-kitchen"
abe-silver-stainless-steel-skimmer-spoon,Abe Silver Stainless Steel Skimmer Spoon,26637,Title,Default Title,"Skimmer Spoon, Silver, Stainless steel, ABE, Minimalist, Classic/Heritage, Housewarming, Wedding, Hostess Gift, Everyday Use, Cooking & Baking, Serving, Thanksgiving, Christmas, Wedding Season, Cooking Together, Weekend Gatherings, The Dinner Party, Stainless steel; dishwasher-safe with immediate drying, cat:kitchen, cat:new-arrivals"
abe-silver-pasta-server-spoon,Abe Silver Pasta Server Spoon,26638,Title,Default Title,"Pasta Server Spoon, Silver, Stainless steel, ABE, Minimalist, Scandinavian, Organic Modern, Housewarming, Hostess Gift, Self-Gift, Cooking & Baking, Serving, Entertaining, Wedding Season, Cooking Together, The Sunday Table, Hostess Gifts, Stainless steel; dishwasher-safe with immediate drying., cat:kitchen, cat:new-arrivals"
abe-silver-large-stainless-steel-serving-spoon,Abe Silver Large Stainless Steel Serving Spoon,26640,Title,Default Title,"Serving Spoon, Silver, Stainless steel, ABE, Minimalist, Organic Modern, Classic/Heritage, Housewarming, Wedding, Hostess Gift, Serving, Entertaining, Everyday Use, Thanksgiving, Christmas, Wedding Season, The Dinner Party, Weekend Gatherings, The Host's Touch, Stainless steel; dishwasher-safe when dried immediately, cat:kitchen, cat:new-arrivals, seg:the-first-kitchen, seg:the-full-table"
austin-silver-20-piece-stainless-steel-flatware-set,Austin Silver 20-Piece Stainless Steel Flatware Set,26641,Title,Default Title,"Flatware Set, Silver, Stainless steel, AUSTIN, Minimalist, Scandinavian, Organic Modern, Housewarming, Wedding, Hostess Gift, Everyday Use, Entertaining, Dinner Party, Thanksgiving, Christmas, Wedding Season, The Sunday Table, The Dinner Party, Open-Door Hospitality, Stainless steel; dishwasher-safe with proper care; complete service for four, cat:tabletop, cat:gifts, cat:new-arrivals, seg:first-dinner-party, seg:the-first-kitchen"
porcelain-letter-mug-a,"Porcelain Letter Mug, A",26645,Title,Default Title,"Mug, Multicolor, Porcelain, New Bone China, HABITAT, Organic Modern, Classic/Heritage, Birthday, Thank-You, Self-Gift, Coffee & Tea, Gifting, Everyday Use, Christmas, Mother's Day, Graduation Season, The Coffee Ritual, The Tea Ritual, The Overnight Guest, 100% new bone china; generous 14.5 fl oz (430 mL) capacity; letter A floral design, cat:tabletop, cat:new-arrivals"
porcelain-letter-mug-c,"Porcelain Letter Mug, C",26646,Title,Default Title,"Coffee Mug, Multicolor, Porcelain, New Bone China, HABITAT, Classic/Heritage, Organic Modern, Coastal, Birthday, Hostess Gift, Just Because, Everyday Use, Coffee & Tea, Gifting, Christmas, The Coffee Ritual, The Tea Ritual, Breakfast in Bed, 100% new bone china; letter C floral design; 14.5 fl oz (430 mL) capacity, cat:tabletop, cat:new-arrivals"
porcelain-letter-mug-f-26648,"Porcelain Letter Mug, F",26648,Title,Default Title,"Mug, Multicolor, Porcelain, New Bone China, HABITAT, Classic/Heritage, Organic Modern, Wabi-Sabi, Birthday, Thank-You, Hostess Gift, Everyday Use, Coffee & Tea, Gifting, Christmas, Mother's Day, Wedding Season, The Coffee Ritual, The Tea Ritual, A Gift with a Story, New bone china; personalized Letter F design; 14.5 fl oz (430 mL) capacity, cat:tabletop, cat:new-arrivals, seg:someone-in-mind"
porcelain-letter-mug-l-26649,"Porcelain Letter Mug, L",26649,Title,Default Title,"Mug, Multicolor, Porcelain, New Bone China, HABITAT, Classic/Heritage, Organic Modern, Birthday, Thank-You, Hostess Gift, Coffee & Tea, Gifting, Everyday Use, Mother's Day, Christmas, Graduation Season, The Coffee Ritual, The Tea Ritual, A Gift with a Story, 100% new bone china; Letter L floral design; generous 14.5 fl oz (430 mL) capacity, cat:tabletop, cat:new-arrivals"
porcelain-letter-mug-d-26650,"Porcelain Letter Mug, D",26650,Title,Default Title,"Mug, Multicolor, Porcelain, New Bone China, HABITAT, Classic/Heritage, Organic Modern, Birthday, Thank-You, Just Because, Coffee & Tea, Everyday Use, Gifting, Mother's Day, Christmas, The Coffee Ritual, The Tea Ritual, A Gift with a Story, 14.5 fl oz capacity; 100% new bone china porcelain; personalized letter D floral design, cat:tabletop, cat:new-arrivals"
habitat-e-floral-porcelain-mug-14-5-fl-oz-430-ml,"Habitat E Floral Porcelain Mug, 14.5 fl oz (430 mL)",26651,Title,Default Title,"Mug, Multicolor, Porcelain, New Bone China, HABITAT, Classic/Heritage, Mediterranean, Organic Modern, Birthday, Thank-You, Hostess Gift, Everyday Use, Coffee & Tea, Gifting, Christmas, Mother's Day, The Coffee Ritual, The Tea Ritual, Breakfast in Bed, 100% new bone china; 14.5 fl oz (430 mL) capacity; decorative letter E design, cat:tabletop, cat:new-arrivals, seg:weeknight-ceremony"
habitat-j-14-5-oz-new-bone-china-floral-mug,Habitat J 14.5 oz New Bone China Floral Mug,26652,Title,Default Title,"Coffee Mug, Multicolor, Porcelain, New Bone China, HABITAT, Organic Modern, Classic/Heritage, Minimalist, Housewarming, Hostess Gift, Just Because, Coffee & Tea, Everyday Use, Gifting, Mother's Day, The Coffee Ritual, The Tea Ritual, Breakfast in Bed, 14.5 fl oz (430 mL) capacity; 100% new bone china porcelain, cat:tabletop, cat:new-arrivals, seg:weeknight-ceremony"
habitat-k-floral-new-bone-china-mug-14-5-oz,"Habitat K Floral New Bone China Mug, 14.5 oz",26653,Title,Default Title,"Mug, Multicolor, Porcelain, New Bone China, HABITAT, Classic/Heritage, Organic Modern, Coastal, Birthday, Thank-You, Just Because, Everyday Use, Coffee & Tea, Gifting, Mother's Day, Christmas, Valentine's Day, Slow Mornings, The Coffee Ritual, The Tea Ritual, Generous 14.5 fl oz (430 mL) capacity; new bone china with a personalized K monogram., cat:tabletop, cat:new-arrivals"
habitat-s-multicolor-floral-porcelain-mug,Habitat S Multicolor Floral Porcelain Mug,26654,Title,Default Title,"Coffee Mug, Multicolor, Porcelain, New Bone China, HABITAT, Classic/Heritage, Organic Modern, Housewarming, Hostess Gift, Self-Gift, Everyday Use, Coffee & Tea, Gifting, Mother's Day, Christmas, The Coffee Ritual, The Tea Ritual, Breakfast in Bed, 100% new bone china mug; generous 14.5 fl oz (430 mL) capacity, cat:tabletop, cat:new-arrivals, seg:weeknight-ceremony"
porcelain-letter-mug-m,"Porcelain Letter Mug, M",26655,Title,Default Title,"Mug, Multicolor, Porcelain, New Bone China, HABITAT, Organic Modern, Classic/Heritage, Minimalist, Birthday, Thank-You, Just Because, Everyday Use, Coffee & Tea, Gifting, Mother's Day, Graduation Season, Slow Mornings, The Coffee Ritual, The Tea Ritual, 100% new bone china porcelain; generous 14.5 fl oz (430 mL) capacity., cat:tabletop, cat:new-arrivals"
habitat-n-floral-porcelain-mug,Habitat N Floral Porcelain Mug,26656,Title,Default Title,"Mug, Multicolor, Porcelain, New Bone China, HABITAT, Classic/Heritage, Mediterranean, Organic Modern, Birthday, Thank-You, Hostess Gift, Everyday Use, Coffee & Tea, Gifting, Christmas, Mother's Day, The Coffee Ritual, The Tea Ritual, Hostess Gifts, Multicolor floral N monogram; 100% new bone china, cat:tabletop, cat:new-arrivals, seg:someone-in-mind"
habitat-p-floral-porcelain-monogram-mug,Habitat P Floral Porcelain Monogram Mug,26657,Title,Default Title,"Mug, Multicolor, Porcelain, New Bone China, HABITAT, Classic/Heritage, Coastal, Birthday, Thank-You, Hostess Gift, Coffee & Tea, Everyday Use, Gifting, Christmas, Mother's Day, The Coffee Ritual, The Tea Ritual, A Gift with a Story, 100% new bone china; personalized P monogram; 14.5 fl oz (430 mL) capacity, cat:tabletop, cat:new-arrivals, seg:someone-in-mind"
tesoro-jungla-new-bone-china-plates-7-9-in-20-cm-set-of-4,"Tesoro Jungla New Bone China Plates, 7.9 in (20 cm), Set of 4",26659,Title,Default Title,"Dessert Plate, Multicolor, Porcelain, New Bone China, TESORO JUNGLA, Organic Modern, Classic/Heritage, Mediterranean, Housewarming, Hostess Gift, Wedding, Entertaining, Serving, Gifting, Wedding Season, The Dinner Party, Weekend Gatherings, The Art of the Table, 100% new bone china; assorted animal-and-floral designs, cat:tabletop, cat:gifts, cat:new-arrivals, seg:first-dinner-party, seg:season-opener, seg:the-full-table"
tesoro-jungla-new-bone-china-cup-and-saucer-set-set-of-4,"Tesoro Jungla New Bone China Cup and Saucer Set, Set of 4",26660,Title,Default Title,"Cup and Saucer Set, Multicolor, Porcelain, New Bone China, TESORO JUNGLA, Organic Modern, Mediterranean, Classic/Heritage, Housewarming, Hostess Gift, Thank-You, Coffee & Tea, Entertaining, Gifting, Christmas, Mother's Day, Wedding Season, The Coffee Ritual, The Tea Ritual, Hostess Gifts, Service for four in 100% new bone china; matching saucers included, cat:tabletop, cat:gifts, cat:new-arrivals"
gray-french-press-coffee-maker-20-3-fl-oz-600-ml,"Gray French Press Coffee Maker, 20.3 fl oz (600 mL)",26664,Title,Default Title,"French Press, Gray, Glass, Polypropylene, Stainless steel, BASICS, Organic Modern, Minimalist, Scandinavian, Housewarming, Hostess Gift, Self-Gift, Coffee & Tea, Everyday Use, Gifting, Christmas, Mother's Day, Father's Day, The Coffee Ritual, Slow Mornings, The Overnight Guest, Borosilicate glass; stainless steel plunger, cat:tabletop, cat:new-arrivals, seg:weeknight-ceremony"
black-wood-tone-glass-french-press-11-8-fl-oz,"Black Wood-Tone Glass French Press, 11.8 fl oz",26667,Title,Default Title,"French Press, Black, Glass, Polypropylene, Stainless steel, PRENSA, Organic Modern, Scandinavian, Minimalist, Housewarming, Hostess Gift, Self-Gift, Coffee & Tea, Everyday Use, Gifting, Christmas, Mother's Day, Father's Day, The Coffee Ritual, Slow Mornings, Breakfast in Bed, Borosilicate glass carafe; reusable stainless steel mesh filter; compact single-serve capacity, cat:tabletop, cat:new-arrivals, seg:weeknight-ceremony"
black-wood-tone-french-press-coffee-maker-33-8-fl-oz,"Black & Wood-Tone French Press Coffee Maker, 33.8 fl oz",26668,Title,Default Title,"French Press, Black, Glass, Polypropylene, Stainless steel, PRENSA, Organic Modern, Scandinavian, Japandi, Housewarming, Hostess Gift, Self-Gift, Coffee & Tea, Entertaining, Gifting, Christmas, Mother's Day, Father's Day, The Coffee Ritual, Slow Mornings, The Host's Touch, Borosilicate glass carafe; reusable stainless steel plunger filter, cat:tabletop, cat:new-arrivals, seg:weeknight-ceremony"
white-french-press-coffee-maker-20-3-fl-oz,"White French Press Coffee Maker, 20.3 fl oz",26670,Title,Default Title,"French Press, White, Glass, Polypropylene, Stainless steel, PRENSA, Organic Modern, Scandinavian, Minimalist, Housewarming, Hostess Gift, Thank-You, Everyday Use, Coffee & Tea, Gifting, Mother's Day, Father's Day, Christmas, The Coffee Ritual, Slow Mornings, The Host's Touch, Borosilicate glass carafe; stainless steel press components; compact small-batch capacity, cat:tabletop, cat:new-arrivals"
marble-finish-salt-and-pepper-mill,Marble-Finish Salt and Pepper Mill,26673,Title,Default Title,"Salt & Pepper Mill, Natural Wood, Wood, Caucho, Plastic, Polypropylene, Aluminum, Stainless steel, Organic Modern, Scandinavian, Minimalist, Housewarming, Hostess Gift, Thank-You, Everyday Use, Serving, Gifting, Thanksgiving, Christmas, Wedding Season, Cooking Together, The Sunday Table, Hostess Gifts, Made for coarse salt and peppercorns; compact 1.1 oz (30 g) capacity, cat:tabletop, cat:new-arrivals"
natural-wood-salt-pepper-mill,Natural Wood Salt & Pepper Mill,26674,Title,Default Title,"Salt & Pepper Mill, Natural Wood, Wood, Caucho, Plastic, Polypropylene, Aluminum, Stainless steel, Organic Modern, Scandinavian, Minimalist, Housewarming, Hostess Gift, Self-Gift, Everyday Use, Entertaining, Serving, Wedding Season, Thanksgiving, Christmas, Cooking Together, The Dinner Party, The Host's Touch, Natural rubberwood body; designed for dry peppercorns and coarse salt., cat:tabletop, cat:new-arrivals, seg:the-full-table"
white-stainless-steel-paring-knife,White Stainless Steel Paring Knife,26678,Title,Default Title,"Paring Knife, Silver, Plastic, Stainless steel, Minimalist, Scandinavian, Organic Modern, Housewarming, Hostess Gift, Self-Gift, Everyday Use, Cooking & Baking, Gifting, Wedding Season, Cooking Together, Cocktail Hour, The Host's Touch, 80% stainless steel and 20% plastic; dishwasher-safe, cat:kitchen, cat:new-arrivals"
white-stainless-steel-slicing-knife,White Stainless Steel Slicing Knife,26680,Title,Default Title,"Slicing Knife, Silver, Plastic, Stainless steel, Minimalist, Scandinavian, Organic Modern, Housewarming, Hostess Gift, Self-Gift, Everyday Use, Entertaining, Cooking & Baking, Thanksgiving, Christmas, Wedding Season, Cooking Together, The Dinner Party, The Sunday Table, Dishwasher-safe; stainless steel blade with white plastic handle, cat:kitchen, cat:new-arrivals"
emek-plastic-cutting-board-set-set-of-2,"Emek Plastic Cutting Board Set, Set of 2",26684,Title,Default Title,"Cutting Board Set, Mustard, Plastic, BASICS, Organic Modern, Minimalist, Scandinavian, Housewarming, Hostess Gift, Self-Gift, Everyday Use, Cooking & Baking, Gifting, Wedding Season, Cooking Together, The Housewarming, The Host's Touch, Set of 2; 100% plastic; cutout handles; hand-wash care, cat:kitchen, cat:gifts, cat:new-arrivals, seg:first-dinner-party"
adesia-gray-salad-vegetable-spinner,Adesia Gray Salad & Vegetable Spinner,26685,Title,Default Title,"Salad Spinner, Gray, Polypropylene, Poliestireno, Tpe, Plastic, Abs, Polioximetileno, SLATE, Minimalist, Scandinavian, Organic Modern, Housewarming, Wedding, Hostess Gift, Everyday Use, Cooking & Baking, Gifting, Thanksgiving, Wedding Season, Cooking Together, The Sunday Table, The Host's Touch, Dishwasher-safe; removable colander basket; 101.4 fl oz (3 L) capacity, cat:kitchen, cat:new-arrivals"
adesia-gray-handheld-spiral-grater,Adesia Gray Handheld Spiral Grater,26686,Title,Default Title,"Spiral Grater, Gray, Abs, Stainless steel, SLATE, Minimalist, Scandinavian, Organic Modern, Housewarming, Hostess Gift, Just Because, Everyday Use, Cooking & Baking, Gifting, Wedding Season, Cooking Together, Weekend Gatherings, Hostess Gifts, Dishwasher safe; compact handheld format; stainless steel cutting edge, cat:kitchen, cat:new-arrivals"
adesia-pull-cord-food-chopper-30-oz-gray,"Adesia Pull Cord Food Chopper, 30 oz Gray",26687,Title,Default Title,"Manual Food Chopper, Gray, Abs, Poliestireno, Polypropylene, Tpe, Stainless steel, SLATE, Minimalist, Scandinavian, Organic Modern, Housewarming, Hostess Gift, Self-Gift, Cooking & Baking, Everyday Use, Entertaining, Thanksgiving, Wedding Season, Christmas, Cooking Together, Weekend Gatherings, The Dinner Party, Dishwasher-safe bowl, blade, and beater; stainless steel cutting blade; no outlet required., cat:kitchen, cat:new-arrivals, seg:the-full-table"
adesia-gray-multi-function-vegetable-chopper,Adesia Gray Multi-Function Vegetable Chopper,26688,Title,Default Title,"Vegetable Chopper, Gray, Abs, Poliestireno, Polypropylene, Tpe, Stainless steel, SLATE, Organic Modern, Scandinavian, Minimalist, Housewarming, Hostess Gift, Self-Gift, Everyday Use, Cooking & Baking, Gifting, Thanksgiving, Wedding Season, Cooking Together, The Sunday Table, Hostess Gifts, Dishwasher-safe; stainless steel blades., cat:kitchen, cat:new-arrivals"
adesia-gray-abs-garlic-chopper,Adesia Gray ABS Garlic Chopper,26689,Title,Default Title,"Manual Garlic Chopper, Gray, Abs, SLATE, Minimalist, Scandinavian, Organic Modern, Housewarming, Hostess Gift, Thank-You, Everyday Use, Cooking & Baking, Gifting, Wedding Season, Cooking Together, The Sunday Table, Hostess Gifts, Dishwasher-safe; compact 100% ABS construction, cat:kitchen, cat:new-arrivals"
oval-acacia-footed-serving-board-14-2-in,"Oval Acacia Footed Serving Board, 14.2 in",26702,Title,Default Title,"Serving Board, Natural, Wood, Acacia, ACACIA, Organic Modern, Japandi, Minimalist, Housewarming, Hostess Gift, Wedding, Entertaining, Serving, Gifting, Thanksgiving, Christmas, Wedding Season, The Dinner Party, Cocktail Hour, Hostess Gifts, 100% acacia wood; raised footed profile; naturally varied grain, cat:tabletop, cat:new-arrivals, seg:the-first-kitchen, seg:the-full-table"
natural-bamboo-salt-pepper-shaker-set,Natural Bamboo Salt & Pepper Shaker Set,26703,Title,Default Title,"Salt & Pepper Shaker Set, Natural, Bamboo, Pvc, BAMBU, Organic Modern, Japandi, Minimalist, Housewarming, Hostess Gift, Thank-You, Everyday Use, Serving, Gifting, Thanksgiving, Christmas, The Sunday Table, Everyday Celebrations, Hostess Gifts, Bamboo and PVC construction; includes 1 salt shaker and 1 pepper shaker; hand wash only., cat:tabletop, cat:gifts, cat:new-arrivals"
bamboo-handle-drain-plunger-17-7-in,"Bamboo Handle Drain Plunger, 17.7 in",26706,Title,Default Title,"Drain Plunger, Natural Wood, Beige, Polypropylene, Pvc, Bamboo, ASEO BAMBU, Organic Modern, Minimalist, Japandi, Housewarming, Graduation, Self-Gift, Everyday Use, Gifting, The Overnight Guest, The Housewarming, Open-Door Hospitality, Durable PVC cup; bamboo handle for controlled pressure, cat:bath, cat:new-arrivals"
bamboo-ring-dish-brush-for-pots-pans,Bamboo Ring Dish Brush for Pots & Pans,26707,Title,Default Title,"Dish Brush, Natural, Beige, Bamboo, Polypropylene, ASEO BAMBU, Organic Modern, Japandi, Minimalist, Housewarming, Hostess Gift, Just Because, Everyday Use, Cooking & Baking, Gifting, Wedding Season, Cooking Together, Open-Door Hospitality, The Host's Touch, 72% bamboo with an ergonomic ring handle; polypropylene bristles for pots, pans, and plates., cat:bath, cat:new-arrivals"
bamboo-handle-broom-and-dustpan-set,Bamboo Handle Broom and Dustpan Set,26708,Title,Default Title,"Broom and Dustpan Set, Natural Wood, Beige, Polypropylene, Polietileno, Tereftalato, Pet, Caucho, Termoplástico, TPR, Bamboo, ASEO BAMBU, Organic Modern, Japandi, Minimalist, Housewarming, Thank-You, Self-Gift, Everyday Use, Gifting, Décor & Styling, Open-Door Hospitality, The Overnight Guest, Everyday Beauty, Adjustable bamboo handles; two-piece long-handled cleaning set., cat:bath, cat:gifts, cat:new-arrivals, seg:first-dinner-party"
long-bamboo-handle-bottle-cleaning-brush-16-5-in-42-cm,"Long Bamboo Handle Bottle Cleaning Brush, 16.5 in (42 cm)",26709,Title,Default Title,"Bottle Brush, Natural Wood, White, Bamboo, Polypropylene, Iron, ASEO BAMBU, Organic Modern, Japandi, Minimalist, Housewarming, Hostess Gift, Just Because, Everyday Use, Coffee & Tea, Gifting, Graduation Season, The Host's Touch, Open-Door Hospitality, Everyday Beauty, 16.5 in (42 cm) deep reach; bamboo handle with flexible iron core, cat:bath, cat:new-arrivals"
beige-ceramic-16-piece-dinnerware-set-service-for-4,"Beige Ceramic 16-Piece Dinnerware Set, Service for 4",26710,Title,Default Title,"Dinnerware Set, Beige, Ceramic, BASICS, Organic Modern, Wabi-Sabi, Minimalist, Housewarming, Wedding, Hostess Gift, Everyday Use, Entertaining, Serving, Thanksgiving, Christmas, Wedding Season, The Sunday Table, Weekend Gatherings, The Dinner Party, 100% ceramic; microwave- and dishwasher-safe., cat:tabletop, cat:gifts, cat:new-arrivals, seg:first-dinner-party, seg:season-opener, seg:the-first-kitchen, seg:the-full-table"
palermo-white-porcelain-dinnerware-set-service-for-4,"Palermo White Porcelain Dinnerware Set, Service for 4",26711,Title,Default Title,"Dinnerware Set, White, Porcelain, BASICS, Minimalist, Scandinavian, Classic/Heritage, Housewarming, Wedding, Hostess Gift, Everyday Use, Entertaining, Coffee & Tea, Wedding Season, Thanksgiving, Christmas, The Sunday Table, The Dinner Party, Everyday Celebrations, 100% porcelain; microwave- and dishwasher-safe; complete 20-piece service for 4, cat:tabletop, cat:gifts, cat:new-arrivals, seg:first-dinner-party, seg:the-first-kitchen, seg:the-full-table"
jungle-treasure-porcelain-dinner-plates-10-8-in-27-5-cm-set-of-4,"Jungle Treasure Porcelain Dinner Plates, 10.8 in (27.5 cm), Set of 4",26713,Title,Default Title,"Dinner Plate, Multicolor, Porcelain, New Bone China, TESORO JUNGLA, Classic/Heritage, Organic Modern, Housewarming, Wedding, Hostess Gift, Entertaining, Dinner Party, Serving, Wedding Season, Thanksgiving, Christmas, The Dinner Party, The Sunday Table, The Art of the Table, 100% new bone china plates; set of 4 assorted multicolor designs, cat:tabletop, cat:gifts, cat:new-arrivals, seg:the-full-table"
white-porcelain-sauce-dish-3-fl-oz,"White Porcelain Sauce Dish, 3 fl oz",26745,Title,Default Title,"Sauce Dish, White, Porcelain, Minimalist, Scandinavian, Classic/Heritage, Housewarming, Hostess Gift, Thank-You, Everyday Use, Serving, Entertaining, Thanksgiving, Christmas, The Host's Touch, The Art of the Table, Cocktail Hour, Porcelain; microwave-safe; dishwasher-safe., cat:tabletop, cat:new-arrivals"
matte-black-porcelain-bowl-4-3-in,"Matte Black Porcelain Bowl, 4.3 in",26746,Title,Default Title,"Bowl, Black, Porcelain, NEGRO MATE, Minimalist, Japandi, Organic Modern, Housewarming, Hostess Gift, Self-Gift, Everyday Use, Entertaining, Serving, Thanksgiving, Christmas, Wedding Season, The Dinner Party, The Host's Touch, The Art of the Table, Microwave- and dishwasher-safe porcelain, cat:tabletop, cat:new-arrivals, seg:the-full-table"
white-moka-pot-with-wood-handle-9-cup,"White Moka Pot with Wood Handle, 9 Cup",26749,Title,Default Title,"Moka Pot, White, Aluminum, Wood, MOKA, Scandinavian, Japandi, Minimalist, Housewarming, Hostess Gift, Self-Gift, Coffee & Tea, Everyday Use, Entertaining, Mother's Day, Father's Day, Christmas, The Coffee Ritual, Slow Mornings, The Overnight Guest, 15.2 fl oz (450 mL) capacity; aluminum body with wood handle, cat:tabletop, cat:new-arrivals, seg:weeknight-ceremony"
ivory-spiral-taper-candles-set-of-2,"Ivory Spiral Taper Candles, Set of 2",26750,Title,Default Title,"Taper Candle, Ivory, Paraffin, Cera, Soja, ESPIRAL, Minimalist, Classic/Heritage, Scandinavian, Housewarming, Hostess Gift, Just Because, Entertaining, Dinner Party, Décor & Styling, Christmas, Thanksgiving, Wedding Season, Candlelit Dinners, The Dinner Party, The Host's Touch, Unscented; 80% paraffin and 20% soy wax blend; sculpted spiral form, cat:home-fragrance, cat:gifts, cat:new-arrivals, seg:first-dinner-party"
spiral-taper-candles-beige-set-of-2,"Spiral Taper Candles, Beige, Set of 2",26751,Title,Default Title,"Taper Candle, Beige, Paraffin, Cera, Soja, ESPIRAL, Organic Modern, Scandinavian, Minimalist, Housewarming, Hostess Gift, Thank-You, Entertaining, Dinner Party, Décor & Styling, Thanksgiving, Christmas, Wedding Season, Candlelit Dinners, The Dinner Party, The Host's Touch, Unscented; 80% paraffin and 20% soy wax blend; sculptural spiral form, cat:home-fragrance, cat:gifts, cat:new-arrivals"
ivory-striped-pillar-candle-unscented-5-1-in-13-cm,"Ivory Striped Pillar Candle, Unscented, 5.1 in (13 cm)",26752,Title,Default Title,"Pillar Candle, Ivory, Paraffin, Cera, Soja, FRANJAS, Organic Modern, Minimalist, Classic/Heritage, Housewarming, Hostess Gift, Thank-You, Décor & Styling, Entertaining, Gifting, Christmas, Thanksgiving, Wedding Season, Candlelit Dinners, The Art of the Table, Hostess Gifts, Unscented; 50% paraffin and 50% soy wax blend; ribbed ivory form, cat:home-fragrance, cat:new-arrivals"
ivory-ribbed-pillar-candle-8-3-in,"Ivory Ribbed Pillar Candle, 8.3 in",26753,Title,Default Title,"Pillar Candle, Ivory, Paraffin, Cera, Soja, FRANJAS, Organic Modern, Minimalist, Classic/Heritage, Housewarming, Hostess Gift, Thank-You, Décor & Styling, Entertaining, Gifting, Thanksgiving, Christmas, Wedding Season, Candlelit Dinners, Slow Evenings, The Host's Touch, Unscented; 50/50 paraffin-soy wax; ribbed ivory surface, cat:home-fragrance, cat:new-arrivals"
ivory-fluted-pillar-candle-5-5-in,"Ivory Fluted Pillar Candle, 5.5 in",26754,Title,Default Title,"Pillar Candle, Ivory, Paraffin, Cera, Soja, COLUMNA, Organic Modern, Japandi, Minimalist, Housewarming, Hostess Gift, Thank-You, Décor & Styling, Entertaining, Gifting, Christmas, Thanksgiving, Wedding Season, Candlelit Dinners, Slow Evenings, The Host's Touch, Unscented; 50% paraffin and 50% soy wax blend, cat:home-fragrance, cat:new-arrivals"
ivory-ribbed-unscented-pillar-candle-9-4-in,"Ivory Ribbed Unscented Pillar Candle, 9.4 in",26755,Title,Default Title,"Pillar Candle, Ivory, Paraffin, Cera, Soja, COLUMNA, Organic Modern, Scandinavian, Minimalist, Housewarming, Hostess Gift, Thank-You, Décor & Styling, Entertaining, Gifting, Christmas, Thanksgiving, Wedding Season, Candlelit Dinners, The Dinner Party, Hostess Gifts, Unscented; 50% paraffin and 50% soy wax; ribbed ivory surface., cat:home-fragrance, cat:new-arrivals, seg:someone-in-mind, seg:the-full-table"
woven-texture-ivory-pillar-candle-4-5-in,"Woven-Texture Ivory Pillar Candle, 4.5 in",26757,Title,Default Title,"Pillar Candle, Ivory, Paraffin, Cera, Soja, TEJIDO, Organic Modern, Japandi, Minimalist, Housewarming, Hostess Gift, Thank-You, Décor & Styling, Entertaining, Gifting, Thanksgiving, Christmas, Wedding Season, Candlelit Dinners, Slow Evenings, The Host's Touch, Unscented; 50% paraffin and 50% soy wax blend; raised woven texture, cat:home-fragrance, cat:new-arrivals, seg:someone-in-mind"
ivory-cyclone-unscented-sculptural-candle-3-5-in-9-cm,"Ivory Cyclone Unscented Sculptural Candle, 3.5 in (9 cm)",26758,Title,Default Title,"Unscented Candle, Ivory, Paraffin, Cera, Soja, CICLON, Organic Modern, Japandi, Minimalist, Housewarming, Hostess Gift, Just Because, Décor & Styling, Entertaining, Gifting, Christmas, Thanksgiving, Valentine's Day, Candlelit Dinners, Slow Evenings, The Host's Touch, Unscented; 50% paraffin and 50% soy wax blend, cat:home-fragrance, cat:new-arrivals"
ciclon-ivory-sculptural-unscented-candle,Ciclón Ivory Sculptural Unscented Candle,26759,Title,Default Title,"Sculptural Candle, Ivory, Paraffin, Cera, Soja, CICLON, Organic Modern, Japandi, Minimalist, Housewarming, Hostess Gift, Self-Gift, Décor & Styling, Entertaining, Gifting, Christmas, Thanksgiving, Wedding Season, Candlelit Dinners, The Dinner Party, The Host's Touch, Unscented; 50% paraffin and 50% soy wax; sculptural ivory form, cat:home-fragrance, cat:new-arrivals"
beta-ivory-ribbed-unscented-candle,Beta Ivory Ribbed Unscented Candle,26763,Title,Default Title,"Pillar Candle, Ivory, Paraffin, Cera, Soja, BETA, Organic Modern, Minimalist, Japandi, Housewarming, Hostess Gift, Thank-You, Décor & Styling, Entertaining, Gifting, Thanksgiving, Christmas, New Year, Candlelit Dinners, The Host's Touch, Everyday Beauty, Unscented; 50% paraffin and 50% soy wax blend; ribbed sculptural form, cat:home-fragrance, cat:new-arrivals, seg:someone-in-mind"
ivory-roman-unscented-pillar-candle-5-9-in,"Ivory Roman Unscented Pillar Candle, 5.9 in",26764,Title,Default Title,"Pillar Candle, Ivory, Paraffin, Cera, Soja, ROMANO, Classic/Heritage, Minimalist, Organic Modern, Housewarming, Hostess Gift, Thank-You, Décor & Styling, Entertaining, Gifting, Thanksgiving, Christmas, Wedding Season, Candlelit Dinners, The Dinner Party, The Host's Touch, Unscented; 50% paraffin, 50% soy wax; fluted Roman form, cat:home-fragrance, cat:new-arrivals"
beige-ribbed-pillar-candle-unscented-5-9-in,"Beige Ribbed Pillar Candle, Unscented 5.9 in",26765,Title,Default Title,"Pillar Candle, Beige, Paraffin, Cera, Soja, ROMANO, Organic Modern, Japandi, Minimalist, Housewarming, Hostess Gift, Just Because, Décor & Styling, Entertaining, Gifting, Thanksgiving, Christmas, New Year, Candlelit Dinners, Slow Evenings, The Host's Touch, Unscented; 50% paraffin and 50% soy wax blend., cat:home-fragrance, cat:new-arrivals, seg:someone-in-mind"
roman-ivory-unscented-sculptural-candle-7-7-in,"Roman Ivory Unscented Sculptural Candle, 7.7 in",26766,Title,Default Title,"Sculptural Candle, Ivory, Paraffin, Cera, Soja, ROMANO, Organic Modern, Minimalist, Wabi-Sabi, Housewarming, Hostess Gift, Just Because, Décor & Styling, Entertaining, Gifting, Christmas, Thanksgiving, Wedding Season, Candlelit Dinners, Slow Evenings, The Host's Touch, Unscented; 50% paraffin, 50% soy wax blend; sculptural ivory form., cat:home-fragrance, cat:new-arrivals"
roman-sculptural-candle-beige,"Roman Sculptural Candle, Beige",26767,Title,Default Title,"Sculptural Pillar Candle, Beige, Paraffin, Cera, Soja, ROMANO, Organic Modern, Minimalist, Mediterranean, Housewarming, Hostess Gift, Self-Gift, Décor & Styling, Entertaining, Gifting, Thanksgiving, Christmas, New Year, Candlelit Dinners, Slow Evenings, The Host's Touch, Unscented; 50% paraffin and 50% soy wax; molded sculptural relief., cat:home-fragrance, cat:new-arrivals"
ivory-spiral-taper-candles-9-8-in-set-of-2,"Ivory Spiral Taper Candles, 9.8 in, Set of 2",26770,Title,Default Title,"Taper Candle, Ivory, Paraffin, Cera, Soja, ESPIRAL, Organic Modern, Minimalist, Scandinavian, Housewarming, Hostess Gift, Wedding, Entertaining, Dinner Party, Décor & Styling, Christmas, Thanksgiving, Wedding Season, Candlelit Dinners, The Dinner Party, The Art of the Table, Unscented; 85% paraffin and 15% soy wax; sculptural spiral form, cat:home-fragrance, cat:gifts, cat:new-arrivals, seg:first-dinner-party, seg:the-full-table"
beige-spiral-taper-candles-9-8-in-set-of-2,"Beige Spiral Taper Candles, 9.8 in, Set of 2",26771,Title,Default Title,"Taper Candle, Beige, Paraffin, Cera, Soja, ESPIRAL, Organic Modern, Minimalist, Wabi-Sabi, Housewarming, Hostess Gift, Just Because, Décor & Styling, Entertaining, Gifting, Thanksgiving, Christmas, Wedding Season, Candlelit Dinners, Slow Evenings, The Host's Touch, Unscented; paraffin-soy wax blend, cat:home-fragrance, cat:gifts, cat:new-arrivals"
milano-stainless-steel-cocktail-shaker-25-4-fl-oz,"Milano Stainless Steel Cocktail Shaker, 25.4 fl oz",26774,Title,Default Title,"Cocktail Shaker, Gray, Stainless steel, MILANO, Minimalist, Bauhaus, Housewarming, Hostess Gift, Self-Gift, Bar & Barware, Cocktail Hour, Entertaining, New Year, Father's Day, Wedding Season, The Nightcap, The Well-Set Bar, 100% stainless steel; 25.4 fl oz (750 mL) capacity, cat:bar-glassware, cat:new-arrivals, seg:season-opener"
milano-double-wall-stainless-steel-ice-bucket,Milano Double-Wall Stainless Steel Ice Bucket,26775,Title,Default Title,"Ice Bucket, Gray, Stainless steel, MILANO, Minimalist, Organic Modern, Japandi, Housewarming, Wedding, Hostess Gift, Cocktail Hour, Bar & Barware, Entertaining, New Year, Wedding Season, The Dinner Party, The Well-Set Bar, Double-wall stainless steel construction; fitted lid and arched carry handle, cat:bar-glassware, cat:new-arrivals, seg:season-opener"
stainless-steel-whistling-tea-kettle-50-7-fl-oz-1-5-l,"Stainless Steel Whistling Tea Kettle, 50.7 fl oz (1.5 L)",26777,Title,Default Title,"Whistling Tea Kettle, Silver, Nailon, Stainless steel, TETERA, Organic Modern, Scandinavian, Minimalist, Housewarming, Wedding, Hostess Gift, Coffee & Tea, Everyday Use, Gifting, Christmas, Mother's Day, Wedding Season, The Tea Ritual, Slow Mornings, The Coffee Ritual, All-stovetop compatibility including induction; audible whistling spout., cat:tabletop, cat:new-arrivals, seg:the-first-kitchen, seg:weeknight-ceremony"
acacia-handle-ice-cream-scoop,Acacia Handle Ice Cream Scoop,26839,Title,Default Title,"Ice Cream Scoop, Silver, Aleacion, Zinc, Wood, Acacia, Organic Modern, Classic/Heritage, Minimalist, Housewarming, Hostess Gift, Just Because, Everyday Use, Entertaining, Gifting, Wedding Season, Weekend Gatherings, The Dinner Party, A Gift with a Story, Zinc alloy head with acacia wood handle, cat:kitchen, cat:new-arrivals, seg:first-dinner-party"
acacia-handle-cut-and-serve-pie-server,Acacia Handle Cut and Serve Pie Server,26840,Title,Default Title,"Pie Server, Silver, Plastic, Wood, Acacia, Stainless steel, ACACIA, Organic Modern, Minimalist, Classic/Heritage, Housewarming, Wedding, Hostess Gift, Everyday Use, Entertaining, Serving, Thanksgiving, Christmas, Wedding Season, The Sunday Table, Holiday Traditions, The Host's Touch, Cut-and-serve stainless steel head; acacia wood handle., cat:kitchen, cat:new-arrivals, seg:the-first-kitchen"
acacia-wood-handle-manual-can-opener,Acacia Wood Handle Manual Can Opener,26843,Title,Default Title,"Can Opener, Silver, Iron, Plastic, Wood, Acacia, Stainless steel, ACACIA, Organic Modern, Classic/Heritage, Minimalist, Housewarming, Hostess Gift, Self-Gift, Everyday Use, Cooking & Baking, Gifting, Wedding Season, Graduation Season, Cooking Together, The Host's Touch, The Collected Home, Acacia wood handle; compact manual design, cat:kitchen, cat:new-arrivals"
black-manual-pasta-machine-with-countertop-clamp,Black Manual Pasta Machine with Countertop Clamp,26972,Title,Default Title,"Manual Pasta Maker, Black, Plastic, Abs, Stainless steel, MAQUINA PASTA, Minimalist, Organic Modern, Scandinavian, Housewarming, Wedding, Hostess Gift, Cooking & Baking, Entertaining, Gifting, Wedding Season, Christmas, Cooking Together, Weekend Gatherings, A Gift with a Story, Stainless steel and black ABS plastic; hand-crank operation with countertop clamp, cat:kitchen, cat:new-arrivals, seg:weeknight-ceremony"
cream-hand-crank-pasta-machine,Cream Hand-Crank Pasta Machine,26973,Title,Default Title,"Pasta Machine, Cream, Plastic, Abs, Stainless steel, MAQUINA PASTA, Organic Modern, Minimalist, Scandinavian, Housewarming, Wedding, Self-Gift, Cooking & Baking, Entertaining, Gifting, Wedding Season, Christmas, Cooking Together, The Sunday Table, The Dinner Party, Hand-crank control; counter clamp included, cat:kitchen, cat:new-arrivals, seg:the-first-kitchen"
trattoria-porcelain-dinner-plates-10-6-in-set-of-4,"Trattoria Porcelain Dinner Plates, 10.6 in, Set of 4",26974,Title,Default Title,"Dinner Plate, Multicolor, Porcelain, TRATTORIA, Classic/Heritage, Mediterranean, Organic Modern, Housewarming, Wedding, Hostess Gift, Everyday Use, Entertaining, Dinner Party, Thanksgiving, Christmas, Wedding Season, The Sunday Table, The Dinner Party, The Art of the Table, Certified lead- and cadmium-free; microwave-, oven-, and dishwasher-safe., cat:tabletop, cat:gifts, cat:new-arrivals"
trattoria-9-1-in-porcelain-pasta-bowls-set-of-4,"Trattoria 9.1 in Porcelain Pasta Bowls, Set of 4",26975,Title,Default Title,"Pasta Bowl, Multicolor, Porcelain, TRATTORIA, Mediterranean, Classic/Heritage, Organic Modern, Housewarming, Wedding, Hostess Gift, Everyday Use, Entertaining, Serving, Thanksgiving, Christmas, Wedding Season, The Sunday Table, Weekend Gatherings, The Art of the Table, Lead- and cadmium-free porcelain; microwave-, oven-, and dishwasher-safe., cat:tabletop, cat:gifts, cat:new-arrivals, seg:season-opener, seg:the-first-kitchen, seg:the-full-table"
trattoria-porcelain-dinner-plate-11-8-in,"Trattoria Porcelain Dinner Plate, 11.8 in",26976,Title,Default Title,"Dinner Plate, Multicolor, Porcelain, TRATTORIA, Classic/Heritage, Organic Modern, Coastal, Housewarming, Wedding, Hostess Gift, Everyday Use, Entertaining, Serving, Wedding Season, The Sunday Table, The Dinner Party, The Art of the Table, Lead- and cadmium-free porcelain; microwave-, oven-, and dishwasher-safe; handmade., cat:tabletop, cat:new-arrivals"
trattoria-porcelain-serving-bowl-11-8-in-30-cm,"Trattoria Porcelain Serving Bowl, 11.8 in (30 cm)",26977,Title,Default Title,"Serving Bowl, Multicolor, Porcelain, TRATTORIA, Mediterranean, Classic/Heritage, Organic Modern, Housewarming, Wedding, Hostess Gift, Entertaining, Serving, Dinner Party, Thanksgiving, Christmas, Wedding Season, The Sunday Table, Weekend Gatherings, The Dinner Party, Lead- and cadmium-free; microwave-, oven-, and dishwasher-safe; artisan-made., cat:tabletop, cat:new-arrivals"
mar-antique-blue-13-in-charger-plate,Mar Antique Blue 13 in Charger Plate,26996,Title,Default Title,"Charger Plate, Blue, Polypropylene, Calcio, Polvo, Coastal, Classic/Heritage, Organic Modern, Housewarming, Wedding, Hostess Gift, Entertaining, Dinner Party, Décor & Styling, Thanksgiving, Christmas, Wedding Season, Candlelit Dinners, The Dinner Party, The Art of the Table, 13 in (33 cm) service size; lightweight polypropylene with calcium powder; hand wash only, cat:tabletop, cat:new-arrivals"
wooden-bread-box-with-front-door,Wooden Bread Box with Front Door,26998,Title,Default Title,"Bread Box, Natural, Wood, Iron, Organic Modern, Scandinavian, Minimalist, Housewarming, Wedding, Hostess Gift, Everyday Use, Serving, Gifting, Wedding Season, Slow Mornings, The Sunday Table, The Housewarming, Natural wood construction; front door for fresher countertop bread storage, cat:kitchen, cat:new-arrivals, seg:the-first-kitchen"
irregular-acacia-wood-serving-bowl-9-8-in,"Irregular Acacia Wood Serving Bowl, 9.8 in",26999,Title,Default Title,"Serving Bowl, Natural, Wood, ACACIA, Organic Modern, Wabi-Sabi, Minimalist, Housewarming, Hostess Gift, Self-Gift, Entertaining, Serving, Décor & Styling, Thanksgiving, Christmas, Wedding Season, Weekend Gatherings, The Host's Touch, The Housewarming, Handmade; 100% wood, cat:tabletop, cat:new-arrivals"
bamboo-serving-tray-with-3-sauce-bowls,Bamboo Serving Tray with 3 Sauce Bowls,27001,Title,Default Title,"Serving Tray Set, Natural, Bamboo, BAMBU, Organic Modern, Japandi, Minimalist, Housewarming, Hostess Gift, Thank-You, Entertaining, Serving, Gifting, Thanksgiving, Christmas, New Year, The Dinner Party, Cocktail Hour, The Host's Touch, 100% bamboo construction; three sauce bowls included; hand wash only., cat:tabletop, cat:gifts, cat:new-arrivals, seg:first-dinner-party, seg:season-opener, seg:someone-in-mind, seg:the-full-table"
natural-acacia-serving-board-with-handle,Natural Acacia Serving Board with Handle,27002,Title,Default Title,"Serving Board, Natural, Wood, ACACIA, Organic Modern, Japandi, Minimalist, Housewarming, Hostess Gift, Wedding, Serving, Entertaining, Gifting, Wedding Season, Cocktail Hour, The Dinner Party, Hostess Gifts, Acacia wood; handled shape with hanging hole, cat:tabletop, cat:new-arrivals"
oval-bamboo-serving-tray-13-4-in,"Oval Bamboo Serving Tray, 13.4 in",27003,Title,Default Title,"Serving Tray, Natural, Bamboo, BAMBU, Organic Modern, Japandi, Minimalist, Housewarming, Hostess Gift, Self-Gift, Serving, Entertaining, Cooking & Baking, Thanksgiving, Christmas, Wedding Season, Weekend Gatherings, The Dinner Party, The Host's Touch, 100% bamboo; serving tray with sauce space, cat:tabletop, cat:new-arrivals"
square-bamboo-napkin-holder,Square Bamboo Napkin Holder,27004,Title,Default Title,"Napkin Holder, Natural, Bamboo, BAMBU, Organic Modern, Japandi, Minimalist, Housewarming, Hostess Gift, Thank-You, Everyday Use, Entertaining, Serving, Thanksgiving, Christmas, Mother's Day, The Sunday Table, Weekend Gatherings, The Host's Touch, 100% bamboo; open square caddy keeps paper napkins orderly and accessible, cat:tabletop, cat:new-arrivals"
acacia-wood-spoon-rest,Acacia Wood Spoon Rest,27005,Title,Default Title,"Spoon Rest, Natural, Wood, ACACIA, Organic Modern, Japandi, Minimalist, Housewarming, Hostess Gift, Just Because, Cooking & Baking, Everyday Use, Gifting, Mother's Day, Wedding Season, Cooking Together, The Sunday Table, The Host's Touch, 100% wood; natural acacia wood grain; made to keep cooking utensils off clean counters., cat:kitchen, cat:new-arrivals"
square-acacia-wood-coasters-set-of-6,"Square Acacia Wood Coasters, Set of 6",27006,Title,Default Title,"Coaster, Natural, Wood, ACACIA, Organic Modern, Japandi, Minimalist, Housewarming, Hostess Gift, Thank-You, Everyday Use, Entertaining, Bar & Barware, Christmas, Wedding Season, The Coffee Ritual, Cocktail Hour, The Host's Touch, 100% wood; lightweight, nonstick set of 6, cat:tabletop, cat:gifts, cat:new-arrivals, seg:first-dinner-party, seg:season-opener"
natural-bamboo-tea-organizer-with-4-compartments,Natural Bamboo Tea Organizer with 4 Compartments,27007,Title,Default Title,"Tea Box, Natural, Bamboo, Wood, MDF, BAMBU, Organic Modern, Japandi, Minimalist, Housewarming, Hostess Gift, Thank-You, Coffee & Tea, Décor & Styling, Gifting, Mother's Day, Christmas, Hanukkah, The Tea Ritual, The Overnight Guest, Hostess Gifts, Four compartments; 90% bamboo construction, cat:kitchen, cat:new-arrivals"
natural-bamboo-serving-tongs-11-8-in,"Natural Bamboo Serving Tongs, 11.8 in",27008,Title,Default Title,"Serving Tongs, Natural, Bamboo, Wood, MDF, Acrylic, Iron, BAMBU, Organic Modern, Japandi, Minimalist, Housewarming, Hostess Gift, Just Because, Everyday Use, Entertaining, Serving, Thanksgiving, Christmas, Wedding Season, The Tea Ritual, Weekend Brunch, The Host's Touch, Sustainable bamboo construction; gentle grip for delicate foods, cat:tabletop, cat:new-arrivals, seg:first-dinner-party"
green-double-wall-stainless-steel-tumbler-10-8-fl-oz,"Green Double-Wall Stainless Steel Tumbler, 10.8 fl oz",27133,Title,Default Title,"Insulated Tumbler, Green, Plastic, As, Silicone, Stainless steel, Organic Modern, Scandinavian, Minimalist, Hostess Gift, Thank-You, Self-Gift, Everyday Use, Outdoor & Patio, Coffee & Tea, Father's Day, Fourth of July, The Coffee Ritual, Outdoor Living, Hostess Gifts, Double-wall stainless steel; AS plastic lid with silicone component., cat:outdoor, cat:new-arrivals"
borosilicate-glass-jar-with-spoon-bamboo-lid,Borosilicate Glass Jar with Spoon & Bamboo Lid,27136,Title,Default Title,"Storage Jar, Clear, Glass, Bamboo, BAMBU, Organic Modern, Japandi, Minimalist, Housewarming, Hostess Gift, Thank-You, Everyday Use, Coffee & Tea, Gifting, Christmas, Wedding Season, Mother's Day, The Coffee Ritual, The Tea Ritual, Open-Door Hospitality, Borosilicate glass; dishwasher-safe; includes bamboo spoon, cat:kitchen, cat:new-arrivals, seg:weeknight-ceremony"
glass-oil-dispenser-13-5-fl-oz,"Glass Oil Dispenser, 13.5 fl oz",27137,Title,Default Title,"Oil Dispenser, Clear, Green, Glass, Sodalime, Polypropylene, BASICS, Organic Modern, Minimalist, Scandinavian, Housewarming, Hostess Gift, Thank-You, Everyday Use, Cooking & Baking, Serving, Thanksgiving, Cooking Together, The Sunday Table, The Host's Touch, Dishwasher-safe glass; counter-friendly 13.5 fl oz (400 mL) capacity, cat:kitchen, cat:new-arrivals"
clear-glass-bottle-with-cork-stopper-33-8-fl-oz,"Clear Glass Bottle with Cork Stopper, 33.8 fl oz",27139,Title,Default Title,"Glass Bottle, Clear, Glass, Sodalime, Corcho, Silicone, Metal, Minimalist, Scandinavian, Japandi, Housewarming, Hostess Gift, Thank-You, Everyday Use, Entertaining, Serving, Wedding Season, The Dinner Party, The Overnight Guest, The Host's Touch, Dishwasher-safe; cork stopper; clear soda-lime glass, cat:tabletop, cat:new-arrivals"
beverage-dispenser-with-cork-lid-101-4-fl-oz-3-l,"Beverage Dispenser with Cork Lid, 101.4 fl oz (3 L)",27141,Title,Default Title,"Beverage Dispenser, Clear, Glass, Sodalime, Corcho, Polypropylene, Organic Modern, Scandinavian, Minimalist, Housewarming, Hostess Gift, Wedding, Entertaining, Serving, Bar & Barware, Fourth of July, Thanksgiving, Christmas, Weekend Gatherings, Cocktail Hour, Open-Door Hospitality, Dishwasher-safe; clear soda-lime glass; cork lid, cat:tabletop, cat:new-arrivals, seg:season-opener, seg:the-first-kitchen"
lined-glass-oil-and-vinegar-dispenser-bottle,Lined Glass Oil and Vinegar Dispenser Bottle,27142,Title,Default Title,"Oil and Vinegar Dispenser Bottle, Clear, Glass, Sodalime, Silicone, Metal, Organic Modern, Scandinavian, Minimalist, Housewarming, Hostess Gift, Wedding, Everyday Use, Serving, Cooking & Baking, Thanksgiving, Christmas, Wedding Season, Cooking Together, The Sunday Table, The Host's Touch, Dishwasher-safe; clear soda-lime glass., cat:kitchen, cat:new-arrivals"
green-vegetable-peeler-with-stainless-steel-blade,Green Vegetable Peeler with Stainless Steel Blade,27180,Title,Default Title,"Vegetable Peeler, Green, Polypropylene, Stainless steel, BASICS, Minimalist, Scandinavian, Housewarming, Hostess Gift, Self-Gift, Everyday Use, Cooking & Baking, Gifting, Cooking Together, Recipes Worth Passing Down, The Housewarming, Stainless steel blade; lightweight polypropylene handle, cat:kitchen, cat:new-arrivals"
black-cast-iron-burger-press-with-wood-handle,Black Cast Iron Burger Press with Wood Handle,27182,Title,Default Title,"Burger Press, Black, Iron, Fundido, Wood, Dura, BBQ, Organic Modern, Minimalist, Classic/Heritage, Housewarming, Hostess Gift, Self-Gift, Outdoor & Patio, Cooking & Baking, Entertaining, Father's Day, Fourth of July, The Backyard BBQ, Game Day, Outdoor Living, 90% cast iron construction; hardwood handle, cat:outdoor, cat:new-arrivals"
stainless-steel-bbq-utensils-set-of-3,Stainless Steel BBQ Utensils Set of 3,27183,Title,Default Title,"BBQ Utensil Set, Silver, Caucho, Termoplástico, Stainless steel, BBQ, Minimalist, Organic Modern, Housewarming, Hostess Gift, Outdoor & Patio, Serving, Gifting, Fourth of July, Wedding Season, Outdoor Living, The Backyard BBQ, Weekend Gatherings, 90% stainless steel with black thermoplastic rubber grips; 3-piece set with spatula, tongs, and fork, cat:outdoor, cat:gifts, cat:new-arrivals, seg:season-opener"
mango-wood-tic-tac-toe-game-27184,Mango Wood Tic-Tac-Toe Game,27184,Title,Default Title,"Tic-Tac-Toe Game, Natural, Black, Wood, Pulido, Organic Modern, Japandi, Minimalist, Housewarming, Hostess Gift, Just Because, Everyday Use, Entertaining, Décor & Styling, Graduation Season, Game Night, The Host's Touch, The Collected Home, 100% polished mango wood; compact decorative tabletop game, cat:decor, cat:new-arrivals"
round-acacia-marble-tic-tac-toe-game,Round Acacia & Marble Tic Tac Toe Game,27185,Title,Default Title,"Tic Tac Toe Game, Multicolor, Acacia, Marble, Lijado, Brass, Organic Modern, Japandi, Minimalist, Housewarming, Hostess Gift, Just Because, Entertaining, Décor & Styling, Gifting, Christmas, Thanksgiving, New Year, Game Night, The Host's Touch, The Collected Home, Acacia wood with sanded marble and brass; ready-to-play tabletop format., cat:decor, cat:new-arrivals, seg:someone-in-mind"
blue-parakeet-ceramic-cabinet-knobs-set-of-2,"Blue Parakeet Ceramic Cabinet Knobs, Set of 2",27189,Title,Default Title,"Cabinet Knob, White, Ceramic, Iron, Coastal, Classic/Heritage, Wabi-Sabi, Housewarming, Hostess Gift, Just Because, Décor & Styling, Everyday Use, Gifting, Wedding Season, The Overnight Guest, The Housewarming, The Host's Touch, 80% ceramic with 20% iron; set of 2, cat:decor, cat:gifts, cat:new-arrivals, seg:first-dinner-party"
gold-flower-ceramic-cabinet-knobs-set-of-2,"Gold Flower Ceramic Cabinet Knobs, Set of 2",27190,Title,Default Title,"Cabinet Knob, White, Ceramic, Iron, Classic/Heritage, Organic Modern, Minimalist, Housewarming, Hostess Gift, Self-Gift, Décor & Styling, Gifting, Everyday Use, Wedding Season, The Collected Home, The Host's Touch, The Housewarming, Ceramic with iron; Set of 2; Soft dry-cloth care, cat:decor, cat:gifts, cat:new-arrivals"
ambiente-paper-bag-large,"Ambiente Paper Bag, Large",27193,Title,Default Title,"Paper Gift Bag, Neutral, Minimalist, Organic Modern, Housewarming, Hostess Gift, Thank-You, Gifting, Entertaining, Special Occasion, Christmas, Wedding Season, Hostess Gifts, The Housewarming, A Gift with a Story, Paper construction; large 19.7 x 20.1 in (50 x 51 cm) format, cat:gifts, cat:new-arrivals"
snowflake-cheese-board-knife-set-in-white-artificial-marble,Snowflake Cheese Board & Knife Set in White Artificial Marble,27333,Title,Default Title,"Cheese Board Set, White, Tabla, Marble, Artificial, Cuchillo, Ceramic, Stainless steel, Scandinavian, Minimalist, Classic/Heritage, Housewarming, Hostess Gift, Holiday Gift, Entertaining, Serving, Gifting, Christmas, New Year, Holiday Traditions, Hostess Gifts, The Art of the Table, Two-piece set with white artificial marble board and included cheese knife; stainless steel blade with ceramic handle., cat:tabletop, cat:gifts, cat:new-arrivals, seg:season-opener, seg:someone-in-mind, seg:the-full-table"
contraste-small-porcelain-baking-dish,Contraste Small Porcelain Baking Dish,27336,Title,Default Title,"Baking Mold, Multicolor, Porcelain, CONTRASTE, Bauhaus, Scandinavian, Minimalist, Housewarming, Hostess Gift, Just Because, Everyday Use, Serving, Gifting, Thanksgiving, Christmas, Wedding Season, Cooking Together, The Sunday Table, The Host's Touch, Microwave- and dishwasher-safe porcelain., cat:tabletop, cat:new-arrivals"
contrast-porcelain-covered-butter-dish,Contrast Porcelain Covered Butter Dish,27340,Title,Default Title,"Butter Dish, Multicolor, Porcelain, CONTRASTE, Bauhaus, Scandinavian, Minimalist, Housewarming, Hostess Gift, Just Because, Everyday Use, Entertaining, Serving, Thanksgiving, Christmas, The Sunday Table, Weekend Brunch, The Host's Touch, Porcelain; dishwasher- and microwave-safe., cat:tabletop, cat:new-arrivals"
domenica-large-crystal-wine-decanter,Domenica Large Crystal Wine Decanter,27421,Title,Default Title,"Wine Decanter, Clear, Cristal, Organic Modern, Minimalist, Japandi, Housewarming, Wedding, Hostess Gift, Entertaining, Dinner Party, Bar & Barware, Wedding Season, Thanksgiving, Christmas, Wine Night, The Dinner Party, The Well-Set Bar, Clear crystal; generous 118.3 fl oz (3.5 L) capacity, cat:bar-glassware, cat:new-arrivals, seg:the-full-table"
snowflake-clear-glass-goblets-set-of-2,"Snowflake Clear Glass Goblets, Set of 2",27422,Title,Default Title,"Wine Goblet, Clear, Glass, Sodalime, SNOWFLAKE, Classic/Heritage, Minimalist, Wabi-Sabi, Housewarming, Hostess Gift, Holiday Gift, Entertaining, Bar & Barware, Gifting, Christmas, Hanukkah, New Year, Cocktail Hour, Wine Night, Holiday Traditions, 100% soda-lime glass; hand-wash care, cat:bar-glassware, cat:gifts, cat:new-arrivals, seg:season-opener"
snowflake-glass-tumblers-11-5-fl-oz-set-of-2,"Snowflake Glass Tumblers, 11.5 fl oz, Set of 2",27423,Title,Default Title,"Tumbler, Clear, Glass, Sodalime, SNOWFLAKE, Scandinavian, Classic/Heritage, Minimalist, Housewarming, Hostess Gift, Holiday Gift, Everyday Use, Cocktail Hour, Bar & Barware, Christmas, New Year, Holiday Traditions, The Well-Set Bar, Clear soda-lime glass with raised snowflake pattern; matched set of 2., cat:bar-glassware, cat:gifts, cat:new-arrivals, seg:season-opener"
vega-crystal-wine-glasses-15-2-fl-oz-set-of-2,"Vega Crystal Wine Glasses, 15.2 fl oz, Set of 2",27424,Title,Default Title,"Wine Glass, Clear, Cristal, VEGA, Minimalist, Scandinavian, Classic/Heritage, Housewarming, Wedding, Hostess Gift, Bar & Barware, Entertaining, Gifting, Thanksgiving, Christmas, Wedding Season, Wine Night, The Dinner Party, The Well-Set Bar, 100% crystal; 15.2 fl oz bowl; set of 2, cat:bar-glassware, cat:gifts, cat:new-arrivals, seg:the-full-table"
clear-tulip-crystal-goblets-29-8-fl-oz-set-of-2,"Clear Tulip Crystal Goblets, 29.8 fl oz, Set of 2",27425,Title,Default Title,"Wine Glass, Clear, Cristal, TULIPAN, Minimalist, Organic Modern, Classic/Heritage, Housewarming, Wedding, Hostess Gift, Bar & Barware, Entertaining, Gifting, Wedding Season, Christmas, Wine Night, The Dinner Party, The Well-Set Bar, Crystal; oversized 29.8 fl oz (880 mL) capacity, cat:bar-glassware, cat:gifts, cat:new-arrivals, seg:first-dinner-party, seg:season-opener, seg:the-full-table"
crystal-tulip-champagne-glasses-6-8-fl-oz-set-of-2,"Crystal Tulip Champagne Glasses, 6.8 fl oz, Set of 2",27426,Title,Default Title,"Champagne Flute, Clear, Cristal, TULIPAN, Minimalist, Classic/Heritage, Wedding, Anniversary, Hostess Gift, Cocktail Hour, Bar & Barware, Gifting, New Year, Valentine's Day, Wedding Season, The Well-Set Bar, A Gift with a Story, 100% crystal; tulip-shaped bowls, cat:bar-glassware, cat:gifts, cat:new-arrivals, seg:season-opener"
porto-blue-and-white-decorative-paper-napkins-set-of-20,"Porto Blue and White Decorative Paper Napkins, Set of 20",27432,Title,Default Title,"Paper Napkins, Blue, Papel, PORTO, Coastal, Classic/Heritage, Organic Modern, Hostess Gift, Housewarming, Thank-You, Entertaining, Serving, Gifting, Wedding Season, The Host's Touch, Weekend Gatherings, Outdoor Living, Set of 20 paper napkins; blue and white printed design., cat:tabletop, cat:gifts, cat:new-arrivals, seg:someone-in-mind"
trattoria-decorative-paper-napkins-set-of-20,"Trattoria Decorative Paper Napkins, Set of 20",27433,Title,Default Title,"Paper Napkins, Multicolor, Papel, TRATTORIA, Organic Modern, Mediterranean, Classic/Heritage, Housewarming, Hostess Gift, Thank-You, Entertaining, Serving, Gifting, Easter, Mother's Day, Thanksgiving, Weekend Gatherings, The Sunday Table, Hostess Gifts, Disposable paper; set of 20; 13 in (33 cm) dinner-size square., cat:tabletop, cat:gifts, cat:new-arrivals"
palm-paper-dinner-napkins-set-of-20,"Palm Paper Dinner Napkins, Set of 20",27434,Title,Default Title,"Paper Napkin, Green, Papel, PALMERAS, Coastal, Organic Modern, Classic/Heritage, Hostess Gift, Housewarming, Just Because, Entertaining, Outdoor & Patio, Serving, Weekend Brunch, Outdoor Living, Hostess Gifts, Set of 20 disposable paper napkins; 13 in square luncheon size., cat:tabletop, cat:gifts, cat:new-arrivals"
lustro-clear-glass-tumblers-17-9-fl-oz-set-of-2,"Lustro Clear Glass Tumblers, 17.9 fl oz, Set of 2",27468,Title,Default Title,"Tumbler, Clear, Glass, Soda, Lima, LUSTRO, Minimalist, Scandinavian, Organic Modern, Housewarming, Hostess Gift, Just Because, Everyday Use, Entertaining, Bar & Barware, Wedding Season, Cocktail Hour, The Well-Set Bar, Hostess Gifts, Dishwasher-safe; 100% soda-lime glass; clear finish, cat:bar-glassware, cat:gifts, cat:new-arrivals"
green-fringed-cotton-cloth-napkins-set-of-2,"Green Fringed Cotton Cloth Napkins, Set of 2",27471,Title,Default Title,"Cloth Napkin, Green, Cotton, Organic Modern, Japandi, Minimalist, Housewarming, Hostess Gift, Just Because, Everyday Use, Entertaining, Gifting, Thanksgiving, Christmas, Wedding Season, The Sunday Table, Weekend Gatherings, The Host's Touch, 100% cotton; reusable; fringed edges; washable at up to 104°F (40°C), cat:tabletop, cat:gifts, cat:new-arrivals"
red-cotton-cloth-napkins-set-of-2,"Red Cotton Cloth Napkins, Set of 2",27472,Title,Default Title,"Cloth Napkin, Roja, Cotton, Classic/Heritage, Minimalist, Organic Modern, Housewarming, Hostess Gift, Holiday Gift, Everyday Use, Entertaining, Gifting, Christmas, Valentine's Day, Fourth of July, The Sunday Table, The Host's Touch, Holiday Traditions, 100% cotton; washable at up to 104°F (40°C), cat:tabletop, cat:gifts, cat:new-arrivals, seg:first-dinner-party"
arena-natural-paper-napkin-rings-set-of-4,"Arena Natural Paper Napkin Rings, Set of 4",27474,Title,Default Title,"Napkin Ring, Natural, Papel, Organic Modern, Coastal, Minimalist, Housewarming, Hostess Gift, Thank-You, Entertaining, Dinner Party, Serving, Thanksgiving, Christmas, Wedding Season, The Art of the Table, Weekend Gatherings, Hostess Gifts, Natural paper; dry-cloth care, cat:tabletop, cat:gifts, cat:new-arrivals, seg:someone-in-mind, seg:the-full-table"
natural-jute-knot-napkin-rings-set-of-4,"Natural Jute Knot Napkin Rings, Set of 4",27475,Title,Default Title,"Napkin Ring, Natural, Jute, Organic Modern, Coastal, Wabi-Sabi, Housewarming, Hostess Gift, Thank-You, Entertaining, Dinner Party, Décor & Styling, Thanksgiving, Christmas, Easter, The Sunday Table, The Dinner Party, The Host's Touch, Natural jute; dry-wipe care, cat:tabletop, cat:gifts, cat:new-arrivals, seg:first-dinner-party, seg:the-full-table"
starfish-napkin-rings-set-of-4,"Starfish Napkin Rings, Set of 4",27476,Title,Default Title,"Napkin Ring, Blanca, Pvc, Resin, Coastal, Organic Modern, Minimalist, Housewarming, Hostess Gift, Just Because, Entertaining, Dinner Party, Décor & Styling, Fourth of July, Wedding Season, Summer Entertaining, Outdoor Living, The Sunday Table, Set of 4; white PVC and resin; wipe with a soft, dry cloth., cat:tabletop, cat:gifts, cat:new-arrivals, seg:someone-in-mind"
gold-multicolor-dessert-forks-set-of-6,"Gold Multicolor Dessert Forks, Set of 6",27479,Title,Default Title,"Dessert Fork, Multicolor, Steel, Aleacion, NOCHE BUENA SNOW, Classic/Heritage, Hostess Gift, Housewarming, Holiday Gift, Serving, Entertaining, Gifting, Christmas, Holiday Traditions, The Dinner Party, The Art of the Table, Set of six coordinated dessert forks; gold-toned handles with multicolor decorative finials; dry-cloth care, cat:tabletop, cat:gifts, cat:new-arrivals, seg:first-dinner-party, seg:season-opener, seg:someone-in-mind, seg:the-full-table"
gingerbread-wine-glass-charms-set-of-6,"Gingerbread Wine Glass Charms, Set of 6",27481,Title,Default Title,"Wine Glass Charms, Multicolor, Aleacion, Brass, GINGERBREAD, Classic/Heritage, Hostess Gift, Holiday Gift, Thank-You, Bar & Barware, Entertaining, Gifting, Christmas, Thanksgiving, New Year, Holiday Traditions, Cocktail Hour, The Well-Set Bar, Set of 6 reusable drink markers; metal alloy with brass; dry-cloth care., cat:bar-glassware, cat:gifts, cat:new-arrivals, seg:season-opener, seg:someone-in-mind"
snow-pine-tabletop-tree-with-trunk-base,Snow Pine Tabletop Tree with Trunk Base,27515,Title,Default Title,"Artificial Tabletop Tree, Green, Polietileno, Abeto, Chino, Organic Modern, Scandinavian, Minimalist, Hostess Gift, Holiday Gift, Housewarming, Décor & Styling, Gifting, Special Occasion, Christmas, Holiday Traditions, Seasonal Tables, The Host's Touch, Real Chinese fir trunk base; compact indoor form; dry-cloth care., cat:decor, cat:new-arrivals"
artificial-snow-pine-decorative-tree-with-metal-base-36-6-in-93-cm,"Artificial Snow Pine Decorative Tree with Metal Base, 36.6 in (93 cm)",27517,Title,Default Title,"Artificial Christmas Tree, Green, Polietileno, Abeto, Chino, Metal, Scandinavian, Organic Modern, Minimalist, Housewarming, Hostess Gift, Holiday Gift, Décor & Styling, Gifting, Special Occasion, Christmas, New Year, Holiday Traditions, Seasonal Tables, The Host's Touch, Polyethylene needles with Chinese fir wood and metal; indoor use only., cat:decor, cat:new-arrivals"
snow-pine-decorative-tree-with-metal-base-47-2-in,"Snow Pine Decorative Tree with Metal Base, 47.2 in",27518,Title,Default Title,"Decorative Tree, Green, Polietileno, Abeto, Chino, Metal, Scandinavian, Organic Modern, Minimalist, Holiday Gift, Housewarming, Hostess Gift, Décor & Styling, Special Occasion, Gifting, Christmas, Holiday Traditions, Seasonal Tables, The Collected Home, Compact 47.2 in height with a metal base; indoor use with simple dry-cloth care., cat:decor, cat:new-arrivals"
snow-pine-slim-artificial-christmas-tree-with-metal-base-59-8-in,"Snow Pine Slim Artificial Christmas Tree with Metal Base, 59.8 in",27519,Title,Default Title,"Artificial Christmas Tree, Green, Polietileno, Abeto, Chino, Metal, Scandinavian, Japandi, Organic Modern, Housewarming, Hostess Gift, Holiday Gift, Décor & Styling, Entertaining, Gifting, Christmas, New Year, Holiday Traditions, Seasonal Tables, The Host's Touch, Metal base; indoor use only; dry-cloth care., cat:decor, cat:new-arrivals, seg:someone-in-mind"
mini-potted-ice-pine-artificial-tree,Mini Potted Ice Pine Artificial Tree,27520,Title,Default Title,"Artificial Christmas Tree, Green, Polietileno, Polifoam, Papel, Scandinavian, Organic Modern, Minimalist, Holiday Gift, Hostess Gift, Self-Gift, Décor & Styling, Gifting, Special Occasion, Christmas, Holiday Traditions, Seasonal Tables, The Host's Touch, Compact tabletop size; dry-cloth care for indoor use, cat:decor, cat:new-arrivals"
snow-pine-tree-with-pot-base-11-4-in-29-cm,"Snow Pine Tree with Pot Base, 11.4 in (29 cm)",27521,Title,Default Title,"Artificial Tree, Green, Polietileno, Polifoam, Papel, Organic Modern, Scandinavian, Minimalist, Hostess Gift, Housewarming, Holiday Gift, Décor & Styling, Entertaining, Gifting, Christmas, Holiday Traditions, Seasonal Tables, The Host's Touch, No watering; dry-cloth care; potted tabletop size., cat:decor, cat:new-arrivals, seg:someone-in-mind"
snow-pine-artificial-christmas-wreath-23-6-in,"Snow Pine Artificial Christmas Wreath, 23.6 in",27522,Title,Default Title,"Artificial Wreath, Green, Polietileno, Alambre, Iron, Organic Modern, Scandinavian, Minimalist, Housewarming, Hostess Gift, Holiday Gift, Décor & Styling, Entertaining, Gifting, Christmas, Thanksgiving, Holiday Traditions, The Host's Touch, The Collected Home, Indoor use; 90% polyethylene with 10% iron wire structure; easy dry-cloth care, cat:decor, cat:new-arrivals"
ice-pine-tabletop-led-christmas-tree,Ice Pine Tabletop LED Christmas Tree,27525,Title,Default Title,"Tabletop LED Tree, Green, Polietileno, Abeto, Chino, Organic Modern, Scandinavian, Minimalist, Housewarming, Hostess Gift, Holiday Gift, Décor & Styling, Entertaining, Gifting, Christmas, Holiday Traditions, Seasonal Tables, The Host's Touch, LED-lit; compact tabletop size, cat:decor, cat:new-arrivals"
white-marble-square-coasters-set-of-4,"White Marble Square Coasters, Set of 4",27532,Title,Default Title,"Coaster, White, MARMOL, Organic Modern, Minimalist, Classic/Heritage, Housewarming, Hostess Gift, Thank-You, Everyday Use, Entertaining, Bar & Barware, Wedding Season, Cocktail Hour, The Coffee Ritual, Hostess Gifts, Natural marble; set of 4., cat:tabletop, cat:gifts, cat:new-arrivals, seg:someone-in-mind"
marble-and-wood-picture-frame-8-3-in,"Marble and Wood Picture Frame, 8.3 in",27533,Title,Default Title,"Picture Frame, White, Natural Wood, Organic Modern, Japandi, Minimalist, Housewarming, Wedding, Thank-You, Décor & Styling, Gifting, Everyday Use, Christmas, Mother's Day, Wedding Season, The Collected Home, The Housewarming, A Gift with a Story, Marble and wood construction; freestanding tabletop display, cat:decor, cat:new-arrivals, seg:the-first-kitchen"
marble-and-wood-picture-frame-10-2-in,"Marble and Wood Picture Frame, 10.2 in",27534,Title,Default Title,"Picture Frame, White marble and natural wood, Organic Modern, Japandi, Minimalist, Housewarming, Wedding, Thank-You, Décor & Styling, Gifting, Everyday Use, Wedding Season, Mother's Day, Christmas, The Collected Home, The Housewarming, A Gift with a Story, Natural marble with wood accent; tabletop display, cat:decor, cat:new-arrivals, seg:the-first-kitchen"
striped-marble-and-wood-picture-frame-8-3-in,"Striped Marble and Wood Picture Frame, 8.3 in",27537,Title,Default Title,"Picture Frame, White marble and natural wood, Organic Modern, Japandi, Coastal, Housewarming, Wedding, Thank-You, Décor & Styling, Gifting, Everyday Use, Wedding Season, Mother's Day, The Collected Home, Objects with Stories, The Housewarming, Marble and wood construction; compact tabletop scale., cat:decor, cat:new-arrivals, seg:the-first-kitchen"
striped-marble-and-wood-picture-frame-10-2-in,"Striped Marble and Wood Picture Frame, 10.2 in",27538,Title,Default Title,"Picture Frame, White and natural brown, Organic Modern, Japandi, Minimalist, Housewarming, Wedding, Thank-You, Décor & Styling, Gifting, Everyday Use, Wedding Season, Mother's Day, Christmas, Objects with Stories, The Collected Home, A Gift with a Story, Real marble and wood; striped front., cat:decor, cat:new-arrivals, seg:the-first-kitchen"
travertine-stone-and-acacia-wood-coasters-set-of-4,"Travertine Stone and Acacia Wood Coasters, Set of 4",27541,Title,Default Title,"Coaster, Beige, TRAVERTINO, Organic Modern, Japandi, Minimalist, Housewarming, Hostess Gift, Wedding, Everyday Use, Entertaining, Bar & Barware, Wedding Season, Cocktail Hour, Weekend Gatherings, The Housewarming, Natural travertine stone and acacia wood; set of 4 for practical table protection, cat:tabletop, cat:gifts, cat:new-arrivals, seg:season-opener, seg:the-first-kitchen"
white-marble-coasters-set-of-4,"White Marble Coasters, Set of 4",27542,Title,Default Title,"Coaster, White, MARMOL, Organic Modern, Minimalist, Japandi, Housewarming, Hostess Gift, Thank-You, Everyday Use, Entertaining, Bar & Barware, Wedding Season, Thanksgiving, Christmas, Cocktail Hour, The Dinner Party, The Host's Touch, White marble; set of 4, cat:tabletop, cat:gifts, cat:new-arrivals, seg:first-dinner-party, seg:the-first-kitchen, seg:the-full-table"
white-airtight-food-storage-containers-set-of-7,"White Airtight Food Storage Containers, Set of 7",27548,Title,Default Title,"Food Storage Container Set, White, Clear, Polypropylene, Silicone, CONTENEDORES PLASTICOS BLANCO, Minimalist, Scandinavian, Organic Modern, Housewarming, Wedding, Thank-You, Everyday Use, Cooking & Baking, Gifting, Cooking Together, The Sunday Table, The Host's Touch, Airtight silicone-sealed lids; clear bases for content visibility, cat:kitchen, cat:gifts, cat:new-arrivals, seg:first-dinner-party, seg:weeknight-ceremony"
white-ceramic-christmas-tree-soap-dispenser,White Ceramic Christmas Tree Soap Dispenser,27562,Title,Default Title,"Soap Dispenser, White, Ceramic, Minimalist, Scandinavian, Organic Modern, Holiday Gift, Hostess Gift, Housewarming, Everyday Use, Décor & Styling, Gifting, Christmas, Holiday Traditions, The Overnight Guest, Hostess Gifts, 100% ceramic body; refillable 12.8 fl oz (380 mL) capacity, cat:bath, cat:new-arrivals"
white-ceramic-snowflake-plate-9-4-in-24-cm,"White Ceramic Snowflake Plate, 9.4 in (24 cm)",27563,Title,Default Title,"Salad Plate, White, Ceramic, SNOWFLAKE, Scandinavian, Minimalist, Organic Modern, Housewarming, Hostess Gift, Holiday Gift, Entertaining, Serving, Gifting, Christmas, Hanukkah, New Year, Holiday Traditions, Seasonal Tables, The Art of the Table, Microwave-safe; dishwasher-safe; 100% ceramic, cat:tabletop, cat:new-arrivals"
snowflake-white-ceramic-appetizer-plate-7-5-in,"Snowflake White Ceramic Appetizer Plate, 7.5 in",27564,Title,Default Title,"Appetizer Plate, White, Ceramic, SNOWFLAKE, Scandinavian, Minimalist, Organic Modern, Housewarming, Hostess Gift, Holiday Gift, Entertaining, Serving, Gifting, Christmas, Hanukkah, New Year, The Tea Ritual, Holiday Traditions, The Host's Touch, Microwave-safe; dishwasher-safe; 100% ceramic, cat:tabletop, cat:new-arrivals, seg:someone-in-mind"
white-ceramic-snowflake-plate,White Ceramic Snowflake Plate,27565,Title,Default Title,"Dessert Plate, White, Ceramic, SNOWFLAKE, Scandinavian, Minimalist, Classic/Heritage, Hostess Gift, Housewarming, Holiday Gift, Serving, Entertaining, Gifting, Christmas, Hanukkah, New Year, Holiday Traditions, Seasonal Tables, Hostess Gifts, Microwave- and dishwasher-safe ceramic; raised white snowflake detailing, cat:tabletop, cat:new-arrivals, seg:someone-in-mind"
ceramic-divided-holiday-serving-plate-12-in,"Ceramic Divided Holiday Serving Plate, 12 in",27566,Title,Default Title,"Divided Serving Plate, White, Red, Green, Ceramic, Classic/Heritage, Scandinavian, Holiday Gift, Hostess Gift, Housewarming, Entertaining, Serving, Gifting, Christmas, Holiday Traditions, The Host's Touch, Hostess Gifts, 100% dolomite ceramic; microwave- and dishwasher-safe; four divided sections., cat:tabletop, cat:new-arrivals, seg:season-opener, seg:someone-in-mind"
hojalia-green-ceramic-divided-plate,Hojalia Green Ceramic Divided Plate,27567,Title,Default Title,"Divided Plate, Green, Ceramic, HOJALIA, Organic Modern, Classic/Heritage, Wabi-Sabi, Housewarming, Hostess Gift, Holiday Gift, Serving, Entertaining, Gifting, Thanksgiving, Christmas, The Dinner Party, Cocktail Hour, Seasonal Tables, Dishwasher-safe and microwave-safe ceramic; three divided sections., cat:tabletop, cat:new-arrivals, seg:someone-in-mind, seg:the-full-table"
green-ceramic-leaf-serving-tray-13-9-in,"Green Ceramic Leaf Serving Tray, 13.9 in",27568,Title,Default Title,"Serving Tray, Green, Ceramic, HOJALIA, Organic Modern, Coastal, Wabi-Sabi, Housewarming, Hostess Gift, Thank-You, Entertaining, Serving, Décor & Styling, Thanksgiving, Christmas, Wedding Season, The Dinner Party, The Art of the Table, Hostess Gifts, Microwave- and dishwasher-safe ceramic; not for oven use., cat:tabletop, cat:new-arrivals, seg:the-full-table"
hojalia-green-ceramic-divided-appetizer-plate,Hojalia Green Ceramic Divided Appetizer Plate,27569,Title,Default Title,"Divided Serving Plate, Green, Ceramic, HOJALIA, Organic Modern, Japandi, Wabi-Sabi, Housewarming, Hostess Gift, Thank-You, Entertaining, Serving, Gifting, Thanksgiving, Wedding Season, Cocktail Hour, The Host's Touch, Hostess Gifts, Dishwasher-safe and microwave-safe ceramic; two sections for keeping sauces and small bites separate., cat:tabletop, cat:new-arrivals, seg:someone-in-mind"
green-leaf-ceramic-pinch-bowl-2-4-fl-oz,"Green Leaf Ceramic Pinch Bowl, 2.4 fl oz",27570,Title,Default Title,"Condiment Bowl, Green, Ceramic, HOJALIA, Organic Modern, Wabi-Sabi, Japandi, Housewarming, Hostess Gift, Just Because, Everyday Use, Entertaining, Serving, Wedding Season, The Host's Touch, The Art of the Table, Everyday Beauty, Ceramic; microwave- and dishwasher-safe., cat:tabletop, cat:new-arrivals"
hojalia-green-ceramic-leaf-bowl-6-4-in-16-3-cm,"Hojalia Green Ceramic Leaf Bowl, 6.4 in (16.3 cm)",27571,Title,Default Title,"Serving Bowl, Green, Ceramic, HOJALIA, Organic Modern, Wabi-Sabi, Coastal, Housewarming, Hostess Gift, Thank-You, Serving, Entertaining, Décor & Styling, Thanksgiving, The Art of the Table, The Host's Touch, Everyday Beauty, Microwave-safe; dishwasher-safe; 100% ceramic, cat:tabletop, cat:new-arrivals"
green-ceramic-two-section-divided-serving-bowl,Green Ceramic Two-Section Divided Serving Bowl,27572,Title,Default Title,"Divided Serving Bowl, Green, Ceramic, HOJALIA, Organic Modern, Wabi-Sabi, Minimalist, Housewarming, Hostess Gift, Thank-You, Serving, Entertaining, Gifting, Thanksgiving, Christmas, Wedding Season, Cocktail Hour, The Dinner Party, Hostess Gifts, Dishwasher-safe and microwave-safe; 100% ceramic., cat:tabletop, cat:new-arrivals, seg:someone-in-mind, seg:the-full-table"
hojalia-green-ceramic-serving-pitcher,Hojalia Green Ceramic Serving Pitcher,27573,Title,Default Title,"Serving Pitcher, Green, Ceramic, HOJALIA, Organic Modern, Wabi-Sabi, Classic/Heritage, Housewarming, Wedding, Hostess Gift, Everyday Use, Entertaining, Serving, Mother's Day, Thanksgiving, Wedding Season, The Sunday Table, Weekend Gatherings, The Host's Touch, Dishwasher-safe and microwave-safe 100% ceramic., cat:tabletop, cat:new-arrivals, seg:season-opener, seg:the-first-kitchen"
hojalia-green-ceramic-leaf-serving-tray,Hojalia Green Ceramic Leaf Serving Tray,27574,Title,Default Title,"Serving Tray, Green, Ceramic, HOJALIA, Organic Modern, Wabi-Sabi, Japandi, Housewarming, Hostess Gift, Thank-You, Entertaining, Serving, Gifting, Thanksgiving, Christmas, Mother's Day, Cocktail Hour, The Dinner Party, The Host's Touch, Dishwasher-safe and microwave-safe., cat:tabletop, cat:new-arrivals, seg:someone-in-mind, seg:the-full-table"
white-ceramic-christmas-tree-bowl-23-7-fl-oz,"White Ceramic Christmas Tree Bowl, 23.7 fl oz",27575,Title,Default Title,"Serving Bowl, White, Ceramic, Minimalist, Scandinavian, Organic Modern, Hostess Gift, Holiday Gift, Housewarming, Serving, Entertaining, Gifting, Christmas, Holiday Traditions, The Host's Touch, Hostess Gifts, Microwave- and dishwasher-safe ceramic, cat:tabletop, cat:new-arrivals, seg:someone-in-mind"
large-white-ceramic-star-bowl,Large White Ceramic Star Bowl,27576,Title,Default Title,"Serving Bowl, White, Ceramic, Organic Modern, Scandinavian, Minimalist, Housewarming, Hostess Gift, Wedding, Serving, Entertaining, Gifting, Christmas, New Year, Thanksgiving, The Dinner Party, Holiday Traditions, The Host's Touch, Microwave-safe ceramic bowl; dishwasher-safe ceramic bowl, cat:tabletop, cat:new-arrivals, seg:the-full-table"
white-ceramic-star-shaped-serving-bowl-medium,"White Ceramic Star-Shaped Serving Bowl, Medium",27577,Title,Default Title,"Serving Bowl, White, Ceramic, Minimalist, Organic Modern, Coastal, Housewarming, Hostess Gift, Just Because, Serving, Entertaining, Gifting, Christmas, Cocktail Hour, The Sunday Table, Hostess Gifts, Microwave- and dishwasher-safe ceramic, cat:tabletop, cat:new-arrivals, seg:someone-in-mind"
luz-de-pino-white-ceramic-serving-tray-12-in,"Luz de Pino White Ceramic Serving Tray, 12 in",27578,Title,Default Title,"Serving Tray, White, Ceramic, LUZ DE PINO, Organic Modern, Minimalist, Coastal, Housewarming, Wedding, Hostess Gift, Entertaining, Dinner Party, Serving, Wedding Season, The Dinner Party, Cocktail Hour, Hostess Gifts, Microwave- and dishwasher-safe ceramic, cat:tabletop, cat:new-arrivals"
white-ceramic-scalloped-bowl,White Ceramic Scalloped Bowl,27579,Title,Default Title,"Serving Bowl, White, Ceramic, LUZ DE PINO, Organic Modern, Scandinavian, Minimalist, Housewarming, Wedding, Hostess Gift, Serving, Entertaining, Everyday Use, Thanksgiving, Christmas, Wedding Season, The Sunday Table, Weekend Gatherings, The Art of the Table, Microwave-safe; dishwasher-safe; 100% ceramic, cat:tabletop, cat:new-arrivals, seg:the-first-kitchen, seg:the-full-table"
pine-light-white-ceramic-serving-bowl-with-wavy-rim,Pine Light White Ceramic Serving Bowl with Wavy Rim,27580,Title,Default Title,"Serving Bowl, White, Ceramic, LUZ DE PINO, Organic Modern, Coastal, Minimalist, Housewarming, Wedding, Hostess Gift, Everyday Use, Entertaining, Serving, Wedding Season, The Dinner Party, Weekend Gatherings, The Art of the Table, 100% ceramic; microwave- and dishwasher-safe., cat:tabletop, cat:new-arrivals, seg:the-first-kitchen"
white-ceramic-led-christmas-house-8-7-in,"White Ceramic LED Christmas House, 8.7 in",27581,Title,Default Title,"Decorative LED House, White, Ceramic, CASA NAVIDAD, Scandinavian, Japandi, Minimalist, Housewarming, Hostess Gift, Holiday Gift, Décor & Styling, Gifting, Special Occasion, Christmas, Holiday Traditions, Seasonal Tables, The Host's Touch, 100% ceramic; battery-operated LED with LR44 battery included, cat:decor, cat:new-arrivals, seg:someone-in-mind"
white-ceramic-led-christmas-house-8-5-in,"White Ceramic LED Christmas House, 8.5 in",27582,Title,Default Title,"Lighted Christmas Figurine, White, Ceramic, CASA NAVIDAD, Scandinavian, Minimalist, Classic/Heritage, Housewarming, Hostess Gift, Holiday Gift, Décor & Styling, Entertaining, Gifting, Christmas, Holiday Traditions, Seasonal Tables, The Host's Touch, 100% ceramic; LED light with LR44 battery included, cat:decor, cat:new-arrivals, seg:someone-in-mind"
white-led-ceramic-christmas-house,White LED Ceramic Christmas House,27583,Title,Default Title,"LED Christmas Figurine, White, Ceramic, CASA NAVIDAD, Scandinavian, Minimalist, Organic Modern, Holiday Gift, Hostess Gift, Just Because, Décor & Styling, Gifting, Special Occasion, Christmas, Holiday Traditions, Seasonal Tables, The Host's Touch, 100% ceramic; LED light; LR44 battery included, cat:decor, cat:new-arrivals, seg:someone-in-mind"
white-ceramic-christmas-tree-8-5-in,"White Ceramic Christmas Tree, 8.5 in",27584,Title,Default Title,"Tabletop Christmas Tree, White, Ceramic, Minimalist, Scandinavian, Organic Modern, Hostess Gift, Holiday Gift, Self-Gift, Décor & Styling, Gifting, Special Occasion, Christmas, Holiday Traditions, Seasonal Tables, The Host's Touch, 100% ceramic; LR44 battery included; cord-free decorative display, cat:decor, cat:new-arrivals, seg:someone-in-mind"
white-ceramic-tabletop-christmas-tree-7-1-in,"White Ceramic Tabletop Christmas Tree, 7.1 in",27585,Title,Default Title,"Tabletop Christmas Tree, White, Ceramic, Minimalist, Scandinavian, Japandi, Holiday Gift, Hostess Gift, Housewarming, Décor & Styling, Gifting, Special Occasion, Christmas, Holiday Traditions, Seasonal Tables, The Host's Touch, 100% ceramic; LR44 battery included; cord-free decorative use, cat:decor, cat:new-arrivals, seg:someone-in-mind"
eco-white-porcelain-mini-bowl,Eco White Porcelain Mini Bowl,27589,Title,Default Title,"Mini Bowl, White, Porcelain, ECO, Minimalist, Scandinavian, Organic Modern, Housewarming, Hostess Gift, Thank-You, Everyday Use, Serving, Cooking & Baking, Thanksgiving, Christmas, Wedding Season, Cooking Together, The Dinner Party, Hostess Gifts, Microwave-, dishwasher-, and oven-safe porcelain., cat:tabletop, cat:new-arrivals, seg:the-full-table, seg:weeknight-ceremony"
lia-large-white-porcelain-serving-plate-14-7-in,"Lia Large White Porcelain Serving Plate, 14.7 in",27592,Title,Default Title,"Serving Plate, White, Porcelain, Organic Modern, Wabi-Sabi, Minimalist, Housewarming, Wedding, Hostess Gift, Serving, Entertaining, Dinner Party, Thanksgiving, Christmas, Wedding Season, Weekend Gatherings, The Dinner Party, The Host's Touch, Porcelain; microwave-, dishwasher-, and oven-safe., cat:tabletop, cat:new-arrivals, seg:the-first-kitchen, seg:the-full-table"
stainless-steel-kitchen-scale-11-lb,"Stainless Steel Kitchen Scale, 11 lb",27597,Title,Default Title,"Digital Kitchen Scale, Silver, Glass, Templado, Plastic, Galvanizado, Silicone, Stainless steel, GRAMERA, Minimalist, Scandinavian, Organic Modern, Housewarming, Wedding, Self-Gift, Cooking & Baking, Everyday Use, Gifting, Wedding Season, Cooking Together, Recipes Worth Passing Down, The Host's Touch, 11 lb (5 kg) maximum capacity; stainless steel and tempered glass construction, cat:kitchen, cat:new-arrivals, seg:the-first-kitchen"
costa-serena-shell-shaped-ceramic-plates-set-of-2,"Costa Serena Shell-Shaped Ceramic Plates, Set of 2",27696,Title,Default Title,"Appetizer Plate, White, Ceramic, COSTA SERENA, Coastal, Organic Modern, Minimalist, Housewarming, Hostess Gift, Thank-You, Entertaining, Serving, Gifting, Wedding Season, The Art of the Table, Cocktail Hour, Hostess Gifts, Microwave-safe; dishwasher-safe; lead- and cadmium-free to international standards, cat:tabletop, cat:gifts, cat:new-arrivals, seg:someone-in-mind, seg:the-full-table"
costa-serena-snail-shaped-ceramic-serving-bowl,Costa Serena Snail-Shaped Ceramic Serving Bowl,27697,Title,Default Title,"Serving Bowl, White, Ceramic, COSTA SERENA, Coastal, Organic Modern, Minimalist, Housewarming, Hostess Gift, Thank-You, Serving, Entertaining, Gifting, Thanksgiving, Christmas, Wedding Season, The Host's Touch, The Art of the Table, Hostess Gifts, Microwave and dishwasher safe serving bowl; internationally certified lead- and cadmium-free., cat:tabletop, cat:new-arrivals"
costa-serena-white-ceramic-shell-chip-and-dip-bowl,Costa Serena White Ceramic Shell Chip and Dip Bowl,27698,Title,Default Title,"Chip and Dip Bowl, White, Ceramic, COSTA SERENA, Coastal, Organic Modern, Minimalist, Housewarming, Hostess Gift, Thank-You, Entertaining, Serving, Gifting, Thanksgiving, Christmas, New Year, Weekend Gatherings, Cocktail Hour, Hostess Gifts, Certified to international lead-free and cadmium-free standards; microwave- and dishwasher-safe ceramic., cat:tabletop, cat:new-arrivals, seg:season-opener, seg:someone-in-mind"
costa-serena-shell-shaped-ceramic-tray-14-4-in,"Costa Serena Shell Shaped Ceramic Tray, 14.4 in",27699,Title,Default Title,"Serving Tray, White, Ceramic, COSTA SERENA, Coastal, Organic Modern, Minimalist, Housewarming, Wedding, Hostess Gift, Serving, Entertaining, Gifting, Wedding Season, Mother's Day, The Dinner Party, Cocktail Hour, Hostess Gifts, Certified lead- and cadmium-free; microwave- and dishwasher-safe., cat:tabletop, cat:new-arrivals"
red-ceramic-bowls-6-1-in-set-of-2,"Red Ceramic Bowls, 6.1 in, Set of 2",27705,Title,Default Title,"Cereal Bowl, Red, Ceramic, HUERTO MESTIZO, Organic Modern, Mediterranean, Wabi-Sabi, Housewarming, Hostess Gift, Thank-You, Everyday Use, Serving, Gifting, Wedding Season, The Sunday Table, Weekend Gatherings, A Gift with a Story, Microwave- and dishwasher-safe; certified lead- and cadmium-free., cat:tabletop, cat:gifts, cat:new-arrivals"
red-ceramic-small-bowl-set-of-2,Red Ceramic Small Bowl Set of 2,27707,Title,Default Title,"Small Bowl, Red, Ceramic, HUERTO MESTIZO, Organic Modern, Wabi-Sabi, Classic/Heritage, Housewarming, Hostess Gift, Thank-You, Everyday Use, Entertaining, Serving, Christmas, The Sunday Table, Weekend Gatherings, The Host's Touch, Lead-free ceramic bowls, cadmium-free; microwave- and dishwasher-safe., cat:tabletop, cat:gifts, cat:new-arrivals, seg:someone-in-mind"
red-garden-ceramic-serving-tray-15-in,"Red Garden Ceramic Serving Tray, 15 in",27708,Title,Default Title,"Serving Tray, Red, Ceramic, HUERTO MESTIZO, Organic Modern, Classic/Heritage, Mediterranean, Housewarming, Wedding, Hostess Gift, Serving, Entertaining, Dinner Party, Thanksgiving, Christmas, Wedding Season, The Sunday Table, Weekend Gatherings, The Dinner Party, Microwave- and dishwasher-safe; certified lead- and cadmium-free., cat:tabletop, cat:new-arrivals, seg:the-first-kitchen"
pepper-ceramic-lidded-bowl-16-2-fl-oz-480-ml,"Pepper Ceramic Lidded Bowl, 16.2 fl oz (480 mL)",27709,Title,Default Title,"Lidded Serving Bowl, Red, Ceramic, PIMIENTO, Organic Modern, Mediterranean, Classic/Heritage, Housewarming, Hostess Gift, Thank-You, Everyday Use, Serving, Gifting, Wedding Season, Cooking Together, Cocktail Hour, Hostess Gifts, Certified lead- and cadmium-free; microwave- and dishwasher-safe, cat:tabletop, cat:new-arrivals, seg:someone-in-mind"
white-porcelain-christmas-tree-mug-15-2-fl-oz,"White Porcelain Christmas Tree Mug, 15.2 fl oz",27722,Title,Default Title,"Mug, White, Porcelain, New Bone China, Scandinavian, Minimalist, Classic/Heritage, Hostess Gift, Holiday Gift, Self-Gift, Coffee & Tea, Gifting, Everyday Use, Christmas, The Coffee Ritual, The Tea Ritual, Holiday Traditions, Microwave-safe; dishwasher-safe, cat:tabletop, cat:new-arrivals, seg:someone-in-mind"
snowflake-dessert-plates-set-of-2,"Snowflake Dessert Plates, Set of 2",27723,Title,Default Title,"Dessert Plate, White, Porcelain, New Bone China, Scandinavian, Minimalist, Classic/Heritage, Holiday Gift, Hostess Gift, Housewarming, Serving, Entertaining, Gifting, Christmas, Hanukkah, New Year, The Tea Ritual, Holiday Traditions, The Host's Touch, Microwave safe plates; dishwasher-safe new bone china; sculpted snowflake form., cat:tabletop, cat:gifts, cat:new-arrivals, seg:season-opener, seg:someone-in-mind"
white-dolomite-santa-christmas-mug,White Dolomite Santa Christmas Mug,27724,Title,Default Title,"Mug, White, Dolomita, Classic/Heritage, Minimalist, Wabi-Sabi, Hostess Gift, Holiday Gift, Just Because, Coffee & Tea, Gifting, Entertaining, Christmas, The Coffee Ritual, The Tea Ritual, Holiday Traditions, 100% dolomite with a sculpted Santa face; 11.8 fl oz (350 mL) capacity, cat:tabletop, cat:new-arrivals"
gingerbread-snowflake-dessert-plates-5-1-in-set-of-2,"Gingerbread Snowflake Dessert Plates, 5.1 in, Set of 2",27725,Title,Default Title,"Dessert Plate, Multicolor, Porcelain, New Bone China, GINGERBREAD, Classic/Heritage, Scandinavian, Organic Modern, Hostess Gift, Holiday Gift, Thank-You, Coffee & Tea, Serving, Gifting, Christmas, The Tea Ritual, Holiday Traditions, Hostess Gifts, Microwave- and dishwasher-safe new bone china., cat:tabletop, cat:gifts, cat:new-arrivals, seg:season-opener, seg:someone-in-mind"
gingerbread-new-bone-china-dessert-plate-7-5-in,"Gingerbread New Bone China Dessert Plate, 7.5 in",27726,Title,Default Title,"Dessert Plate, Multicolor, Porcelain, New Bone China, GINGERBREAD, Classic/Heritage, Scandinavian, Holiday Gift, Hostess Gift, Self-Gift, Coffee & Tea, Entertaining, Gifting, Christmas, Holiday Traditions, The Tea Ritual, Hostess Gifts, Microwave- and dishwasher-safe; 100% new bone china., cat:tabletop, cat:new-arrivals"
gingerbread-charger-plate-11-8-in,"Gingerbread Charger Plate, 11.8 in",27727,Title,Default Title,"Charger Plate, Multicolor, Porcelain, New Bone China, GINGERBREAD, Classic/Heritage, Scandinavian, Organic Modern, Hostess Gift, Holiday Gift, Housewarming, Entertaining, Serving, Décor & Styling, Christmas, Holiday Traditions, The Art of the Table, Hostess Gifts, Dishwasher-safe; microwave-safe; 100% new bone china, cat:tabletop, cat:new-arrivals, seg:someone-in-mind"
gingerbread-house-new-bone-china-serving-plate-11-8-in,"Gingerbread House New Bone China Serving Plate, 11.8 in",27728,Title,Default Title,"Serving Plate, Multicolor, Porcelain, New Bone China, GINGERBREAD, Classic/Heritage, Scandinavian, Hostess Gift, Housewarming, Holiday Gift, Serving, Décor & Styling, Gifting, Christmas, Holiday Traditions, The Host's Touch, Hostess Gifts, Microwave- and dishwasher-safe; 100% new bone china., cat:tabletop, cat:new-arrivals, seg:season-opener, seg:someone-in-mind"
gingerbread-house-dessert-plates-set-of-2,"Gingerbread House Dessert Plates, Set of 2",27729,Title,Default Title,"Dessert Plate, Multicolor, Porcelain, New Bone China, GINGERBREAD, Classic/Heritage, Scandinavian, Hostess Gift, Holiday Gift, Just Because, Entertaining, Serving, Gifting, Christmas, Holiday Traditions, The Host's Touch, Hostess Gifts, Dishwasher-safe; microwave-safe; 100% new bone china, cat:tabletop, cat:gifts, cat:new-arrivals, seg:season-opener, seg:someone-in-mind"
wild-christmas-new-bone-china-coasters-set-of-4,"Wild Christmas New Bone China Coasters, Set of 4",27731,Title,Default Title,"Coaster, Multicolor, Porcelain, New Bone China, NAVIDAD SILVESTRE, Classic/Heritage, Organic Modern, Hostess Gift, Housewarming, Holiday Gift, Entertaining, Bar & Barware, Gifting, Christmas, Holiday Traditions, The Host's Touch, The Well-Set Bar, 100% new bone china; designed to protect furniture from hot and cold drink rings, cat:tabletop, cat:gifts, cat:new-arrivals, seg:season-opener, seg:someone-in-mind"
porcelain-cup-and-saucer-set-contrast-8-pieces,"Porcelain Cup and Saucer Set, Contrast, 8 Pieces",27733,Title,Default Title,"Cup and Saucer Set, Multicolor, Porcelain, New Bone China, CONTRASTE, Bauhaus, Mid-Century, Minimalist, Housewarming, Hostess Gift, Thank-You, Coffee & Tea, Entertaining, Gifting, Christmas, Wedding Season, The Coffee Ritual, The Tea Ritual, Weekend Brunch, 100% new bone china porcelain; four cups with matching saucers; mix-and-match multicolor design, cat:tabletop, cat:gifts, cat:new-arrivals, seg:someone-in-mind"
contrast-new-bone-china-side-plates-set-of-4,"Contrast New Bone China Side Plates, Set of 4",27734,Title,Default Title,"Side Plate, Multicolor, Porcelain, New Bone China, CONTRASTE, Bauhaus, Minimalist, Organic Modern, Housewarming, Wedding, Hostess Gift, Everyday Use, Entertaining, Serving, Wedding Season, The Sunday Table, The Dinner Party, The Art of the Table, 100% new bone china; multicolor Contrast design, cat:tabletop, cat:gifts, cat:new-arrivals, seg:first-dinner-party, seg:the-first-kitchen, seg:the-full-table"
contrast-new-bone-china-sugar-bowl-with-lid,Contrast New Bone China Sugar Bowl with Lid,27735,Title,Default Title,"Sugar Bowl, Multicolor, Porcelain, New Bone China, CONTRASTE, Bauhaus, Minimalist, Organic Modern, Housewarming, Hostess Gift, Thank-You, Coffee & Tea, Serving, Gifting, Wedding Season, Mother's Day, The Coffee Ritual, The Tea Ritual, Weekend Brunch, New bone china porcelain; wide-mouth lidded design; odor- and flavor-resistant., cat:tabletop, cat:new-arrivals, seg:weeknight-ceremony"
multicolor-new-bone-china-creamer-pitcher,Multicolor New Bone China Creamer Pitcher,27736,Title,Default Title,"Creamer Pitcher, Multicolor, Porcelain, New Bone China, CONTRASTE, Organic Modern, Minimalist, Bauhaus, Housewarming, Hostess Gift, Thank-You, Coffee & Tea, Entertaining, Serving, Mother's Day, Thanksgiving, Christmas, The Coffee Ritual, The Tea Ritual, Weekend Brunch, 100% new bone china creamer; 12.8 fl oz (380 mL) capacity, cat:tabletop, cat:new-arrivals, seg:weeknight-ceremony"
contraste-porcelain-dinner-plates-10-6-in-set-of-4,"Contraste Porcelain Dinner Plates, 10.6 in, Set of 4",27737,Title,Default Title,"Dinner Plate, Multicolor, Porcelain, New Bone China, CONTRASTE, Bauhaus, Mid-Century, Minimalist, Housewarming, Wedding, Hostess Gift, Entertaining, Dinner Party, Serving, Thanksgiving, Christmas, Wedding Season, The Dinner Party, The Sunday Table, The Art of the Table, 100% new bone china porcelain; coordinated set of 4, cat:tabletop, cat:gifts, cat:new-arrivals, seg:the-full-table"
contrast-porcelain-soup-bowls-set-of-4,Contrast Porcelain Soup Bowls Set of 4,27738,Title,Default Title,"Soup Bowl, Multicolor, Porcelain, New Bone China, CONTRASTE, Bauhaus, Mid-Century, Minimalist, Housewarming, Wedding, Hostess Gift, Everyday Use, Entertaining, Serving, Thanksgiving, Christmas, Wedding Season, The Sunday Table, Weekend Gatherings, The Dinner Party, 100% New Bone China; set of 4 coordinated bowls, cat:tabletop, cat:gifts, cat:new-arrivals, seg:first-dinner-party, seg:season-opener, seg:the-first-kitchen, seg:the-full-table"
contraste-porcelain-salt-pepper-shaker-set,Contraste Porcelain Salt & Pepper Shaker Set,27739,Title,Default Title,"Salt & Pepper Shaker Set, Multicolor, Porcelain, New Bone China, CONTRASTE, Classic/Heritage, Minimalist, Organic Modern, Housewarming, Hostess Gift, Thank-You, Everyday Use, Entertaining, Serving, Thanksgiving, Christmas, Wedding Season, The Sunday Table, The Dinner Party, Hostess Gifts, 100% new bone china porcelain; set of 2 for storing and serving salt and pepper., cat:tabletop, cat:gifts, cat:new-arrivals, seg:someone-in-mind, seg:the-first-kitchen, seg:the-full-table"
contraste-new-bone-china-serving-bowl-9-2-in-23-4-cm,"Contraste New Bone China Serving Bowl, 9.2 in (23.4 cm)",27740,Title,Default Title,"Serving Bowl, Multicolor, Porcelain, New Bone China, CONTRASTE, Organic Modern, Bauhaus, Minimalist, Housewarming, Wedding, Hostess Gift, Entertaining, Dinner Party, Serving, Thanksgiving, Christmas, Wedding Season, The Sunday Table, Weekend Gatherings, The Art of the Table, 100% new bone china; generous 34.2 fl oz (1010 mL) capacity, cat:tabletop, cat:new-arrivals"
contraste-new-bone-china-serving-tray,Contraste New Bone China Serving Tray,27741,Title,Default Title,"Serving Tray, Multicolor, Porcelain, New Bone China, CONTRASTE, Bauhaus, Minimalist, Scandinavian, Housewarming, Hostess Gift, Thank-You, Serving, Entertaining, Gifting, Wedding Season, The Art of the Table, Weekend Gatherings, Hostess Gifts, 100% new bone china; graphic multicolor stripe design, cat:tabletop, cat:new-arrivals"
mushroom-lidded-mug,Mushroom Lidded Mug,27745,Title,Default Title,"Mug with Lid, Multicolor, Porcelain, New Bone China, Organic Modern, Scandinavian, Wabi-Sabi, Hostess Gift, Holiday Gift, Self-Gift, Coffee & Tea, Everyday Use, Gifting, Christmas, The Coffee Ritual, The Tea Ritual, Hostess Gifts, Microwave-safe and dishwasher-safe; generous 13.2 fl oz (390 mL) capacity, cat:tabletop, cat:new-arrivals, seg:weeknight-ceremony"
gray-granite-mortar-and-pestle-4-3-in-11-cm,"Gray Granite Mortar and Pestle, 4.3 in (11 cm)",27765,Title,Default Title,"Mortar & Pestle, Gray, MORTERO, Organic Modern, Wabi-Sabi, Minimalist, Housewarming, Hostess Gift, Self-Gift, Everyday Use, Cooking & Baking, Gifting, Thanksgiving, Christmas, Wedding Season, Cooking Together, The Dinner Party, The Host's Touch, Solid gray granite; textured grinding surface; compact 4.3 in (11 cm) size, cat:kitchen, cat:gifts, cat:new-arrivals, seg:first-dinner-party, seg:weeknight-ceremony"
gray-granite-mortar-pestle-5-1-in,"Gray Granite Mortar & Pestle, 5.1 in",27766,Title,Default Title,"Mortar & Pestle, Gray, MORTERO, Organic Modern, Wabi-Sabi, Minimalist, Housewarming, Wedding, Hostess Gift, Cooking & Baking, Entertaining, Gifting, Wedding Season, Cooking Together, Recipes Worth Passing Down, The Host's Touch, Solid granite; rough grinding interior, cat:kitchen, cat:gifts, cat:new-arrivals, seg:the-first-kitchen, seg:weeknight-ceremony"
contraste-cake-stand-with-glass-dome,Contraste Cake Stand with Glass Dome,27768,Title,Default Title,"Cake Stand with Dome, Multicolor, Glass, Sodalime, Ceramic, CONTRASTE, Minimalist, Bauhaus, Classic/Heritage, Housewarming, Wedding, Hostess Gift, Serving, Entertaining, Gifting, Wedding Season, Mother's Day, Thanksgiving, The Sunday Table, Weekend Gatherings, Hostess Gifts, Clear glass cloche; ceramic pedestal base; compact 8.1 in (20.5 cm) serving diameter, cat:tabletop, cat:gifts, cat:new-arrivals, seg:season-opener, seg:the-first-kitchen"
lumin-clear-glass-candle-holder-5-3-in-13-5-cm,"Lumin Clear Glass Candle Holder, 5.3 in (13.5 cm)",27774,Title,Default Title,"Candle Holder, Clear, Glass, Sodalime, Classic/Heritage, Minimalist, Organic Modern, Housewarming, Hostess Gift, Just Because, Décor & Styling, Entertaining, Gifting, Christmas, Thanksgiving, Wedding Season, Candlelit Dinners, The Dinner Party, The Host's Touch, Clear 100% sodalime glass; wipe-clean care with mild soap, cat:decor, cat:new-arrivals, seg:the-full-table"
christmas-glass-taper-candle-holder-5-2-in,"Christmas Glass Taper Candle Holder, 5.2 in",27776,Title,Default Title,"Taper Candle Holder, Green, Glass, Sodalime, Classic/Heritage, Minimalist, Organic Modern, Hostess Gift, Holiday Gift, Housewarming, Décor & Styling, Entertaining, Special Occasion, Christmas, Holiday Traditions, Candlelit Dinners, The Host's Touch, 100% soda-lime glass; wipe-clean care with mild soap, cat:decor, cat:new-arrivals, seg:someone-in-mind"
green-and-red-glass-taper-candle-holder-11-0-in,"Green and Red Glass Taper Candle Holder, 11.0 in",27777,Title,Default Title,"Taper Candle Holder, Green, Glass, Sodalime, NOCHE BUENA SNOW, Classic/Heritage, Organic Modern, Housewarming, Hostess Gift, Holiday Gift, Décor & Styling, Entertaining, Gifting, Christmas, Candlelit Dinners, Holiday Traditions, The Art of the Table, 100% soda-lime glass; damp-wipe care with mild soap, cat:decor, cat:new-arrivals, seg:someone-in-mind"
forest-glass-taper-candle-holder-green-red-8-7-in,"Forest Glass Taper Candle Holder, Green & Red, 8.7 in",27779,Title,Default Title,"Taper Candle Holder, Green, Glass, Sodalime, NAVIDAD SILVESTRE, Organic Modern, Classic/Heritage, Minimalist, Housewarming, Hostess Gift, Holiday Gift, Décor & Styling, Entertaining, Gifting, Christmas, Thanksgiving, Candlelit Dinners, Holiday Traditions, The Art of the Table, 100% soda-lime glass; wipe-clean care., cat:decor, cat:new-arrivals, seg:someone-in-mind, seg:the-full-table"
snow-carousel-santa-porcelain-soup-bowls-set-of-2,"Snow Carousel & Santa Porcelain Soup Bowls, Set of 2",27789,Title,Default Title,"Soup Bowl, Multicolor, Porcelain, NOCHE BUENA SNOW, Classic/Heritage, Scandinavian, Hostess Gift, Holiday Gift, Just Because, Everyday Use, Entertaining, Gifting, Christmas, The Cozy Season, Holiday Traditions, The Thoughtful Thank-You, Microwave- and dishwasher-safe porcelain., cat:tabletop, cat:gifts, cat:new-arrivals, seg:someone-in-mind"
porcelain-soup-bowls-snow-crownville-set-of-2,"Porcelain Soup Bowls, Snow Crownville, Set of 2",27790,Title,Default Title,"Soup Bowl, Multicolor, Porcelain, NOCHE BUENA SNOW, Classic/Heritage, Scandinavian, Housewarming, Hostess Gift, Holiday Gift, Serving, Dinner Party, Gifting, Christmas, Holiday Traditions, The Sunday Table, The Dinner Party, Microwave-safe; dishwasher-safe porcelain., cat:tabletop, cat:gifts, cat:new-arrivals, seg:season-opener, seg:someone-in-mind"
snow-santa-porcelain-holiday-serving-bowl-9-4-in,"Snow Santa Porcelain Holiday Serving Bowl, 9.4 in",27791,Title,Default Title,"Serving Bowl, Multicolor, Porcelain, NOCHE BUENA SNOW, Classic/Heritage, Scandinavian, Housewarming, Hostess Gift, Holiday Gift, Serving, Entertaining, Gifting, Christmas, Holiday Traditions, The Sunday Table, Hostess Gifts, Dishwasher-safe and microwave-safe porcelain bowl., cat:tabletop, cat:new-arrivals"
snow-crown-porcelain-serving-bowl-9-4-in,"Snow Crown Porcelain Serving Bowl, 9.4 in",27792,Title,Default Title,"Serving Bowl, Multicolor, Porcelain, NOCHE BUENA SNOW, Classic/Heritage, Organic Modern, Minimalist, Housewarming, Hostess Gift, Holiday Gift, Entertaining, Serving, Gifting, Christmas, Holiday Traditions, The Sunday Table, Hostess Gifts, Porcelain; dishwasher- and microwave-safe., cat:tabletop, cat:new-arrivals, seg:someone-in-mind"
snow-crown-porcelain-holiday-charger-plate-11-7-in,"Snow Crown Porcelain Holiday Charger Plate, 11.7 in",27793,Title,Default Title,"Charger Plate, Multicolor, Porcelain, NOCHE BUENA SNOW, Classic/Heritage, Scandinavian, Hostess Gift, Housewarming, Holiday Gift, Entertaining, Dinner Party, Special Occasion, Christmas, Holiday Traditions, The Dinner Party, Candlelit Dinners, Porcelain; microwave- and dishwasher-safe; non-abrasive care., cat:tabletop, cat:new-arrivals"
snow-christmas-tree-porcelain-tray-6-7-in,"Snow Christmas Tree Porcelain Tray, 6.7 in",27794,Title,Default Title,"Serving Tray, Multicolor, Porcelain, NOCHE BUENA SNOW, Classic/Heritage, Scandinavian, Minimalist, Hostess Gift, Holiday Gift, Thank-You, Serving, Entertaining, Gifting, Christmas, Holiday Traditions, The Host's Touch, Hostess Gifts, Porcelain; microwave- and dishwasher-safe, cat:tabletop, cat:new-arrivals"
snow-ville-porcelain-serving-tray-12-7-in,"Snow Ville Porcelain Serving Tray, 12.7 in",27795,Title,Default Title,"Serving Tray, Multicolor, Porcelain, NOCHE BUENA SNOW, Classic/Heritage, Scandinavian, Hostess Gift, Holiday Gift, Housewarming, Serving, Entertaining, Special Occasion, Christmas, Thanksgiving, New Year, Holiday Traditions, The Sunday Table, Hostess Gifts, Microwave- and dishwasher-safe porcelain; 50.7 fl oz (1.5 L) capacity., cat:tabletop, cat:new-arrivals"
snow-crown-porcelain-holiday-cake-stand-10-6-in,"Snow Crown Porcelain Holiday Cake Stand, 10.6 in",27796,Title,Default Title,"Cake Stand, Multicolor, Porcelain, NOCHE BUENA SNOW, Classic/Heritage, Scandinavian, Organic Modern, Holiday Gift, Hostess Gift, Housewarming, Serving, Entertaining, Gifting, Christmas, New Year, Holiday Traditions, The Sunday Table, The Art of the Table, Dishwasher-safe porcelain; microwave-safe, cat:tabletop, cat:new-arrivals, seg:the-full-table"
holiday-snow-crownville-porcelain-salad-plates-set-of-2,"Holiday Snow Crownville Porcelain Salad Plates, Set of 2",27797,Title,Default Title,"Salad Plate, Multicolor, Porcelain, NOCHE BUENA SNOW, Classic/Heritage, Scandinavian, Hostess Gift, Holiday Gift, Housewarming, Entertaining, Serving, Gifting, Christmas, Holiday Traditions, The Sunday Table, Hostess Gifts, Porcelain; dishwasher- and microwave-safe, cat:tabletop, cat:gifts, cat:new-arrivals, seg:season-opener, seg:someone-in-mind"
snow-crownville-holiday-porcelain-dinner-plates-set-of-2,"Snow Crownville Holiday Porcelain Dinner Plates, Set of 2",27798,Title,Default Title,"Dinner Plate, Multicolor, Porcelain, NOCHE BUENA SNOW, Classic/Heritage, Scandinavian, Housewarming, Hostess Gift, Holiday Gift, Entertaining, Dinner Party, Gifting, Christmas, Holiday Traditions, The Sunday Table, Hostess Gifts, Porcelain; dishwasher-safe; microwave-safe; set of 2, cat:tabletop, cat:gifts, cat:new-arrivals, seg:first-dinner-party, seg:someone-in-mind"
forest-christmas-porcelain-salad-plates-set-of-2,"Forest Christmas Porcelain Salad Plates, Set of 2",27799,Title,Default Title,"Salad Plate, Multicolor, Porcelain, NAVIDAD SILVESTRE, Classic/Heritage, Scandinavian, Organic Modern, Hostess Gift, Holiday Gift, Housewarming, Entertaining, Serving, Gifting, Christmas, Thanksgiving, New Year, Holiday Traditions, The Sunday Table, Hostess Gifts, Porcelain; dishwasher- and microwave-safe, cat:tabletop, cat:gifts, cat:new-arrivals"
woodland-forest-porcelain-christmas-dinner-plates-set-of-2,"Woodland Forest Porcelain Christmas Dinner Plates, Set of 2",27800,Title,Default Title,"Dinner Plate, Multicolor, Porcelain, NAVIDAD SILVESTRE, Classic/Heritage, Organic Modern, Scandinavian, Hostess Gift, Holiday Gift, Housewarming, Entertaining, Dinner Party, Serving, Christmas, Holiday Traditions, The Sunday Table, The Art of the Table, Porcelain; dishwasher- and microwave-safe, cat:tabletop, cat:gifts, cat:new-arrivals, seg:season-opener"
forest-wild-christmas-porcelain-bowl-set-2-piece,"Forest Wild Christmas Porcelain Bowl Set, 2-Piece",27801,Title,Default Title,"Serving Bowl, Multicolor, Porcelain, NAVIDAD SILVESTRE, Classic/Heritage, Organic Modern, Scandinavian, Holiday Gift, Hostess Gift, Housewarming, Serving, Entertaining, Special Occasion, Christmas, Holiday Traditions, The Sunday Table, Hostess Gifts, Microwave- and dishwasher-safe porcelain., cat:tabletop, cat:gifts, cat:new-arrivals, seg:season-opener"
forest-holiday-porcelain-serving-tray,Forest Holiday Porcelain Serving Tray,27802,Title,Default Title,"Serving Tray, Multicolor, Porcelain, NAVIDAD SILVESTRE, Classic/Heritage, Scandinavian, Organic Modern, Hostess Gift, Housewarming, Holiday Gift, Serving, Entertaining, Gifting, Christmas, Holiday Traditions, Seasonal Tables, The Host's Touch, Microwave-safe porcelain; dishwasher-safe cleanup, cat:tabletop, cat:new-arrivals, seg:season-opener, seg:someone-in-mind"
acacia-herringbone-cutting-serving-board,Acacia Herringbone Cutting & Serving Board,27823,Title,Default Title,"Cutting & Serving Board, Natural Wood, Wood, Acacia, ACACIA, Organic Modern, Japandi, Wabi-Sabi, Housewarming, Wedding, Hostess Gift, Everyday Use, Entertaining, Serving, Wedding Season, Thanksgiving, Christmas, The Dinner Party, Weekend Gatherings, Hostess Gifts, 100% acacia wood; natural herringbone pattern; compact cutting and serving surface, cat:tabletop, cat:new-arrivals, seg:season-opener, seg:the-first-kitchen, seg:the-full-table"
round-marble-board-cheese-knives-set-of-4,"Round Marble Board & Cheese Knives, Set of 4",27824,Title,Default Title,"Cheese Board Set, White, Tabla, Marble, Copper, Cuchillos, Stainless steel, Organic Modern, Minimalist, Classic/Heritage, Housewarming, Wedding, Hostess Gift, Entertaining, Bar & Barware, Serving, Wedding Season, Thanksgiving, Christmas, Cocktail Hour, Wine Night, Hostess Gifts, Natural marble board; three stainless steel cheese knives included, cat:tabletop, cat:gifts, cat:new-arrivals, seg:season-opener"
silver-stainless-steel-paring-knife,Silver Stainless Steel Paring Knife,27825,Title,Default Title,"Paring Knife, Silver, Stainless steel, Minimalist, Scandinavian, Housewarming, Hostess Gift, Self-Gift, Everyday Use, Cooking & Baking, Gifting, Wedding Season, Cooking Together, The Dinner Party, The Host's Touch, 100% stainless steel construction; hand-wash care for longer surface life, cat:kitchen, cat:new-arrivals, seg:first-dinner-party"
stainless-steel-utility-knife-for-food-prep,Stainless Steel Utility Knife for Food Prep,27826,Title,Default Title,"Utility Knife, Silver, Stainless steel, Minimalist, Organic Modern, Housewarming, Hostess Gift, Self-Gift, Everyday Use, Cooking & Baking, Gifting, Wedding Season, Cooking Together, The Host's Touch, Hostess Gifts, 100% stainless steel construction; slim food-only blade for controlled prep, cat:kitchen, cat:new-arrivals"
stainless-steel-chef-knife-for-everyday-food-prep,Stainless Steel Chef Knife for Everyday Food Prep,27827,Title,Default Title,"Chef Knife, Silver, Stainless steel, Minimalist, Scandinavian, Organic Modern, Housewarming, Wedding, Self-Gift, Everyday Use, Cooking & Baking, Gifting, Wedding Season, Christmas, Cooking Together, Weekend Gatherings, Recipes Worth Passing Down, 100% stainless steel; hand wash only., cat:kitchen, cat:new-arrivals, seg:the-first-kitchen"
gold-lines-glass-hanging-tree-ornament-3-9-in,"Gold Lines Glass Hanging Tree Ornament, 3.9 in",27839,Title,Default Title,"Christmas Tree Ornament, Gold, Glass, Sodalime, Metal, Classic/Heritage, Minimalist, Scandinavian, Housewarming, Hostess Gift, Holiday Gift, Décor & Styling, Gifting, Special Occasion, Christmas, Holiday Traditions, The Host's Touch, The Gift That Becomes a Tradition, 95% soda-lime glass; metal hanging detail, cat:decor, cat:new-arrivals, seg:someone-in-mind"
green-silicone-popsicle-mold-with-reusable-sticks,Green Silicone Popsicle Mold with Reusable Sticks,27849,Title,Default Title,"Ice Pop Mold, Green, Silicone, Polypropylene, BASICS, Organic Modern, Minimalist, Housewarming, Hostess Gift, Self-Gift, Everyday Use, Entertaining, Gifting, Fourth of July, Summer Entertaining, Poolside, The Backyard BBQ, Flexible silicone release; reusable polypropylene sticks, cat:kitchen, cat:new-arrivals"
square-gray-silicone-coasters-set-of-4,"Square Gray Silicone Coasters, Set of 4",27851,Title,Default Title,"Coaster, Gray, Silicone, Minimalist, Japandi, Organic Modern, Housewarming, Hostess Gift, Thank-You, Everyday Use, Entertaining, Bar & Barware, Thanksgiving, Christmas, New Year, The Coffee Ritual, Cocktail Hour, The Host's Touch, 100% silicone; Heat resistant from 5°F to 428°F (-15°C to 220°C); Set of 4, cat:tabletop, cat:gifts, cat:new-arrivals, seg:first-dinner-party"
adesia-gray-mandoline-slicer-with-container,Adesia Gray Mandoline Slicer with Container,27869,Title,Default Title,"Mandoline Slicer, Gray, Plastic, Abs, Poliestireno, Tpe, Stainless steel, SLATE, Minimalist, Scandinavian, Organic Modern, Housewarming, Hostess Gift, Self-Gift, Everyday Use, Cooking & Baking, Gifting, Thanksgiving, Christmas, Wedding Season, Cooking Together, The Sunday Table, Hostess Gifts, Dishwasher-safe; 4 interchangeable blade plates; 60.9 fl oz (1.8 L) catch container, cat:kitchen, cat:gifts, cat:new-arrivals, seg:first-dinner-party, seg:weeknight-ceremony"
black-blade-meat-tenderizer-with-stainless-steel-blades,Black Blade Meat Tenderizer with Stainless Steel Blades,27870,Title,Default Title,"Meat Tenderizer, Black, Plastic, Abs, Polypropylene, Stainless steel, Minimalist, Organic Modern, Scandinavian, Housewarming, Hostess Gift, Self-Gift, Cooking & Baking, Everyday Use, Gifting, Father's Day, Thanksgiving, Cooking Together, The Backyard BBQ, The Host's Touch, Dishwasher-safe; stainless steel prongs; compact push-down design, cat:kitchen, cat:new-arrivals"
tomato-paper-cocktail-napkins-set-of-20,"Tomato Paper Cocktail Napkins, Set of 20",27875,Title,Default Title,"Paper Cocktail Napkins, Red, Papel, Organic Modern, Mediterranean, Minimalist, Hostess Gift, Housewarming, Just Because, Entertaining, Cocktail Hour, Serving, Fourth of July, The Backyard BBQ, Weekend Gatherings, 100% paper; disposable cleanup, cat:tabletop, cat:gifts, cat:new-arrivals, seg:season-opener, seg:someone-in-mind"
contraste-black-and-white-paper-napkins-set-of-20,"Contraste Black and White Paper Napkins, Set of 20",27876,Title,Default Title,"Paper Napkins, White, Papel, CONTRASTE, Minimalist, Bauhaus, Scandinavian, Hostess Gift, Housewarming, Thank-You, Entertaining, Bar & Barware, Gifting, Cocktail Hour, Weekend Gatherings, Hostess Gifts, 100% paper; set of 20, cat:tabletop, cat:gifts, cat:new-arrivals, seg:season-opener"
woodland-reindeer-paper-napkins-set-of-20,"Woodland Reindeer Paper Napkins, Set of 20",27877,Title,Default Title,"Paper Napkin, Multicolor, Papel, NAVIDAD SILVESTRE, Organic Modern, Classic/Heritage, Hostess Gift, Holiday Gift, Just Because, Entertaining, Serving, Gifting, Christmas, Holiday Traditions, Seasonal Tables, Hostess Gifts, 100% paper; set of 20; multicolor woodland reindeer print, cat:tabletop, cat:gifts, cat:new-arrivals, seg:someone-in-mind"
snow-ville-paper-cocktail-napkins-set-of-20,"Snow Ville Paper Cocktail Napkins, Set of 20",27878,Title,Default Title,"Paper Cocktail Napkins, Multicolor, Papel, NOCHE BUENA SNOW, Classic/Heritage, Scandinavian, Hostess Gift, Holiday Gift, Just Because, Entertaining, Serving, Gifting, Christmas, New Year, Holiday Traditions, The Host's Touch, Hostess Gifts, 100% paper; set of 20; disposable cleanup, cat:tabletop, cat:gifts, cat:new-arrivals, seg:someone-in-mind"
snow-crown-christmas-paper-napkins-set-of-20,"Snow Crown Christmas Paper Napkins, Set of 20",27879,Title,Default Title,"Paper Napkins, Multicolor, Papel, NOCHE BUENA SNOW, Classic/Heritage, Scandinavian, Organic Modern, Hostess Gift, Holiday Gift, Thank-You, Entertaining, Cocktail Hour, Gifting, Christmas, Holiday Traditions, Hostess Gifts, 100% paper; disposable set of 20., cat:tabletop, cat:gifts, cat:new-arrivals, seg:season-opener"
green-moss-mushroom-ornaments-set-of-4,"Green Moss Mushroom Ornaments, Set of 4",27893,Title,Default Title,"Hanging Ornament, Natural, Musgo, Papel, Espuma, Organic Modern, Wabi-Sabi, Scandinavian, Hostess Gift, Holiday Gift, Housewarming, Décor & Styling, Gifting, Special Occasion, Christmas, Thanksgiving, Holiday Traditions, Seasonal Tables, The Host's Touch, Set of 4; moss, paper, and foam construction; dry-cloth care., cat:decor, cat:gifts, cat:new-arrivals, seg:someone-in-mind"
natural-grass-squirrel-figurine-8-3-in,"Natural Grass Squirrel Figurine, 8.3 in",27894,Title,Default Title,"Decorative Figurine, Natural, Hierba, Poliespuma, Organic Modern, Wabi-Sabi, Scandinavian, Housewarming, Hostess Gift, Thank-You, Décor & Styling, Gifting, Special Occasion, Thanksgiving, Seasonal Tables, Harvest Table, The Collected Home, Textured grass exterior; lightweight polyfoam form; wipes clean with a dry cloth, cat:decor, cat:new-arrivals, seg:someone-in-mind"
natural-grass-squirrel-figurine-6-3-in,"Natural Grass Squirrel Figurine, 6.3 in",27895,Title,Default Title,"Decorative Figurine, Natural, Hierba, Poliespuma, Organic Modern, Wabi-Sabi, Scandinavian, Housewarming, Hostess Gift, Holiday Gift, Décor & Styling, Entertaining, Gifting, Thanksgiving, Seasonal Tables, The Host's Touch, Natural grass surface; lightweight polyfoam form, cat:decor, cat:new-arrivals"
natural-grass-reindeer-hanging-ornament-5-1-in,"Natural Grass Reindeer Hanging Ornament, 5.1 in",27899,Title,Default Title,"Hanging Ornament, Natural, Hierba, Poliespuma, Organic Modern, Scandinavian, Wabi-Sabi, Hostess Gift, Holiday Gift, Thank-You, Décor & Styling, Gifting, Special Occasion, Christmas, Holiday Traditions, Seasonal Tables, A Gift with a Story, Lightweight hanging design; natural grass texture, cat:decor, cat:new-arrivals"
natural-grass-fox-figurine,Natural Grass Fox Figurine,27902,Title,Default Title,"Decorative Figurine, Natural, Hierba, Poliespuma, Organic Modern, Scandinavian, Wabi-Sabi, Housewarming, Hostess Gift, Just Because, Décor & Styling, Gifting, Everyday Use, Thanksgiving, Christmas, Seasonal Tables, The Host's Touch, The Housewarming, Textured grass surface; lightweight polyfoam form; dry-cloth care., cat:decor, cat:new-arrivals, seg:someone-in-mind"
natural-grass-bear-figurine,Natural Grass Bear Figurine,27905,Title,Default Title,"Decorative Figurine, Natural, Hierba, Poliespuma, Organic Modern, Wabi-Sabi, Scandinavian, Housewarming, Hostess Gift, Just Because, Décor & Styling, Gifting, Everyday Use, Thanksgiving, Christmas, The Collected Home, Objects with Stories, The Housewarming, Natural fiber texture; compact shelf-ready scale., cat:decor, cat:new-arrivals, seg:someone-in-mind"
natural-grass-hanging-bear-ornament,Natural Grass Hanging Bear Ornament,27906,Title,Default Title,"Hanging Ornament, Natural, Hierba, Poliespuma, Organic Modern, Scandinavian, Wabi-Sabi, Hostess Gift, Holiday Gift, Thank-You, Décor & Styling, Gifting, Special Occasion, Christmas, Holiday Traditions, The Host's Touch, A Gift with a Story, Natural grass texture; lightweight polyfoam form, cat:decor, cat:new-arrivals, seg:someone-in-mind"
standing-natural-grass-bear-figurine,Standing Natural Grass Bear Figurine,27907,Title,Default Title,"Decorative Figurine, Natural, Hierba, Poliespuma, Organic Modern, Scandinavian, Wabi-Sabi, Housewarming, Hostess Gift, Holiday Gift, Décor & Styling, Gifting, Special Occasion, Thanksgiving, Christmas, Seasonal Tables, The Collected Home, Objects with Stories, Freestanding design; textured grass fiber over polyfoam., cat:decor, cat:new-arrivals"
natural-grass-owl-figurine-7-9-in,"Natural Grass Owl Figurine, 7.9 in",27908,Title,Default Title,"Decorative Figurine, Natural, Hierba, Poliespuma, Organic Modern, Wabi-Sabi, Scandinavian, Housewarming, Hostess Gift, Just Because, Décor & Styling, Gifting, Everyday Use, Thanksgiving, Halloween, The Collected Home, Objects with Stories, The Host's Touch, Natural grass texture; lightweight polyfoam form; wipe gently with a dry cloth., cat:decor, cat:new-arrivals, seg:someone-in-mind"
jute-owl-figurine-natural-fiber-shelf-decor,"Jute Owl Figurine, Natural Fiber Shelf Decor",27909,Title,Default Title,"Figurine, Natural, Hierba, Poliespuma, Organic Modern, Wabi-Sabi, Minimalist, Housewarming, Hostess Gift, Just Because, Décor & Styling, Gifting, Everyday Use, Thanksgiving, The Collected Home, Objects with Stories, Hostess Gifts, Natural grass texture; lightweight polyfoam form; easy dry-cloth care., cat:decor, cat:new-arrivals, seg:someone-in-mind"
natural-jute-owl-decorative-figurine,Natural Jute Owl Decorative Figurine,27910,Title,Default Title,"Decorative Figurine, Natural, Hierba, Poliespuma, Organic Modern, Wabi-Sabi, Scandinavian, Housewarming, Hostess Gift, Just Because, Décor & Styling, Gifting, Everyday Use, Thanksgiving, Halloween, The Collected Home, Seasonal Tables, The Host's Touch, 40% grass and 60% polyfoam; wipe clean with a dry cloth, cat:decor, cat:new-arrivals"
natural-grass-hanging-owl-ornament-4-3-in-11-cm,"Natural Grass Hanging Owl Ornament, 4.3 in (11 cm)",27911,Title,Default Title,"Hanging Ornament, Natural, Hierba, Poliespuma, Organic Modern, Wabi-Sabi, Scandinavian, Holiday Gift, Hostess Gift, Just Because, Décor & Styling, Gifting, Special Occasion, Christmas, Thanksgiving, Holiday Traditions, Seasonal Tables, The Collected Home, Natural grass texture; lightweight polyfoam form, cat:decor, cat:new-arrivals, seg:someone-in-mind"
corales-melamine-bowls-7-5-in-set-of-2,"Corales Melamine Bowls, 7.5 in, Set of 2",27922,Title,Default Title,"Melamine Bowl, Multicolor, Melamine, CORALES, Coastal, Organic Modern, Mediterranean, Housewarming, Hostess Gift, Just Because, Everyday Use, Outdoor & Patio, Serving, Wedding Season, Fourth of July, Outdoor Living, Weekend Gatherings, Poolside, Dishwasher-safe; 100% melamine; set of 2 with 27 fl oz (800 mL) capacity each, cat:outdoor, cat:gifts, cat:new-arrivals, seg:season-opener"
coral-collection-melamine-dinner-plates-set-of-2,"Coral Collection Melamine Dinner Plates, Set of 2",27923,Title,Default Title,"Dinner Plate, Multicolor, Melamine, CORALES, Coastal, Organic Modern, Minimalist, Housewarming, Hostess Gift, Just Because, Everyday Use, Outdoor & Patio, Entertaining, Fourth of July, Outdoor Living, Poolside, The Backyard BBQ, 100% melamine; dishwasher-safe; set of 2, cat:outdoor, cat:gifts, cat:new-arrivals, seg:someone-in-mind"
palmeras-7-5-in-outdoor-melamine-bowls-set-of-2,"Palmeras 7.5 in Outdoor Melamine Bowls, Set of 2",27924,Title,Default Title,"Melamine Bowl, Multicolor, Melamine, PALMERAS, Coastal, Organic Modern, Minimalist, Housewarming, Hostess Gift, Just Because, Outdoor & Patio, Entertaining, Serving, Fourth of July, Outdoor Living, Poolside, Weekend Gatherings, Dishwasher-safe 100% melamine; lightweight set of 2 for outdoor dining., cat:outdoor, cat:gifts, cat:new-arrivals, seg:season-opener"
tomato-ceramic-salad-plates-set-of-2,"Tomato Ceramic Salad Plates, Set of 2",27934,Title,Default Title,"Salad Plate, Red, Ceramic, HUERTO MESTIZO, Organic Modern, Mediterranean, Classic/Heritage, Housewarming, Hostess Gift, Just Because, Everyday Use, Serving, Gifting, Mother's Day, Wedding Season, The Sunday Table, Weekend Brunch, The Art of the Table, Lead- and cadmium-free ceramic; microwave- and dishwasher-safe, cat:tabletop, cat:gifts, cat:new-arrivals, seg:someone-in-mind"
tomato-ceramic-dinner-plates-set-of-2,"Tomato Ceramic Dinner Plates, Set of 2",27935,Title,Default Title,"Dinner Plate, Red, Ceramic, HUERTO MESTIZO, Organic Modern, Mediterranean, Wabi-Sabi, Housewarming, Hostess Gift, Wedding, Everyday Use, Entertaining, Dinner Party, Christmas, Thanksgiving, Wedding Season, The Dinner Party, Weekend Gatherings, Everyday Celebrations, Lead- and cadmium-free ceramic; microwave- and dishwasher-safe, cat:tabletop, cat:gifts, cat:new-arrivals"
huerto-verde-green-ceramic-dinner-plates-set-of-2,"Huerto Verde Green Ceramic Dinner Plates, Set of 2",27936,Title,Default Title,"Dinner Plate, Green, Ceramic, HUERTO VERDE, Organic Modern, Wabi-Sabi, Mediterranean, Housewarming, Wedding, Hostess Gift, Everyday Use, Entertaining, Serving, Thanksgiving, Wedding Season, Mother's Day, The Sunday Table, Weekend Gatherings, The Art of the Table, Microwave- and dishwasher-safe 100% ceramic, cat:tabletop, cat:gifts, cat:new-arrivals, seg:season-opener, seg:the-first-kitchen"
huerto-verde-green-ceramic-charger-plate,Huerto Verde Green Ceramic Charger Plate,27937,Title,Default Title,"Charger Plate, Green, Ceramic, HUERTO VERDE, Organic Modern, Wabi-Sabi, Mediterranean, Housewarming, Hostess Gift, Self-Gift, Entertaining, Dinner Party, Décor & Styling, Easter, Mother's Day, Thanksgiving, The Sunday Table, Garden Parties, The Art of the Table, Microwave- and dishwasher-safe; 100% ceramic., cat:tabletop, cat:new-arrivals"
green-garden-ceramic-salad-plates-set-of-4,"Green Garden Ceramic Salad Plates, Set of 4",27938,Title,Default Title,"Salad Plate, Green, Ceramic, HUERTO VERDE, Organic Modern, Wabi-Sabi, Coastal, Housewarming, Wedding, Hostess Gift, Everyday Use, Entertaining, Serving, Easter, Mother's Day, Thanksgiving, The Sunday Table, Garden Parties, The Art of the Table, Microwave- and dishwasher-safe; 100% ceramic., cat:tabletop, cat:gifts, cat:new-arrivals, seg:the-first-kitchen"
huerto-verde-5-9-in-15-cm-ceramic-bowl-set-of-4,Huerto Verde 5.9 in (15 cm) Ceramic Bowl Set of 4,27939,Title,Default Title,"Small Bowl, Green, Ceramic, HUERTO VERDE, Organic Modern, Mediterranean, Wabi-Sabi, Housewarming, Wedding, Hostess Gift, Everyday Use, Entertaining, Serving, Easter, Mother's Day, Thanksgiving, Weekend Brunch, The Dinner Party, The Art of the Table, Microwave-safe; dishwasher-safe; 100% ceramic, cat:tabletop, cat:gifts, cat:new-arrivals, seg:first-dinner-party, seg:the-first-kitchen, seg:the-full-table"
green-garden-ceramic-serving-bowl,Green Garden Ceramic Serving Bowl,27940,Title,Default Title,"Serving Bowl, Green, Ceramic, HUERTO VERDE, Organic Modern, Mediterranean, Classic/Heritage, Housewarming, Wedding, Hostess Gift, Serving, Entertaining, Gifting, Easter, Mother's Day, Thanksgiving, The Sunday Table, Garden Parties, The Art of the Table, Microwave-safe and dishwasher-safe; 100% ceramic., cat:tabletop, cat:new-arrivals"
green-garden-ceramic-bowl-set-7-in-set-of-4,"Green Garden Ceramic Bowl Set, 7 in, Set of 4",27941,Title,Default Title,"Ceramic Bowl, Green, Ceramic, HUERTO VERDE, Organic Modern, Classic/Heritage, Wabi-Sabi, Housewarming, Wedding, Hostess Gift, Everyday Use, Serving, Entertaining, Wedding Season, Thanksgiving, Mother's Day, The Sunday Table, Weekend Gatherings, The Art of the Table, Microwave-safe; dishwasher-safe; 100% ceramic, cat:tabletop, cat:gifts, cat:new-arrivals, seg:season-opener, seg:the-first-kitchen, seg:the-full-table"
green-garden-ceramic-mini-bowl-3-1-in,"Green Garden Ceramic Mini Bowl, 3.1 in",27942,Title,Default Title,"Mini Bowl, Green, Ceramic, HUERTO VERDE, Organic Modern, Japandi, Wabi-Sabi, Housewarming, Hostess Gift, Just Because, Everyday Use, Serving, Gifting, Thanksgiving, Wedding Season, Cooking Together, The Dinner Party, The Host's Touch, Microwave-safe, dishwasher-safe, 100% ceramic, cat:tabletop, cat:new-arrivals"
green-garden-ceramic-cup-saucer-set-7-4-fl-oz-set-of-2,"Green Garden Ceramic Cup & Saucer Set, 7.4 fl oz, Set of 2",27943,Title,Default Title,"Cup & Saucer Set, Green, Ceramic, HUERTO VERDE, Organic Modern, Japandi, Classic/Heritage, Housewarming, Hostess Gift, Thank-You, Coffee & Tea, Entertaining, Gifting, Mother's Day, Wedding Season, Christmas, The Coffee Ritual, The Tea Ritual, The Host's Touch, Microwave-safe; dishwasher-safe, cat:tabletop, cat:gifts, cat:new-arrivals, seg:someone-in-mind, seg:weeknight-ceremony"
brisa-washed-brown-charger-plate-12-6-in,"Brisa Washed Brown Charger Plate, 12.6 in",28009,Title,Default Title,"Charger Plate, Brown, Polypropylene, Polvo, Calcio, Organic Modern, Coastal, Wabi-Sabi, Housewarming, Hostess Gift, Thank-You, Entertaining, Dinner Party, Décor & Styling, Thanksgiving, Christmas, Wedding Season, The Dinner Party, The Sunday Table, Hostess Gifts, Textured washed-brown surface; lightweight reusable base for layered dinnerware., cat:tabletop, cat:new-arrivals"
acacia-wood-salt-shaker-7-9-in,"Acacia Wood Salt Shaker, 7.9 in",28013,Title,Default Title,"Salt Shaker, Natural, Wood, Acacia, ACACIA, Organic Modern, Japandi, Minimalist, Housewarming, Hostess Gift, Thank-You, Everyday Use, Entertaining, Serving, Thanksgiving, Christmas, Wedding Season, The Sunday Table, The Dinner Party, The Host's Touch, 100% acacia wood; natural finish, cat:tabletop, cat:new-arrivals, seg:the-full-table"
natural-bamboo-whisk-for-matcha,Natural Bamboo Whisk for Matcha,28017,Title,Default Title,"Matcha Whisk, Natural, Bamboo, BAMBU, Organic Modern, Japandi, Minimalist, Self-Gift, Thank-You, Hostess Gift, Coffee & Tea, Everyday Use, Gifting, Mother's Day, Christmas, The Tea Ritual, Slow Mornings, A Gift with a Story, 100% bamboo; natural color, cat:tabletop, cat:new-arrivals, seg:weeknight-ceremony"
pumpkin-white-porcelain-cups-with-saucers-set-of-4,"Pumpkin White Porcelain Cups with Saucers, Set of 4",28018,Title,Default Title,"Cup and Saucer Set, White, Porcelain, PUMPKIN, Organic Modern, Classic/Heritage, Minimalist, Housewarming, Hostess Gift, Wedding, Coffee & Tea, Entertaining, Gifting, Thanksgiving, Christmas, Wedding Season, The Coffee Ritual, The Tea Ritual, Weekend Brunch, Microwave-, dishwasher-, and oven-safe porcelain; four cups with four matching saucers., cat:tabletop, cat:gifts, cat:new-arrivals"
white-pumpkin-porcelain-bowl-with-lid-and-saucer-11-8-oz,"White Pumpkin Porcelain Bowl with Lid and Saucer, 11.8 oz",28019,Title,Default Title,"Lidded Serving Bowl, White, Porcelain, PUMPKIN, Organic Modern, Classic/Heritage, Minimalist, Housewarming, Hostess Gift, Holiday Gift, Everyday Use, Entertaining, Serving, Halloween, Thanksgiving, Harvest Table, The Sunday Table, Hostess Gifts, 100% porcelain; microwave-, dishwasher-, and oven-safe., cat:tabletop, cat:gifts, cat:new-arrivals"
avesa-stainless-steel-dessert-forks-set-of-4,"Avesa Stainless Steel Dessert Forks, Set of 4",28025,Title,Default Title,"Dessert Fork, Silver, Ss, Stainless steel, AVESA, Minimalist, Scandinavian, Organic Modern, Housewarming, Hostess Gift, Thank-You, Everyday Use, Entertaining, Gifting, Wedding Season, Thanksgiving, Christmas, The Dinner Party, Weekend Gatherings, Hostess Gifts, Dishwasher-safe; 100% 18/0 stainless steel, cat:tabletop, cat:gifts, cat:new-arrivals, seg:first-dinner-party, seg:the-full-table"
stainless-steel-cake-knife-and-server-set,Stainless Steel Cake Knife and Server Set,28029,Title,Default Title,"Cake Knife & Server Set, Silver, Ss, Stainless steel, Minimalist, Classic/Heritage, Scandinavian, Housewarming, Wedding, Hostess Gift, Entertaining, Serving, Gifting, Wedding Season, Mother's Day, Christmas, Birthdays, Weekend Gatherings, The Host's Touch, 18/0 stainless steel; dishwasher-safe with immediate drying; coordinated knife and server, cat:tabletop, cat:gifts, cat:new-arrivals"
austin-stainless-steel-small-fork-set-of-4,Austin Stainless Steel Small Fork Set of 4,28030,Title,Default Title,"Appetizer Fork, Silver, Ss, Stainless steel, AUSTIN, Minimalist, Classic/Heritage, Organic Modern, Housewarming, Hostess Gift, Thank-You, Entertaining, Dinner Party, Serving, Wedding Season, Cocktail Hour, The Dinner Party, Hostess Gifts, Dishwasher-safe; 100% 18/0 stainless steel, cat:tabletop, cat:gifts, cat:new-arrivals, seg:first-dinner-party, seg:someone-in-mind, seg:the-full-table"
austin-stainless-steel-dessert-spoons-set-of-4,"Austin Stainless Steel Dessert Spoons, Set of 4",28032,Title,Default Title,"Dessert Spoon, Silver, Ss, Stainless steel, AUSTIN, Minimalist, Scandinavian, Organic Modern, Housewarming, Wedding, Hostess Gift, Everyday Use, Entertaining, Serving, Wedding Season, The Dinner Party, The Sunday Table, The Host's Touch, 100% 18/0 stainless steel; dishwasher-safe; set of 4, cat:tabletop, cat:gifts, cat:new-arrivals, seg:first-dinner-party, seg:the-first-kitchen, seg:the-full-table"
austin-stainless-steel-cocktail-forks-set-of-4,Austin Stainless Steel Cocktail Forks Set of 4,28033,Title,Default Title,"Cocktail Fork, Silver, Ss, Stainless steel, AUSTIN, Classic/Heritage, Minimalist, Housewarming, Hostess Gift, Thank-You, Bar & Barware, Entertaining, Serving, New Year, Wedding Season, Cocktail Hour, The Well-Set Bar, Hostess Gifts, Dishwasher-safe; 100% 18/0 stainless steel., cat:tabletop, cat:gifts, cat:new-arrivals, seg:season-opener"
austin-stainless-steel-long-serving-spoon-set-of-4,Austin Stainless Steel Long Serving Spoon Set of 4,28034,Title,Default Title,"Long Serving Spoon, Silver, Ss, Stainless steel, AUSTIN, Minimalist, Scandinavian, Organic Modern, Housewarming, Hostess Gift, Thank-You, Coffee & Tea, Cocktail Hour, Serving, Wedding Season, The Tea Ritual, Hostess Gifts, 18/0 stainless steel; dishwasher-safe when dried promptly, cat:tabletop, cat:gifts, cat:new-arrivals, seg:first-dinner-party, seg:season-opener, seg:weeknight-ceremony"
alyssa-16-piece-stainless-steel-flatware-set,Alyssa 16-Piece Stainless Steel Flatware Set,28035,Title,Default Title,"Flatware Set, Silver, Cuchillo, Ss, Tenedor, Cucharas, Stainless steel, ALYSSA, Minimalist, Scandinavian, Classic/Heritage, Housewarming, Wedding, Hostess Gift, Everyday Use, Entertaining, Dinner Party, Wedding Season, Thanksgiving, Christmas, The Dinner Party, The Art of the Table, Weekend Gatherings, Dishwasher-safe; 18/10 stainless steel forks and spoons, cat:tabletop, cat:gifts, cat:new-arrivals, seg:first-dinner-party, seg:the-first-kitchen, seg:the-full-table"
contraste-16-piece-stainless-steel-flatware-set,Contraste 16-Piece Stainless Steel Flatware Set,28036,Title,Default Title,"Flatware Set, Multicolor, Metal, Ss, Porcelain, CONTRASTE, Minimalist, Classic/Heritage, Scandinavian, Housewarming, Wedding, Hostess Gift, Everyday Use, Entertaining, Gifting, Thanksgiving, Christmas, Wedding Season, The Art of the Table, Weekend Gatherings, Hostess Gifts, Complete 16-piece setting for four; 18/0 stainless steel with porcelain handles., cat:tabletop, cat:gifts, cat:new-arrivals"
goccia-glass-oil-dispenser-16-2-fl-oz-480-ml,"Goccia Glass Oil Dispenser, 16.2 fl oz (480 mL)",28060,Title,Default Title,"Oil & Vinegar Bottle, Clear, Tpe, Glass, Stainless steel, Minimalist, Organic Modern, Japandi, Housewarming, Hostess Gift, Thank-You, Everyday Use, Cooking & Baking, Serving, Thanksgiving, Christmas, Wedding Season, Cooking Together, The Dinner Party, The Host's Touch, Dishwasher-safe; borosilicate glass body; stainless steel pourer, cat:kitchen, cat:new-arrivals, seg:the-full-table"
stainless-steel-non-slip-mixing-bowl-with-lid,Stainless Steel Non-Slip Mixing Bowl with Lid,28104,Title,Default Title,"Mixing Bowl, Silver, Ss, Silicone, Polietileno, Stainless steel, Organic Modern, Minimalist, Scandinavian, Housewarming, Thank-You, Self-Gift, Everyday Use, Cooking & Baking, Serving, Wedding Season, Cooking Together, The Sunday Table, The Host's Touch, Non-slip silicone base; polyethylene lid for covered storage, cat:kitchen, cat:new-arrivals, seg:weeknight-ceremony"
line-silver-wire-napkin-holder,Line Silver Wire Napkin Holder,28106,Title,Default Title,"Napkin Holder, Silver, Alambre, Iron, ALUMINIO PLATEADO, Minimalist, Scandinavian, Organic Modern, Housewarming, Hostess Gift, Thank-You, Everyday Use, Entertaining, Serving, Thanksgiving, Wedding Season, The Sunday Table, Weekend Gatherings, The Host's Touch, 100% iron wire; compact upright design, cat:tabletop, cat:new-arrivals"
line-gold-iron-wire-napkin-holder,Line Gold Iron Wire Napkin Holder,28107,Title,Default Title,"Napkin Holder, Gold, Alambre, Iron, ALUMINIO DORADO, Minimalist, Bauhaus, Organic Modern, Housewarming, Hostess Gift, Thank-You, Entertaining, Bar & Barware, Serving, Thanksgiving, Christmas, New Year, Cocktail Hour, Weekend Gatherings, The Host's Touch, 100% iron wire; compact upright profile, cat:tabletop, cat:new-arrivals, seg:season-opener"
line-black-iron-wire-napkin-holder,Line Black Iron Wire Napkin Holder,28108,Title,Default Title,"Napkin Holder, Black, Alambre, Iron, ALUMINIO NEGRO, Minimalist, Organic Modern, Scandinavian, Housewarming, Hostess Gift, Thank-You, Everyday Use, Entertaining, Serving, Thanksgiving, Christmas, The Sunday Table, The Dinner Party, The Host's Touch, 100% iron wire; compact open-frame design, cat:tabletop, cat:new-arrivals, seg:first-dinner-party, seg:the-full-table"
black-borosilicate-glass-french-press-20-3-fl-oz,"Black Borosilicate Glass French Press, 20.3 fl oz",28112,Title,Default Title,"French Press, Black, Glass, Polypropylene, Stainless steel, BASICS, Organic Modern, Minimalist, Scandinavian, Housewarming, Hostess Gift, Thank-You, Coffee & Tea, Everyday Use, Entertaining, Christmas, Mother's Day, Wedding Season, Slow Mornings, The Coffee Ritual, The Overnight Guest, Borosilicate glass body; reusable metal filter, cat:tabletop, cat:new-arrivals, seg:weeknight-ceremony"
bois-3-piece-cheese-knife-set,Bois 3-Piece Cheese Knife Set,28113,Title,Default Title,"Cheese Knife Set, Natural, Wood, Caucho, Stainless steel, Organic Modern, Scandinavian, Minimalist, Housewarming, Hostess Gift, Wedding, Entertaining, Serving, Gifting, Wedding Season, Christmas, Wine Night, Cocktail Hour, The Dinner Party, Three purpose-built tools; stainless steel blades with rubberwood handles., cat:tabletop, cat:gifts, cat:new-arrivals, seg:first-dinner-party, seg:season-opener, seg:the-full-table"
black-stainless-steel-insulated-tumbler-with-straw-handle-30-4-fl-oz,"Black Stainless Steel Insulated Tumbler with Straw & Handle, 30.4 fl oz",28115,Title,Default Title,"Insulated Tumbler, Black, Polypropylene, Caucho, Termoplástico, Stainless steel, Minimalist, Organic Modern, Scandinavian, Housewarming, Graduation, Self-Gift, Everyday Use, Outdoor & Patio, Gifting, Father's Day, Fourth of July, Graduation Season, Outdoor Living, Poolside, Open-Door Hospitality, BPA-free; double-wall insulated stainless steel body, cat:outdoor, cat:new-arrivals"
beige-30-4-fl-oz-tumbler-with-handle-and-straw,Beige 30.4 fl oz Tumbler with Handle and Straw,28116,Title,Default Title,"Insulated Tumbler, Beige, Polypropylene, Caucho, Termoplástico, Stainless steel, Organic Modern, Minimalist, Coastal, Graduation, Thank-You, Self-Gift, Everyday Use, Outdoor & Patio, Gifting, Graduation Season, Slow Mornings, Outdoor Living, Poolside, BPA-free tumbler; double-wall stainless steel with reusable straw and handle, cat:outdoor, cat:new-arrivals"
smoke-gray-11-8-fl-oz-insulated-stainless-steel-bottle,Smoke Gray 11.8 fl oz Insulated Stainless Steel Bottle,28119,Title,Default Title,"Insulated Bottle, Gray, Polypropylene, Caucho, Termoplástico, Stainless steel, Minimalist, Scandinavian, Organic Modern, Thank-You, Hostess Gift, Self-Gift, Everyday Use, Coffee & Tea, Outdoor & Patio, Graduation Season, The Coffee Ritual, The Tea Ritual, Outdoor Living, BPA-free insulated bottle; double-wall construction, cat:outdoor, cat:new-arrivals, seg:weeknight-ceremony"
graphite-double-wall-insulated-bottle-11-8-fl-oz-350-ml,"Graphite Double-Wall Insulated Bottle, 11.8 fl oz (350 mL)",28120,Title,Default Title,"Insulated Bottle, Graphite, Polypropylene, Caucho, Termoplástico, Stainless steel, Minimalist, Scandinavian, Organic Modern, Housewarming, Hostess Gift, Self-Gift, Everyday Use, Coffee & Tea, Outdoor & Patio, Graduation Season, Father's Day, The Coffee Ritual, The Tea Ritual, Outdoor Living, BPA-free; double-wall insulated stainless steel construction, cat:outdoor, cat:new-arrivals, seg:weeknight-ceremony"
white-double-wall-insulated-straw-water-bottle-16-9-fl-oz,"White Double-Wall Insulated Straw Water Bottle, 16.9 fl oz",28150,Title,Default Title,"Insulated Water Bottle, White, Plastic, TPR, Polypropylene, Silicone, Stainless steel, Minimalist, Scandinavian, Organic Modern, Housewarming, Hostess Gift, Self-Gift, Everyday Use, Outdoor & Patio, Gifting, Graduation Season, Outdoor Living, Poolside, The Overnight Guest, BPA-free; double-wall stainless steel body, cat:outdoor, cat:new-arrivals"
ivory-double-wall-insulated-bottle-25-4-fl-oz,"Ivory Double-Wall Insulated Bottle, 25.4 fl oz",28151,Title,Default Title,"Insulated Water Bottle, Ivory, Polypropylene, Silicone, Stainless steel, Minimalist, Scandinavian, Japandi, Housewarming, Graduation, Self-Gift, Everyday Use, Outdoor & Patio, Gifting, Graduation Season, Outdoor Living, The Overnight Guest, Open-Door Hospitality, BPA-free water bottle; double-wall insulated stainless steel, cat:outdoor, cat:new-arrivals"
black-stainless-steel-insulated-bottle-25-4-fl-oz,"Black Stainless Steel Insulated Bottle, 25.4 fl oz",28152,Title,Default Title,"Insulated Bottle, Black, Polypropylene, Silicone, Stainless steel, Minimalist, Organic Modern, Scandinavian, Housewarming, Hostess Gift, Self-Gift, Everyday Use, Outdoor & Patio, Gifting, Graduation Season, The Overnight Guest, Outdoor Living, Everyday Celebrations, BPA-free; double-wall insulated stainless steel, cat:outdoor, cat:new-arrivals"
ivory-double-wall-travel-tumbler-13-5-fl-oz-400-ml,"Ivory Double-Wall Travel Tumbler, 13.5 fl oz (400 mL)",28153,Title,Default Title,"Travel Tumbler, Ivory, Polypropylene, Resorte, Silicone, Stainless steel, Minimalist, Scandinavian, Organic Modern, Thank-You, Hostess Gift, Self-Gift, Everyday Use, Coffee & Tea, Outdoor & Patio, Christmas, Mother's Day, Father's Day, Slow Mornings, The Coffee Ritual, The Tea Ritual, BPA-free; double-wall construction; stainless steel body with a fitted lid, cat:outdoor, cat:new-arrivals, seg:weeknight-ceremony"
black-double-wall-insulated-travel-tumbler-13-5-fl-oz,"Black Double-Wall Insulated Travel Tumbler, 13.5 fl oz",28154,Title,Default Title,"Travel Tumbler, Black, Polypropylene, Resorte, Silicone, Stainless steel, Minimalist, Organic Modern, Housewarming, Thank-You, Self-Gift, Everyday Use, Coffee & Tea, Outdoor & Patio, Father's Day, The Coffee Ritual, The Overnight Guest, Outdoor Living, BPA-free; double-wall construction, cat:outdoor, cat:new-arrivals"
beige-lunch-box-bag-with-shoulder-strap,Beige Lunch Box Bag with Shoulder Strap,28162,Title,Default Title,"Lunch Bag, Beige, Organic Modern, Scandinavian, Minimalist, Birthday, Graduation, Self-Gift, Everyday Use, Outdoor & Patio, Gifting, Graduation Season, Slow Mornings, Outdoor Living, Just Because, Soft-sided 9.1 in (23 cm) form with shoulder strap, top handle, zip closure, and front pocket, cat:kitchen, cat:new-arrivals"
mila-beige-lunch-bag-with-zip-top,Mila Beige Lunch Bag with Zip Top,28163,Title,Default Title,"Lunch Bag, Beige, Organic Modern, Scandinavian, Minimalist, Birthday, Thank-You, Self-Gift, Everyday Use, Gifting, Outdoor & Patio, Graduation Season, Slow Mornings, The Host's Touch, A Gift with a Story, Reusable design; zip-top closure, cat:kitchen, cat:new-arrivals"
ivory-curved-sculptural-candle-3-in,"Ivory Curved Sculptural Candle, 3 in",28165,Title,Default Title,"Sculptural Candle, Ivory, Paraffin, Cera, Soja, Organic Modern, Minimalist, Wabi-Sabi, Housewarming, Hostess Gift, Just Because, Décor & Styling, Entertaining, Gifting, Christmas, Mother's Day, Wedding Season, Slow Evenings, Candlelit Dinners, The Host's Touch, Unscented; 50% paraffin, 50% soy wax blend, cat:home-fragrance, cat:new-arrivals, seg:someone-in-mind"
ivory-striped-taper-candles-10-6-in-set-of-2,"Ivory Striped Taper Candles, 10.6 in, Set of 2",28170,Title,Default Title,"Taper Candle, Ivory, Paraffin, Cera, Soja, Minimalist, Scandinavian, Classic/Heritage, Housewarming, Hostess Gift, Wedding, Entertaining, Décor & Styling, Gifting, Christmas, Thanksgiving, Wedding Season, Candlelit Dinners, The Dinner Party, The Host's Touch, Unscented; paraffin-soy wax blend; set of 2, cat:home-fragrance, cat:gifts, cat:new-arrivals, seg:first-dinner-party, seg:the-first-kitchen, seg:the-full-table"
white-cast-iron-saucepan-with-long-handle,White Cast Iron Saucepan with Long Handle,28197,Title,Default Title,"Saucepan, White, Black, Iron, Fundido, Organic Modern, Minimalist, Classic/Heritage, Housewarming, Wedding, Thank-You, Everyday Use, Cooking & Baking, Gifting, Wedding Season, Mother's Day, Thanksgiving, Cooking Together, The Sunday Table, A Gift with a Story, Oven-safe; induction-compatible; suitable for gas, electric, halogen, and ceramic cooktops, cat:kitchen, cat:new-arrivals, seg:the-first-kitchen, seg:weeknight-ceremony"
white-cast-iron-pan-6-5-in,"White Cast Iron Pan, 6.5 in",28198,Title,Default Title,"Cast Iron Pan, White, Black, Iron, Fundido, Organic Modern, Minimalist, Scandinavian, Housewarming, Wedding, Hostess Gift, Everyday Use, Cooking & Baking, Serving, Wedding Season, Mother's Day, Father's Day, Cooking Together, The Sunday Table, The Host's Touch, 100% cast iron; induction-compatible cookware; oven-safe, cat:kitchen, cat:new-arrivals, seg:the-first-kitchen, seg:weeknight-ceremony"
matte-black-cast-iron-rectangular-grill-pan,Matte Black Cast Iron Rectangular Grill Pan,28199,Title,Default Title,"Grill Pan, Black, Iron, Fundido, Organic Modern, Minimalist, Japandi, Housewarming, Wedding, Hostess Gift, Cooking & Baking, Entertaining, Gifting, Wedding Season, Father's Day, Cooking Together, Weekend Gatherings, The Dinner Party, 100% cast iron; induction-compatible; oven-safe., cat:kitchen, cat:new-arrivals, seg:the-first-kitchen, seg:weeknight-ceremony"
round-silicone-food-storage-container-23-7-fl-oz,"Round Silicone Food Storage Container, 23.7 fl oz",28202,Title,Default Title,"Food Storage Container, Brown, Silicone, RECIPIENTES SILICONA, Organic Modern, Minimalist, Japandi, Housewarming, Thank-You, Self-Gift, Everyday Use, Cooking & Baking, Gifting, Wedding Season, Cooking Together, Open-Door Hospitality, The Thoughtful Thank-You, 100% silicone; dishwasher-safe; temperature-resistant from -40°F to 446°F (-40°C to 230°C)., cat:kitchen, cat:new-arrivals"
gray-rectangular-silicone-food-storage-container-44-fl-oz,"Gray Rectangular Silicone Food Storage Container, 44 fl oz",28205,Title,Default Title,"Food Storage Container, Gray, Silicone, RECIPIENTES SILICONA, Organic Modern, Japandi, Minimalist, Housewarming, Hostess Gift, Self-Gift, Everyday Use, Cooking & Baking, Gifting, Thanksgiving, Christmas, Cooking Together, The Sunday Table, Open-Door Hospitality, 100% silicone; dishwasher-safe and temperature-resistant from -40°F to 446°F (-40°C to 230°C)., cat:kitchen, cat:new-arrivals"
silicone-4-compartment-food-storage-container-23-7-fl-oz,"Silicone 4 Compartment Food Storage Container, 23.7 fl oz",28206,Title,Default Title,"Food Storage Container, Beige, Silicone, RECIPIENTES SILICONA, Organic Modern, Minimalist, Japandi, Housewarming, Graduation, Self-Gift, Everyday Use, Cooking & Baking, Gifting, Graduation Season, Slow Mornings, Cooking Together, The Overnight Guest, 100% silicone; dishwasher-safe; temperature safe from -40°F to 446°F, cat:kitchen, cat:new-arrivals, seg:weeknight-ceremony"
green-garden-ceramic-leaf-serving-tray,Green Garden Ceramic Leaf Serving Tray,28224,Title,Default Title,"Serving Tray, Green, Ceramic, HUERTO VERDE, Organic Modern, Classic/Heritage, Coastal, Housewarming, Hostess Gift, Thank-You, Serving, Entertaining, Gifting, Easter, Mother's Day, Thanksgiving, Weekend Gatherings, The Dinner Party, The Host's Touch, Microwave- and dishwasher-safe; 100% ceramic., cat:tabletop, cat:new-arrivals, seg:season-opener"
green-garden-ceramic-cheese-dome-6-9-in,"Green Garden Ceramic Cheese Dome, 6.9 in",28225,Title,Default Title,"Cheese Dome, Green, Ceramic, HUERTO VERDE, Organic Modern, Classic/Heritage, Wabi-Sabi, Housewarming, Hostess Gift, Wedding, Entertaining, Serving, Gifting, Wedding Season, Cocktail Hour, Wine Night, The Host's Touch, 100% ceramic; microwave- and dishwasher-safe., cat:tabletop, cat:gifts, cat:new-arrivals, seg:season-opener"
green-white-leaf-ceramic-vase,Green & White Leaf Ceramic Vase,28226,Title,Default Title,"Ceramic Vase, Green, Ceramic, HUERTO VERDE, Organic Modern, Mediterranean, Wabi-Sabi, Housewarming, Hostess Gift, Thank-You, Décor & Styling, Gifting, Special Occasion, Mother's Day, Wedding Season, Flowers on the Table, The Housewarming, Hostess Gifts, 100% ceramic; raised leaf texture, cat:decor, cat:new-arrivals"
green-ceramic-serving-pitcher,Green Ceramic Serving Pitcher,28227,Title,Default Title,"Serving Pitcher, Green, Ceramic, HUERTO VERDE, Organic Modern, Mediterranean, Wabi-Sabi, Housewarming, Wedding, Hostess Gift, Serving, Entertaining, Gifting, Mother's Day, Thanksgiving, Wedding Season, The Sunday Table, Weekend Brunch, The Host's Touch, 100% ceramic; large 72.2 fl oz (2, 135 mL) capacity; green-and-white leaf relief, cat:tabletop, cat:new-arrivals, seg:the-first-kitchen"
ceramic-leaf-tray-green-serving-platter,"Ceramic Leaf Tray, Green Serving Platter",28228,Title,Default Title,"Serving Tray, Green, Ceramic, HUERTO VERDE, Organic Modern, Wabi-Sabi, Classic/Heritage, Housewarming, Hostess Gift, Thank-You, Entertaining, Serving, Décor & Styling, Thanksgiving, Easter, Mother's Day, The Sunday Table, Garden Parties, Hostess Gifts, Microwave-safe and dishwasher-safe; 100% ceramic., cat:tabletop, cat:new-arrivals"
huerto-verde-green-ceramic-leaf-shaped-tray,Huerto Verde Green Ceramic Leaf-Shaped Tray,28229,Title,Default Title,"Serving Tray, Green, Ceramic, HUERTO VERDE, Organic Modern, Mediterranean, Wabi-Sabi, Housewarming, Hostess Gift, Thank-You, Serving, Entertaining, Décor & Styling, Mother's Day, Wedding Season, The Host's Touch, The Art of the Table, Hostess Gifts, 100% ceramic; microwave- and dishwasher-safe., cat:tabletop, cat:new-arrivals"
green-ceramic-coasters-set-of-4,Green Ceramic Coasters Set of 4,28230,Title,Default Title,"Coaster, Green, Ceramic, HUERTO VERDE, Organic Modern, Wabi-Sabi, Coastal, Housewarming, Hostess Gift, Thank-You, Everyday Use, Entertaining, Coffee & Tea, Wedding Season, The Tea Ritual, Cocktail Hour, The Host's Touch, 100% ceramic; dishwasher- and microwave-safe; set of 4., cat:tabletop, cat:gifts, cat:new-arrivals, seg:someone-in-mind"
limonetta-ceramic-lemon-salad-plate-8-7-in,"Limonetta Ceramic Lemon Salad Plate, 8.7 in",28236,Title,Default Title,"Salad Plate, White, Yellow, Ceramic, LIMONETTA, Coastal, Classic/Heritage, Mediterranean, Housewarming, Hostess Gift, Birthday, Everyday Use, Entertaining, Serving, Easter, Mother's Day, Wedding Season, Weekend Brunch, The Sunday Table, The Art of the Table, Microwave-safe; dishwasher-safe; 100% ceramic., cat:tabletop, cat:new-arrivals"
limonetta-ceramic-mug-and-saucer-set-of-2,Limonetta Ceramic Mug and Saucer Set of 2,28240,Title,Default Title,"Cup and Saucer Set, White, Yellow, Ceramic, LIMONETTA, Organic Modern, Coastal, Classic/Heritage, Housewarming, Hostess Gift, Thank-You, Everyday Use, Coffee & Tea, Gifting, Mother's Day, Wedding Season, Christmas, The Coffee Ritual, The Tea Ritual, The Host's Touch, Microwave- and dishwasher-safe ceramic; set includes matching saucers, cat:tabletop, cat:gifts, cat:new-arrivals, seg:someone-in-mind, seg:weeknight-ceremony"
indigo-garden-ceramic-bowls-6-in-set-of-4,"Indigo Garden Ceramic Bowls, 6 in, Set of 4",28241,Title,Default Title,"Cereal Bowl, Blue, Ceramic, JARDIN INDIGO, Organic Modern, Classic/Heritage, Coastal, Housewarming, Wedding, Hostess Gift, Everyday Use, Entertaining, Serving, Wedding Season, The Sunday Table, The Dinner Party, Everyday Celebrations, Microwave-safe; dishwasher-safe; 100% ceramic., cat:tabletop, cat:gifts, cat:new-arrivals, seg:first-dinner-party, seg:the-first-kitchen, seg:the-full-table"
jardin-indigo-blue-ceramic-bowl-7-9-in,"Jardin Indigo Blue Ceramic Bowl, 7.9 in",28242,Title,Default Title,"Serving Bowl, Blue, Ceramic, JARDIN INDIGO, Classic/Heritage, Coastal, Minimalist, Housewarming, Hostess Gift, Wedding, Everyday Use, Serving, Entertaining, Thanksgiving, Wedding Season, The Sunday Table, Weekend Gatherings, The Art of the Table, Microwave-safe; dishwasher-safe; 100% ceramic., cat:tabletop, cat:new-arrivals, seg:the-first-kitchen"
indigo-garden-ceramic-cup-and-saucer-set-of-4,Indigo Garden Ceramic Cup and Saucer Set of 4,28243,Title,Default Title,"Cup and Saucer Set, Blue, Ceramic, JARDIN INDIGO, Classic/Heritage, Coastal, Organic Modern, Housewarming, Hostess Gift, Thank-You, Coffee & Tea, Entertaining, Gifting, Mother's Day, Wedding Season, Christmas, The Coffee Ritual, The Tea Ritual, Slow Mornings, Microwave-safe and dishwasher-safe; 100% ceramic., cat:tabletop, cat:gifts, cat:new-arrivals, seg:someone-in-mind, seg:weeknight-ceremony"
jardin-indigo-ceramic-serving-tray,Jardin Indigo Ceramic Serving Tray,28244,Title,Default Title,"Serving Tray, Blue, Ceramic, JARDIN INDIGO, Classic/Heritage, Coastal, Mediterranean, Housewarming, Hostess Gift, Thank-You, Entertaining, Serving, Gifting, Thanksgiving, Christmas, Wedding Season, The Dinner Party, Weekend Gatherings, The Host's Touch, 100% ceramic; microwave- and dishwasher-safe, cat:tabletop, cat:new-arrivals, seg:someone-in-mind, seg:the-full-table"
jardin-indigo-blue-ceramic-dinner-plates-set-of-4,"Jardin Indigo Blue Ceramic Dinner Plates, Set of 4",28245,Title,Default Title,"Dinner Plate, Blue, Ceramic, JARDIN INDIGO, Classic/Heritage, Coastal, Housewarming, Wedding, Hostess Gift, Everyday Use, Entertaining, Dinner Party, Wedding Season, The Sunday Table, The Dinner Party, Hostess Gifts, Microwave- and dishwasher-safe ceramic; set of 4 with four coordinated blue-and-white floral patterns, cat:tabletop, cat:gifts, cat:new-arrivals, seg:the-first-kitchen"
jardin-indigo-ceramic-salad-plates-8-5-in-set-of-4,"Jardin Indigo Ceramic Salad Plates, 8.5 in, Set of 4",28246,Title,Default Title,"Salad Plate, Blue, Ceramic, JARDIN INDIGO, Classic/Heritage, Coastal, Mediterranean, Housewarming, Wedding, Hostess Gift, Everyday Use, Entertaining, Serving, Thanksgiving, Christmas, Wedding Season, The Sunday Table, Weekend Brunch, The Art of the Table, Microwave-safe and dishwasher-safe 100% ceramic; blue and white set of 4, cat:tabletop, cat:gifts, cat:new-arrivals, seg:the-first-kitchen, seg:the-full-table"
oliveto-two-section-ceramic-serving-bowl,Oliveto Two-Section Ceramic Serving Bowl,28247,Title,Default Title,"Divided Serving Bowl, Green, Ceramic, OLIVETO, Organic Modern, Mediterranean, Wabi-Sabi, Housewarming, Hostess Gift, Thank-You, Entertaining, Serving, Gifting, Thanksgiving, Christmas, Wedding Season, Weekend Gatherings, Cocktail Hour, The Host's Touch, Microwave-safe, dishwasher-safe, 100% ceramic, two-section design, cat:tabletop, cat:new-arrivals, seg:season-opener, seg:someone-in-mind, seg:the-full-table"
oliveto-green-ceramic-dinner-plate-11-4-in,"Oliveto Green Ceramic Dinner Plate, 11.4 in",28248,Title,Default Title,"Dinner Plate, Green, Ceramic, OLIVETO, Mediterranean, Organic Modern, Classic/Heritage, Housewarming, Wedding, Hostess Gift, Everyday Use, Entertaining, Serving, Thanksgiving, Christmas, Wedding Season, The Sunday Table, The Dinner Party, The Art of the Table, Microwave- and dishwasher-safe; 100% ceramic., cat:tabletop, cat:new-arrivals"
oliveto-green-ceramic-bowls-5-2-in-set-of-2,"Oliveto Green Ceramic Bowls, 5.2 in, Set of 2",28249,Title,Default Title,"Bowl, Green, Ceramic, OLIVETO, Organic Modern, Wabi-Sabi, Minimalist, Housewarming, Wedding, Hostess Gift, Everyday Use, Serving, Gifting, Wedding Season, Thanksgiving, The Sunday Table, The Dinner Party, The Host's Touch, Microwave-safe; dishwasher-safe, cat:tabletop, cat:gifts, cat:new-arrivals, seg:the-first-kitchen, seg:the-full-table"
klassik-white-cereal-bowls-set-of-4,"Klassik White Cereal Bowls, Set of 4",28256,Title,Default Title,"Cereal Bowl, White, KLASSIK, Minimalist, Scandinavian, Japandi, Housewarming, Wedding, Hostess Gift, Everyday Use, Serving, Gifting, Wedding Season, Slow Mornings, The Sunday Table, The Housewarming, Set of 4; 23.7 fl oz (700 mL) capacity, cat:tabletop, cat:gifts, cat:new-arrivals, seg:the-first-kitchen"
elephant-gray-wine-glasses-9-1-fl-oz-set-of-2,"Elephant Gray Wine Glasses, 9.1 fl oz, Set of 2",28278,Title,Default Title,"Wine Glass, Gray, Glass, Sodalime, ELEFANTE, Organic Modern, Classic/Heritage, Wabi-Sabi, Housewarming, Wedding, Hostess Gift, Bar & Barware, Entertaining, Gifting, New Year, Wedding Season, Christmas, Wine Night, The Dinner Party, The Well-Set Bar, Dishwasher-safe; gray elephant pattern; 9.1 fl oz (270 mL) capacity per goblet, cat:bar-glassware, cat:gifts, cat:new-arrivals, seg:first-dinner-party"
gray-elephant-glass-tumblers-set-of-2,"Gray Elephant Glass Tumblers, Set of 2",28279,Title,Default Title,"Tumbler Glass, Gray, Glass, Sodalime, ELEFANTE, Organic Modern, Wabi-Sabi, Classic/Heritage, Housewarming, Hostess Gift, Just Because, Everyday Use, Bar & Barware, Gifting, Wedding Season, Christmas, Cocktail Hour, The Nightcap, Hostess Gifts, Dishwasher-safe sodalime glass; embossed elephant motif; set of 2, cat:bar-glassware, cat:gifts, cat:new-arrivals, seg:someone-in-mind"
leaves-design-borosilicate-tumblers-set-of-2,"Leaves Design Borosilicate Tumblers, Set of 2",28284,Title,Default Title,"Tumbler, Clear, Glass, Organic Modern, Scandinavian, Minimalist, Housewarming, Wedding, Hostess Gift, Everyday Use, Bar & Barware, Gifting, Wedding Season, Christmas, Cocktail Hour, The Well-Set Bar, Hostess Gifts, Borosilicate glass; 19.3 fl oz (570 mL) capacity per glass; set of 2., cat:bar-glassware, cat:gifts, cat:new-arrivals, seg:season-opener, seg:the-first-kitchen"
colored-borosilicate-glass-spoons-set-of-4,"Colored Borosilicate Glass Spoons, Set of 4",28285,Title,Default Title,"Glass Teaspoon, Multicolor, Glass, Bauhaus, Scandinavian, Minimalist, Housewarming, Hostess Gift, Just Because, Coffee & Tea, Bar & Barware, Entertaining, Christmas, Mother's Day, Wedding Season, The Coffee Ritual, The Tea Ritual, Cocktail Hour, Dishwasher-safe glass spoons; borosilicate glass, cat:tabletop, cat:gifts, cat:new-arrivals, seg:weeknight-ceremony"
atlantis-clear-blue-acrylic-goblet-16-9-fl-oz,"Atlantis Clear Blue Acrylic Goblet, 16.9 fl oz",28293,Title,Default Title,"Acrylic Wine Glass, Clear, Acrylic, As, ATLANTIS, Coastal, Organic Modern, Mediterranean, Housewarming, Hostess Gift, Just Because, Outdoor & Patio, Bar & Barware, Entertaining, Fourth of July, Wedding Season, Outdoor Living, Poolside, The Well-Set Bar, AS acrylic for outdoor dining; 16.9 fl oz (500 mL) capacity; clear bowl with blue detailing., cat:outdoor, cat:new-arrivals, seg:season-opener"
clear-round-acrylic-cheese-dome,Clear Round Acrylic Cheese Dome,28294,Title,Default Title,"Cheese Dome, Clear, Acrylic, Ms, Poliestireno, Minimalist, Scandinavian, Organic Modern, Housewarming, Hostess Gift, Just Because, Entertaining, Serving, Gifting, Thanksgiving, Christmas, Wedding Season, Cocktail Hour, Wine Night, Hostess Gifts, Clear acrylic with an easy-lift knob; lightweight covered server for cold foods., cat:outdoor, cat:new-arrivals, seg:someone-in-mind"
lemon-ceramic-serving-tray,Lemon Ceramic Serving Tray,28297,Title,Default Title,"Serving Tray, Multicolor, Ceramic, LIMONES, Mediterranean, Coastal, Organic Modern, Housewarming, Hostess Gift, Just Because, Entertaining, Serving, Gifting, Mother's Day, Easter, Wedding Season, Weekend Gatherings, Outdoor Living, Hostess Gifts, Certified lead- and cadmium-free; microwave- and dishwasher-safe, cat:tabletop, cat:new-arrivals"
lemon-collection-ceramic-pitcher-41-9-fl-oz,"Lemon Collection Ceramic Pitcher, 41.9 fl oz",28298,Title,Default Title,"Pitcher, Multicolor, Ceramic, LIMONES, Organic Modern, Mediterranean, Classic/Heritage, Housewarming, Hostess Gift, Everyday Use, Entertaining, Serving, Easter, Mother's Day, Wedding Season, The Sunday Table, Weekend Gatherings, The Host's Touch, Microwave-safe; dishwasher-safe; lead-free ceramic serveware certified free of cadmium., cat:tabletop, cat:new-arrivals"
lemon-ceramic-salt-pepper-shakers-set-of-2,"Lemon Ceramic Salt & Pepper Shakers, Set of 2",28299,Title,Default Title,"Salt & Pepper Shaker Set, Multicolor, Ceramic, Caucho, Silicone, LIMONES, Mediterranean, Coastal, Organic Modern, Housewarming, Hostess Gift, Thank-You, Everyday Use, Entertaining, Serving, Mother's Day, Wedding Season, The Sunday Table, Weekend Brunch, Hostess Gifts, Lead- and cadmium-free certified; dishwasher-safe., cat:tabletop, cat:gifts, cat:new-arrivals"
strawberry-ceramic-salad-plates-set-of-4-8-3-in,"Strawberry Ceramic Salad Plates Set of 4, 8.3 in",28301,Title,Default Title,"Salad Plate, Multicolor, Ceramic, FRESA, Classic/Heritage, Organic Modern, Coastal, Housewarming, Hostess Gift, Just Because, Everyday Use, Entertaining, Serving, Mother's Day, Easter, Wedding Season, Weekend Brunch, The Sunday Table, The Art of the Table, Certified lead- and cadmium-free; microwave- and dishwasher-safe., cat:tabletop, cat:gifts, cat:new-arrivals"
strawberry-ceramic-coffee-cup-and-saucer-set-of-4-7-8-fl-oz,"Strawberry Ceramic Coffee Cup and Saucer Set of 4, 7.8 fl oz",28302,Title,Default Title,"Cup & Saucer Set, Multicolor, Ceramic, FRESA, Classic/Heritage, Organic Modern, Housewarming, Hostess Gift, Thank-You, Coffee & Tea, Entertaining, Gifting, Mother's Day, Easter, Wedding Season, The Coffee Ritual, The Tea Ritual, Weekend Brunch, Lead- and cadmium-free; microwave- and dishwasher-safe, cat:tabletop, cat:gifts, cat:new-arrivals"
strawberry-ceramic-dinner-plates-10-6-in-set-of-2,"Strawberry Ceramic Dinner Plates, 10.6 in, Set of 2",28303,Title,Default Title,"Dinner Plate, Multicolor, Ceramic, FRESA, Classic/Heritage, Organic Modern, Mediterranean, Housewarming, Hostess Gift, Thank-You, Everyday Use, Entertaining, Serving, Easter, Mother's Day, Weekend Brunch, Garden Parties, The Sunday Table, Lead- and cadmium-free ceramic; microwave- and dishwasher-safe, cat:tabletop, cat:gifts, cat:new-arrivals"
strawberry-ceramic-serving-tray-13-in,"Strawberry Ceramic Serving Tray, 13 in",28304,Title,Default Title,"Serving Tray, Multicolor, Ceramic, FRESA, Organic Modern, Coastal, Wabi-Sabi, Housewarming, Hostess Gift, Birthday, Entertaining, Serving, Gifting, Mother's Day, Easter, Wedding Season, Weekend Brunch, Cocktail Hour, The Host's Touch, Lead- and cadmium-free; microwave- and dishwasher-safe, cat:tabletop, cat:new-arrivals"
pineapple-ceramic-dinner-plates-10-6-in-set-of-2,"Pineapple Ceramic Dinner Plates, 10.6 in, Set of 2",28307,Title,Default Title,"Dinner Plate, Multicolor, Ceramic, PINA, Organic Modern, Coastal, Classic/Heritage, Housewarming, Wedding, Hostess Gift, Everyday Use, Entertaining, Serving, Wedding Season, The Sunday Table, Weekend Gatherings, The Art of the Table, Lead- and cadmium-free; microwave- and dishwasher-safe, cat:tabletop, cat:gifts, cat:new-arrivals"
fruit-collection-dinner-plates-9-8-in-set-of-4,"Fruit Collection Dinner Plates, 9.8 in, Set of 4",28315,Title,Default Title,"Dinner Plate, Multicolor, Ceramic, FRUTAS, Mediterranean, Bauhaus, Organic Modern, Housewarming, Wedding, Hostess Gift, Everyday Use, Entertaining, Serving, Wedding Season, The Sunday Table, Weekend Gatherings, The Art of the Table, Microwave- and dishwasher-safe; certified lead- and cadmium-free, cat:tabletop, cat:gifts, cat:new-arrivals, seg:season-opener, seg:the-first-kitchen"
margarita-collection-floral-salad-plates-set-of-4,"Margarita Collection Floral Salad Plates, Set of 4",28316,Title,Default Title,"Salad Plate, Multicolor, Dolomita, MARGARITA, Organic Modern, Coastal, Classic/Heritage, Housewarming, Hostess Gift, Thank-You, Entertaining, Serving, Gifting, Easter, Mother's Day, Wedding Season, The Sunday Table, Garden Parties, Hostess Gifts, Dishwasher-safe; certified lead- and cadmium-free to international standard, cat:tabletop, cat:gifts, cat:new-arrivals, seg:someone-in-mind"
margarita-cup-and-saucer-set-11-8-fl-oz-set-of-4,"Margarita Cup and Saucer Set, 11.8 fl oz, Set of 4",28318,Title,Default Title,"Cup and Saucer Set, Multicolor, Dolomita, MARGARITA, Classic/Heritage, Coastal, Organic Modern, Housewarming, Hostess Gift, Thank-You, Coffee & Tea, Entertaining, Gifting, Mother's Day, Wedding Season, Christmas, The Coffee Ritual, The Tea Ritual, The Host's Touch, Dishwasher-safe; certified to an international lead- and cadmium-free standard., cat:tabletop, cat:gifts, cat:new-arrivals, seg:someone-in-mind, seg:weeknight-ceremony"
citrus-drink-coasters-set-of-6,Citrus Drink Coasters Set of 6,28320,Title,Default Title,"Coaster Set, Multicolor, Dolomita, FRUTAS, Organic Modern, Mediterranean, Minimalist, Housewarming, Hostess Gift, Thank-You, Everyday Use, Entertaining, Bar & Barware, Wedding Season, Cocktail Hour, Weekend Gatherings, The Host's Touch, Dishwasher-safe; lead- and cadmium-free certified, cat:tabletop, cat:gifts, cat:new-arrivals, seg:season-opener"
spring-floral-ceramic-salad-plates-7-9-in-set-of-4,"Spring Floral Ceramic Salad Plates, 7.9 in, Set of 4",28321,Title,Default Title,"Salad Plate, Multicolor, Ceramic, PRIMAVERA, Classic/Heritage, Coastal, Organic Modern, Housewarming, Hostess Gift, Just Because, Everyday Use, Entertaining, Dinner Party, Easter, Mother's Day, Wedding Season, The Sunday Table, Spring Refresh, The Art of the Table, Certified lead- and cadmium-free; microwave- and dishwasher-safe, cat:tabletop, cat:gifts, cat:new-arrivals"
silver-hand-crank-coffee-grinder,Silver Hand-Crank Coffee Grinder,28395,Title,Default Title,"Manual Coffee Grinder, Silver, CAFE, Minimalist, Scandinavian, Organic Modern, Housewarming, Hostess Gift, Self-Gift, Coffee & Tea, Everyday Use, Gifting, Father's Day, Christmas, Wedding Season, The Coffee Ritual, Slow Mornings, The Overnight Guest, Manual, cord-free grinding; compact 6.7 in (17 cm) upright form, cat:tabletop, cat:new-arrivals, seg:weeknight-ceremony"
black-glass-pour-over-coffee-maker-with-filter,Black Glass Pour Over Coffee Maker with Filter,28396,Title,Default Title,"Pour Over Coffee Maker, Black, CAFE, Minimalist, Scandinavian, Organic Modern, Housewarming, Thank-You, Self-Gift, Everyday Use, Coffee & Tea, Gifting, Christmas, Mother's Day, Father's Day, The Coffee Ritual, Slow Mornings, Breakfast in Bed, Glass carafe with included metal mesh filter, cat:tabletop, cat:new-arrivals, seg:weeknight-ceremony"
manual-coffee-grinder-with-container-set-black,"Manual Coffee Grinder with Container Set, Black",28397,Title,Default Title,"Manual Coffee Grinder, Black, CAFE, Minimalist, Scandinavian, Japandi, Housewarming, Hostess Gift, Self-Gift, Coffee & Tea, Everyday Use, Gifting, Christmas, Father's Day, Mother's Day, The Coffee Ritual, Slow Mornings, Hostess Gifts, Manual, cord-free grinding; separate lidded container, cat:tabletop, cat:gifts, cat:new-arrivals, seg:weeknight-ceremony"
gray-double-wall-stainless-steel-tumbler-10-8-fl-oz,"Gray Double-Wall Stainless Steel Tumbler, 10.8 fl oz",28398,Title,Default Title,"Insulated Tumbler, Gray, Plastic, As, Silicone, Stainless steel, Minimalist, Organic Modern, Scandinavian, Housewarming, Thank-You, Self-Gift, Everyday Use, Coffee & Tea, Outdoor & Patio, Christmas, Father's Day, Graduation Season, The Coffee Ritual, The Tea Ritual, Outdoor Living, Double-wall construction; compact fitted-lid design, cat:outdoor, cat:new-arrivals, seg:weeknight-ceremony"
black-double-wall-stainless-steel-tumbler-with-lid-10-8-fl-oz,"Black Double-Wall Stainless Steel Tumbler with Lid, 10.8 fl oz",28399,Title,Default Title,"Insulated Tumbler, Black, Plastic, As, Silicone, Stainless steel, Minimalist, Organic Modern, Housewarming, Hostess Gift, Self-Gift, Everyday Use, Coffee & Tea, Outdoor & Patio, Father's Day, Graduation Season, The Coffee Ritual, The Tea Ritual, Outdoor Living, Double-wall stainless steel body; fitted lid., cat:outdoor, cat:new-arrivals, seg:weeknight-ceremony"
black-double-wall-insulated-tumbler-with-lid-10-1-fl-oz,"Black Double-Wall Insulated Tumbler with Lid, 10.1 fl oz",28400,Title,Default Title,"Insulated Tumbler, Black, Plastic, As, Silicone, Stainless steel, Minimalist, Organic Modern, Scandinavian, Housewarming, Hostess Gift, Self-Gift, Everyday Use, Coffee & Tea, Outdoor & Patio, Father's Day, Christmas, The Coffee Ritual, Cocktail Hour, Outdoor Living, Double-wall construction; fitted lid, cat:outdoor, cat:new-arrivals"
white-resin-serving-spoons-set-of-2,"White Resin Serving Spoons, Set of 2",28402,Title,Default Title,"Serving Spoon Set, White, Polyresin, Organic Modern, Minimalist, Coastal, Housewarming, Hostess Gift, Thank-You, Entertaining, Serving, Gifting, Thanksgiving, Christmas, Wedding Season, Weekend Gatherings, The Host's Touch, Hostess Gifts, 100% polyresin; made for cold foods up to 122°F (50°C), cat:tabletop, cat:gifts, cat:new-arrivals, seg:season-opener, seg:someone-in-mind, seg:the-full-table"
white-polyresin-pitcher-37-2-fl-oz,"White Polyresin Pitcher, 37.2 fl oz",28407,Title,Default Title,"Pitcher, White, Polyresin, Organic Modern, Minimalist, Coastal, Housewarming, Hostess Gift, Just Because, Serving, Entertaining, Décor & Styling, Mother's Day, Wedding Season, Weekend Brunch, Outdoor Living, The Art of the Table, Cold-serve design rated up to 122°F (50°C); solid white polyresin form, cat:tabletop, cat:new-arrivals, seg:the-full-table"
serena-gray-wine-glasses-14-5-fl-oz-set-of-2,"Serena Gray Wine Glasses, 14.5 fl oz, Set of 2",28408,Title,Default Title,"Wine Glass, Gray, Glass, Soda, Lima, Minimalist, Organic Modern, Scandinavian, Housewarming, Wedding, Hostess Gift, Entertaining, Bar & Barware, Gifting, Wedding Season, Thanksgiving, Christmas, Wine Night, The Dinner Party, Hostess Gifts, Dishwasher-safe; 100% soda-lime glass; set of 2, cat:bar-glassware, cat:gifts, cat:new-arrivals, seg:first-dinner-party, seg:the-full-table"
22-fl-oz-acrylic-wine-glass-with-bamboo-stem,22 fl oz Acrylic Wine Glass with Bamboo Stem,28412,Title,Default Title,"Wine Glass, Clear, Acrylic, ACRILICO BAMBU, Organic Modern, Coastal, Minimalist, Housewarming, Hostess Gift, Self-Gift, Outdoor & Patio, Bar & Barware, Entertaining, Fourth of July, Wedding Season, Wine Night, Outdoor Living, The Well-Set Bar, 22 fl oz (650 mL) capacity; clear acrylic with bamboo stem, cat:outdoor, cat:new-arrivals"
coral-acrylic-wine-glass-15-9-fl-oz-clear-blue,"Coral Acrylic Wine Glass, 15.9 fl oz, Clear Blue",28414,Title,Default Title,"Wine Glass, Clear, Acrylic, CORALES ACRILICO, Coastal, Organic Modern, Minimalist, Housewarming, Wedding, Hostess Gift, Outdoor & Patio, Bar & Barware, Entertaining, Fourth of July, Wedding Season, Outdoor Living, Poolside, Wine Night, Clear-and-blue 100% acrylic; 15.9 fl oz (470 mL) capacity., cat:outdoor, cat:new-arrivals"
lemon-shaped-melamine-serving-tray-11-x-8-in,"Lemon-Shaped Melamine Serving Tray, 11 x 8 in",28416,Title,Default Title,"Serving Tray, Multicolor, Melamine, LIMONES, Coastal, Organic Modern, Minimalist, Housewarming, Hostess Gift, Just Because, Everyday Use, Entertaining, Outdoor & Patio, Fourth of July, Mother's Day, Wedding Season, Outdoor Living, Poolside, The Backyard BBQ, 100% melamine; top-rack dishwasher-safe, cat:outdoor, cat:new-arrivals"
lemon-print-melamine-bowl-12-2-fl-oz-360-ml,"Lemon Print Melamine Bowl, 12.2 fl oz (360 mL)",28417,Title,Default Title,"Melamine Bowl, Multicolor, Melamine, LIMONES, Coastal, Organic Modern, Minimalist, Housewarming, Hostess Gift, Just Because, Outdoor & Patio, Serving, Entertaining, Fourth of July, Outdoor Living, Poolside, Weekend Gatherings, 100% melamine; top-rack dishwasher-safe, cat:outdoor, cat:new-arrivals, seg:season-opener"
double-wall-borosilicate-glass-espresso-mugs-set-of-2,"Double-Wall Borosilicate Glass Espresso Mugs, Set of 2",28423,Title,Default Title,"Espresso Cup, Clear, Glass, VIDRIO DOBLE PARED, Minimalist, Scandinavian, Japandi, Housewarming, Hostess Gift, Self-Gift, Coffee & Tea, Entertaining, Gifting, Christmas, Mother's Day, Wedding Season, The Coffee Ritual, The Dinner Party, Hostess Gifts, Borosilicate glass; double-wall construction, cat:tabletop, cat:gifts, cat:new-arrivals, seg:first-dinner-party, seg:the-full-table, seg:weeknight-ceremony"
marine-glass-drink-charms-set-of-6,"Marine Glass Drink Charms, Set of 6",28424,Title,Default Title,"Wine Glass Charms, Multicolor, Glass, MARINO, Coastal, Organic Modern, Minimalist, Housewarming, Hostess Gift, Thank-You, Entertaining, Bar & Barware, Gifting, Wedding Season, Christmas, New Year, Wine Night, Cocktail Hour, The Dinner Party, 100% borosilicate glass; set of 6 distinct drink identifiers, cat:bar-glassware, cat:gifts, cat:new-arrivals, seg:first-dinner-party, seg:the-full-table"
fruit-wine-glass-markers-set-of-6,"Fruit Wine Glass Markers, Set of 6",28425,Title,Default Title,"Wine Glass Markers, Multicolor, Glass, FRUTAS, Organic Modern, Classic/Heritage, Coastal, Hostess Gift, Housewarming, Thank-You, Bar & Barware, Entertaining, Gifting, Thanksgiving, Christmas, New Year, Cocktail Hour, Wine Night, The Dinner Party, 100% borosilicate glass; six distinct fruit designs, cat:bar-glassware, cat:gifts, cat:new-arrivals, seg:first-dinner-party, seg:the-full-table"
double-wall-borosilicate-shot-glasses-2-7-fl-oz-set-of-2,"Double-Wall Borosilicate Shot Glasses, 2.7 fl oz, Set of 2",28428,Title,Default Title,"Shot Glass, Clear, Glass, VIDRIO DOBLE PARED, Minimalist, Japandi, Organic Modern, Housewarming, Hostess Gift, Self-Gift, Coffee & Tea, Bar & Barware, Gifting, Christmas, New Year, Wedding Season, The Coffee Ritual, Cocktail Hour, Hostess Gifts, 100% borosilicate glass; double-wall construction; hand-wash only care., cat:bar-glassware, cat:gifts, cat:new-arrivals, seg:weeknight-ceremony"
scalloped-ceramic-salad-bowl-50-7-fl-oz,"Scalloped Ceramic Salad Bowl, 50.7 fl oz",28446,Title,Default Title,"Salad Bowl, Multicolor, Ceramic, NAHUA, Organic Modern, Wabi-Sabi, Minimalist, Housewarming, Wedding, Hostess Gift, Everyday Use, Entertaining, Serving, Thanksgiving, Christmas, Wedding Season, The Sunday Table, Weekend Gatherings, The Host's Touch, Microwave-safe; dishwasher-safe; 100% ceramic, cat:tabletop, cat:new-arrivals, seg:the-first-kitchen"
ceramic-salad-plates-set-of-4-multicolor,"Ceramic Salad Plates Set of 4, Multicolor",28447,Title,Default Title,"Salad Plate, Multicolor, Ceramic, NAHUA, Organic Modern, Wabi-Sabi, Minimalist, Housewarming, Wedding, Hostess Gift, Everyday Use, Entertaining, Serving, Wedding Season, Thanksgiving, Christmas, The Sunday Table, Weekend Gatherings, The Dinner Party, Dishwasher-safe, microwave-safe, 100% ceramic., cat:tabletop, cat:gifts, cat:new-arrivals, seg:first-dinner-party, seg:season-opener, seg:the-first-kitchen, seg:the-full-table"
nahua-ceramic-dinner-plates-set-of-2,"Nahua Ceramic Dinner Plates, Set of 2",28448,Title,Default Title,"Dinner Plate, Multicolor, Ceramic, NAHUA, Organic Modern, Wabi-Sabi, Minimalist, Housewarming, Wedding, Hostess Gift, Everyday Use, Entertaining, Serving, Wedding Season, Thanksgiving, Christmas, The Sunday Table, The Dinner Party, The Art of the Table, 100% ceramic; microwave- and dishwasher-safe; set of 2, cat:tabletop, cat:gifts, cat:new-arrivals, seg:first-dinner-party, seg:the-full-table"
multicolor-ceramic-condiment-spoon,Multicolor Ceramic Condiment Spoon,28449,Title,Default Title,"Condiment Spoon, Multicolor, Ceramic, NAHUA, Organic Modern, Wabi-Sabi, Minimalist, Housewarming, Hostess Gift, Just Because, Serving, Coffee & Tea, Gifting, Wedding Season, The Tea Ritual, The Host's Touch, The Art of the Table, 100% ceramic; microwave- and dishwasher-safe., cat:tabletop, cat:new-arrivals, seg:weeknight-ceremony"
nahua-ceramic-serving-tray,Nahua Ceramic Serving Tray,28450,Title,Default Title,"Serving Tray, Multicolor, Ceramic, NAHUA, Organic Modern, Wabi-Sabi, Minimalist, Housewarming, Wedding, Hostess Gift, Entertaining, Serving, Gifting, Thanksgiving, Christmas, Wedding Season, The Dinner Party, Weekend Gatherings, The Host's Touch, Microwave-safe serving platter with dishwasher-safe cleanup; 100% ceramic., cat:tabletop, cat:new-arrivals, seg:the-first-kitchen"
ceramic-bowls-set-of-2,Ceramic Bowls Set of 2,28451,Title,Default Title,"Cereal Bowl, Multicolor, Ceramic, NAHUA, Organic Modern, Japandi, Minimalist, Housewarming, Hostess Gift, Just Because, Everyday Use, Serving, Gifting, Wedding Season, The Sunday Table, Weekend Brunch, Everyday Celebrations, Microwave-safe; dishwasher-safe; 100% ceramic., cat:tabletop, cat:gifts, cat:new-arrivals, seg:someone-in-mind"
ceramic-pasta-bowls-7-2-in-set-of-2,"Ceramic Pasta Bowls, 7.2 in, Set of 2",28452,Title,Default Title,"Pasta Bowl, Multicolor, Ceramic, NAHUA, Organic Modern, Wabi-Sabi, Minimalist, Housewarming, Wedding, Hostess Gift, Everyday Use, Entertaining, Serving, Thanksgiving, Christmas, Wedding Season, The Sunday Table, Weekend Gatherings, The Dinner Party, Microwave-safe; dishwasher-safe; 100% ceramic; set of 2., cat:tabletop, cat:gifts, cat:new-arrivals, seg:first-dinner-party, seg:season-opener, seg:the-first-kitchen, seg:the-full-table"
ceramic-espresso-cup-saucer-set-of-4,Ceramic Espresso Cup & Saucer Set of 4,28453,Title,Default Title,"Espresso Cup & Saucer Set, Multicolor, Ceramic, NAHUA, Organic Modern, Wabi-Sabi, Minimalist, Housewarming, Hostess Gift, Thank-You, Coffee & Tea, Entertaining, Gifting, Christmas, Mother's Day, Wedding Season, The Coffee Ritual, Weekend Brunch, Hostess Gifts, 100% ceramic; microwave- and dishwasher-safe, cat:tabletop, cat:gifts, cat:new-arrivals, seg:someone-in-mind, seg:weeknight-ceremony"
aluna-textured-beige-ceramic-vase-12-2-in,"Aluna Textured Beige Ceramic Vase, 12.2 in",28454,Title,Default Title,"Decorative Vase, Beige, Ceramic, Organic Modern, Wabi-Sabi, Minimalist, Housewarming, Wedding, Hostess Gift, Décor & Styling, Gifting, Entertaining, Mother's Day, Wedding Season, Christmas, Flowers on the Table, The Collected Home, The Host's Touch, 100% ceramic; indoor decorative use; hand wash recommended, cat:decor, cat:new-arrivals, seg:the-first-kitchen"
tzoma-textured-ceramic-vase-9-4-in,"Tzoma Textured Ceramic Vase, 9.4 in",28455,Title,Default Title,"Decorative Vase, Multicolor, Ceramic, Organic Modern, Wabi-Sabi, Minimalist, Housewarming, Hostess Gift, Just Because, Décor & Styling, Gifting, Entertaining, Mother's Day, Wedding Season, Christmas, Flowers on the Table, The Collected Home, The Host's Touch, 100% ceramic; textured finish; hand wash recommended, cat:decor, cat:new-arrivals, seg:someone-in-mind"
speckled-ceramic-vase-11-8-in-tonal-decorative-jug,"Speckled Ceramic Vase, 11.8 in Tonal Decorative Jug",28457,Title,Default Title,"Decorative Vase, Multicolor, Ceramic, Organic Modern, Japandi, Minimalist, Housewarming, Hostess Gift, Thank-You, Décor & Styling, Gifting, Entertaining, Wedding Season, Mother's Day, Christmas, The Art of the Table, The Collected Home, Hostess Gifts, 100% ceramic; narrow neck with integrated handle, cat:decor, cat:new-arrivals"
mushroom-napkins-set-of-20,"Mushroom Napkins, Set of 20",28459,Title,Default Title,"Paper Napkins, Multicolor, Papel, Organic Modern, Wabi-Sabi, Classic/Heritage, Housewarming, Hostess Gift, Just Because, Entertaining, Serving, Gifting, Thanksgiving, The Sunday Table, Weekend Gatherings, The Host's Touch, 100% paper; multicolor mushroom print; set of 20, cat:tabletop, cat:gifts, cat:new-arrivals"
pasta-paper-napkins-set-of-20,"Pasta Paper Napkins, Set of 20",28461,Title,Default Title,"Paper Napkins, Multicolor, Papel, Mediterranean, Organic Modern, Classic/Heritage, Housewarming, Hostess Gift, Just Because, Entertaining, Serving, Gifting, Weekend Gatherings, The Dinner Party, Hostess Gifts, 100% paper; 20-count set, cat:tabletop, cat:gifts, cat:new-arrivals, seg:first-dinner-party, seg:the-full-table"
croissant-paper-napkins-set-of-20,"Croissant Paper Napkins, Set of 20",28462,Title,Default Title,"Paper Napkin, Multicolor, Papel, Scandinavian, Organic Modern, Minimalist, Hostess Gift, Thank-You, Just Because, Entertaining, Coffee & Tea, Gifting, Mother's Day, Easter, Wedding Season, Slow Mornings, The Coffee Ritual, Weekend Brunch, 100% paper; set of 20, cat:tabletop, cat:gifts, cat:new-arrivals, seg:first-dinner-party, seg:weeknight-ceremony"
paper-cocktail-napkins-set-of-20-multicolor,"Paper Cocktail Napkins Set of 20, Multicolor",28464,Title,Default Title,"Cocktail Napkin, Multicolor, Papel, Coastal, Organic Modern, Mediterranean, Housewarming, Hostess Gift, Thank-You, Entertaining, Cocktail Hour, Bar & Barware, The Well-Set Bar, Weekend Gatherings, Disposable paper; 20-count set., cat:tabletop, cat:gifts, cat:new-arrivals, seg:first-dinner-party, seg:season-opener, seg:someone-in-mind"
fruit-print-paper-napkins-set-of-20,"Fruit Print Paper Napkins, Set of 20",28465,Title,Default Title,"Paper Napkin, Multicolor, Papel, FRUTAL, Mediterranean, Organic Modern, Coastal, Hostess Gift, Housewarming, Thank-You, Entertaining, Cocktail Hour, Gifting, Weekend Gatherings, Hostess Gifts, 100% paper; set of 20, cat:tabletop, cat:gifts, cat:new-arrivals, seg:season-opener, seg:someone-in-mind"
jungle-treasure-multicolor-paper-napkins-set-of-20,"Jungle Treasure Multicolor Paper Napkins, Set of 20",28466,Title,Default Title,"Paper Napkins, Multicolor, Papel, TESORO JUNGLA, Organic Modern, Mediterranean, Classic/Heritage, Hostess Gift, Housewarming, Just Because, Entertaining, Serving, Gifting, Cocktail Hour, Weekend Gatherings, The Host's Touch, Set of 20 napkins; 100% paper; single-use cleanup., cat:tabletop, cat:gifts, cat:new-arrivals, seg:season-opener, seg:someone-in-mind"
strawberry-paper-napkins-set-of-20,"Strawberry Paper Napkins, Set of 20",28467,Title,Default Title,"Paper Napkins, Multicolor, Papel, FRUTAS, Organic Modern, Coastal, Classic/Heritage, Hostess Gift, Housewarming, Just Because, Entertaining, Serving, Gifting, Easter, Mother's Day, Fourth of July, Weekend Brunch, Garden Parties, The Host's Touch, 100% paper; set of 20 disposable napkins, cat:tabletop, cat:gifts, cat:new-arrivals"
shell-paper-napkins-set-of-20,"Shell Paper Napkins, Set of 20",28470,Title,Default Title,"Paper Napkins, Multicolor, Papel, Coastal, Organic Modern, Minimalist, Housewarming, Hostess Gift, Just Because, Entertaining, Serving, Gifting, Wedding Season, Weekend Gatherings, Poolside, The Host's Touch, 100% paper; 20-count set, cat:tabletop, cat:gifts, cat:new-arrivals, seg:someone-in-mind"
wood-slice-paper-napkins-set-of-20,"Wood Slice Paper Napkins, Set of 20",28471,Title,Default Title,"Paper Napkin, Multicolor, Papel, Organic Modern, Wabi-Sabi, Scandinavian, Hostess Gift, Housewarming, Just Because, Entertaining, Cocktail Hour, Serving, Thanksgiving, Weekend Gatherings, The Host's Touch, 100% paper; disposable cleanup; set of 20, cat:tabletop, cat:gifts, cat:new-arrivals, seg:season-opener"
primavera-decorative-paper-napkins-set-of-6,"Primavera Decorative Paper Napkins, Set of 6",28472,Title,Default Title,"Paper Napkins, Multicolor, Papel, Organic Modern, Scandinavian, Classic/Heritage, Hostess Gift, Housewarming, Thank-You, Entertaining, Serving, Gifting, Easter, Mother's Day, Wedding Season, The Sunday Table, Weekend Gatherings, The Host's Touch, 100% paper; disposable single-use cleanup; multicolor botanical print, cat:tabletop, cat:gifts, cat:new-arrivals, seg:someone-in-mind"
botanical-floral-paper-napkins-set-of-6,"Botanical Floral Paper Napkins, Set of 6",28473,Title,Default Title,"Paper Napkin, Multicolor, Papel, Organic Modern, Classic/Heritage, Minimalist, Housewarming, Thank-You, Hostess Gift, Entertaining, Serving, Gifting, Mother's Day, Easter, Wedding Season, The Tea Ritual, Weekend Brunch, Hostess Gifts, 100% paper; set of 6; dry-storage care, cat:tabletop, cat:gifts, cat:new-arrivals, seg:someone-in-mind"
cube-glass-oil-sauce-bottle-8-5-fl-oz,"Cube Glass Oil & Sauce Bottle, 8.5 fl oz",28537,Title,Default Title,"Oil & Sauce Dispenser, Clear, Glass, Sodalime, Plastic, Tpe, Stainless steel, Organic Modern, Scandinavian, Minimalist, Housewarming, Hostess Gift, Self-Gift, Everyday Use, Serving, Gifting, Wedding Season, Cooking Together, The Dinner Party, The Host's Touch, BPA-free; dishwasher-safe; clear soda-lime glass with stainless steel pourer, cat:kitchen, cat:new-arrivals"
mango-wood-calendar-perpetual-date-blocks,"Mango Wood Calendar, Perpetual Date Blocks",28544,Title,Default Title,"Perpetual Calendar, Natural, Black, Wood, Organic Modern, Japandi, Minimalist, Housewarming, Hostess Gift, Thank-You, Everyday Use, Décor & Styling, Gifting, New Year, Christmas, Slow Mornings, The Coffee Ritual, The Collected Home, 100% mango wood; reusable date display with no paper refills., cat:decor, cat:new-arrivals"
melamine-cocktail-plates-set-of-8,"Melamine Cocktail Plates, Set of 8",28547,Title,Default Title,"Cocktail Plate, Multicolor, Mediterranean, Coastal, Housewarming, Hostess Gift, Birthday, Entertaining, Outdoor & Patio, Bar & Barware, Fourth of July, Wedding Season, Cocktail Hour, Outdoor Living, The Well-Set Bar, Durable melamine; set of 8 with assorted multicolor cocktail artwork, cat:outdoor, cat:gifts, cat:new-arrivals, seg:season-opener"
red-lines-porcelain-dinner-plate-10-6-in-27-cm,"Red Lines Porcelain Dinner Plate, 10.6 in (27 cm)",28569,Title,Default Title,"Dinner Plate, White, Porcelain, New Bone China, LINEAS, Coastal, Classic/Heritage, Mediterranean, Housewarming, Wedding, Hostess Gift, Everyday Use, Entertaining, Dinner Party, Christmas, Valentine's Day, Wedding Season, The Dinner Party, Weekend Gatherings, The Art of the Table, 100% porcelain; New bone china, cat:tabletop, cat:new-arrivals"
lines-blue-and-white-dinner-plate-10-6-in,"Lines Blue and White Dinner Plate, 10.6 in",28570,Title,Default Title,"Dinner Plate, White, Porcelain, New Bone China, LINEAS, Coastal, Classic/Heritage, Minimalist, Housewarming, Wedding, Hostess Gift, Everyday Use, Entertaining, Dinner Party, Thanksgiving, Christmas, Wedding Season, The Sunday Table, Weekend Gatherings, The Art of the Table, 100% porcelain New Bone China; open-stock single plate for replacement or set building, cat:tabletop, cat:new-arrivals"
lines-green-striped-porcelain-dinner-plate-10-6-in,"Lines Green Striped Porcelain Dinner Plate, 10.6 in",28571,Title,Default Title,"Dinner Plate, White, Porcelain, New Bone China, LINEAS, Mediterranean, Coastal, Classic/Heritage, Housewarming, Wedding, Hostess Gift, Everyday Use, Entertaining, Dinner Party, Wedding Season, Thanksgiving, Christmas, The Sunday Table, Weekend Gatherings, The Art of the Table, 100% porcelain; New Bone China porcelain, cat:tabletop, cat:new-arrivals"
granite-induction-stovetop-kettle,Granite Induction Stovetop Kettle,28572,Title,Default Title,"Stovetop Kettle, Charcoal gray with white speckles, Aluminum, Baquelita, Steel, Inoxiable, GRANITO, Organic Modern, Minimalist, Wabi-Sabi, Housewarming, Hostess Gift, Self-Gift, Coffee & Tea, Everyday Use, Gifting, Mother's Day, Christmas, Wedding Season, The Tea Ritual, The Coffee Ritual, Slow Mornings, Induction-compatible; 57.5 fl oz (1.7 L) capacity; Bakelite handle, cat:kitchen, cat:new-arrivals, seg:weeknight-ceremony"
versalles-multicolor-porcelain-salad-plates-set-of-4,"Versalles Multicolor Porcelain Salad Plates, Set of 4",28591,Title,Default Title,"Salad Plate, Multicolor, Porcelain, VERSALLES, Classic/Heritage, Coastal, Organic Modern, Housewarming, Wedding, Hostess Gift, Everyday Use, Entertaining, Serving, Wedding Season, Christmas, The Sunday Table, Weekend Gatherings, The Art of the Table, Certified lead- and cadmium-free; microwave- and dishwasher-safe, cat:tabletop, cat:gifts, cat:new-arrivals, seg:season-opener"
versalles-porcelain-cup-and-saucer-set-of-4,Versalles Porcelain Cup and Saucer Set of 4,28592,Title,Default Title,"Cup and Saucer Set, Multicolor, Porcelain, VERSALLES, Classic/Heritage, Mediterranean, Organic Modern, Housewarming, Hostess Gift, Thank-You, Coffee & Tea, Entertaining, Gifting, Mother's Day, Christmas, Wedding Season, The Coffee Ritual, The Tea Ritual, Hostess Gifts, Certified lead- and cadmium-free porcelain; microwave- and dishwasher-safe., cat:tabletop, cat:gifts, cat:new-arrivals"
wild-soul-porcelain-dinner-plates-set-of-4,Wild Soul Porcelain Dinner Plates Set of 4,28593,Title,Default Title,"Dinner Plate, Multicolor, Porcelain, ALMA SILVESTRE, Classic/Heritage, Organic Modern, Wabi-Sabi, Housewarming, Wedding, Hostess Gift, Everyday Use, Entertaining, Dinner Party, Thanksgiving, Christmas, Wedding Season, The Dinner Party, The Sunday Table, Everyday Celebrations, Certified lead- and cadmium-free; microwave- and dishwasher-safe; 100% porcelain, cat:tabletop, cat:gifts, cat:new-arrivals"
wild-soul-multicolor-salad-plates-8-3-in-set-of-4,"Wild Soul Multicolor Salad Plates, 8.3 in, Set of 4",28594,Title,Default Title,"Salad Plate, Multicolor, Porcelain, ALMA SILVESTRE, Organic Modern, Wabi-Sabi, Minimalist, Housewarming, Wedding, Hostess Gift, Everyday Use, Entertaining, Serving, Thanksgiving, Wedding Season, The Sunday Table, Weekend Brunch, Everyday Celebrations, Certified lead- and cadmium-free; microwave- and dishwasher-safe, cat:tabletop, cat:gifts, cat:new-arrivals"
alma-silvestre-porcelain-cup-saucer-set-of-4,Alma Silvestre Porcelain Cup & Saucer Set of 4,28595,Title,Default Title,"Cup & Saucer Set, Multicolor, Porcelain, ALMA SILVESTRE, Classic/Heritage, Organic Modern, Housewarming, Wedding, Hostess Gift, Coffee & Tea, Entertaining, Gifting, Mother's Day, Wedding Season, Christmas, The Tea Ritual, The Coffee Ritual, Hostess Gifts, Certified lead- and cadmium-free; microwave- and dishwasher-safe, cat:tabletop, cat:gifts, cat:new-arrivals, seg:weeknight-ceremony"
wild-soul-porcelain-bowls-6-7-in-set-of-4,"Wild Soul Porcelain Bowls, 6.7 in, Set of 4",28596,Title,Default Title,"Cereal Bowl, Multicolor, Porcelain, ALMA SILVESTRE, Organic Modern, Wabi-Sabi, Classic/Heritage, Housewarming, Wedding, Hostess Gift, Everyday Use, Entertaining, Serving, Wedding Season, Mother's Day, Thanksgiving, The Sunday Table, Weekend Gatherings, The Host's Touch, Lead- and cadmium-free; microwave- and dishwasher-safe, cat:tabletop, cat:gifts, cat:new-arrivals, seg:season-opener, seg:the-first-kitchen"
fruit-porcelain-mugs-set-of-2,"Fruit Porcelain Mugs, Set of 2",28597,Title,Default Title,"Mug Set, Multicolor, Porcelain, FRUTAL, Classic/Heritage, Mediterranean, Organic Modern, Housewarming, Thank-You, Hostess Gift, Coffee & Tea, Entertaining, Gifting, Mother's Day, Wedding Season, The Coffee Ritual, The Tea Ritual, Hostess Gifts, Lead- and cadmium-free porcelain; generous 14.5 fl oz (430 mL) capacity, cat:tabletop, cat:gifts, cat:new-arrivals, seg:someone-in-mind, seg:weeknight-ceremony"
fruit-collection-porcelain-serving-bowl-8-7-in,"Fruit Collection Porcelain Serving Bowl, 8.7 in",28598,Title,Default Title,"Serving Bowl, Multicolor, Porcelain, FRUTAL, Mediterranean, Classic/Heritage, Organic Modern, Housewarming, Hostess Gift, Thank-You, Entertaining, Serving, Gifting, Mother's Day, Thanksgiving, Wedding Season, The Sunday Table, Weekend Gatherings, A Gift with a Story, Lead- and cadmium-free porcelain; 23.7 fl oz (700 mL) capacity, cat:tabletop, cat:new-arrivals"
citrus-porcelain-serving-tray,Citrus Porcelain Serving Tray,28599,Title,Default Title,"Serving Tray, Multicolor, Porcelain, FRUTAL, Mediterranean, Classic/Heritage, Coastal, Housewarming, Hostess Gift, Thank-You, Entertaining, Serving, Gifting, Mother's Day, Easter, Wedding Season, Weekend Brunch, Cocktail Hour, The Host's Touch, Lead- and cadmium-free porcelain., cat:tabletop, cat:new-arrivals, seg:season-opener"
frutal-lidded-porcelain-sugar-bowl,Frutal Lidded Porcelain Sugar Bowl,28600,Title,Default Title,"Sugar Bowl, Multicolor, Porcelain, FRUTAL, Organic Modern, Mediterranean, Classic/Heritage, Housewarming, Hostess Gift, Thank-You, Coffee & Tea, Serving, Gifting, Thanksgiving, Wedding Season, The Coffee Ritual, The Tea Ritual, Hostess Gifts, Certified lead- and cadmium-free porcelain; fitted lid for covered sugar storage, cat:tabletop, cat:new-arrivals, seg:weeknight-ceremony"
fruit-collection-porcelain-creamer-pitcher,Fruit Collection Porcelain Creamer Pitcher,28601,Title,Default Title,"Creamer, Multicolor, Porcelain, FRUTAL, Classic/Heritage, Mediterranean, Organic Modern, Housewarming, Hostess Gift, Thank-You, Coffee & Tea, Serving, Entertaining, Mother's Day, Thanksgiving, Christmas, The Coffee Ritual, The Tea Ritual, The Sunday Table, Certified lead-free and cadmium-free porcelain; 100% porcelain., cat:tabletop, cat:new-arrivals, seg:weeknight-ceremony"
frutal-porcelain-serving-pitcher,Frutal Porcelain Serving Pitcher,28602,Title,Default Title,"Serving Pitcher, Multicolor, Porcelain, FRUTAL, Organic Modern, Classic/Heritage, Mediterranean, Housewarming, Wedding, Hostess Gift, Entertaining, Serving, Gifting, Mother's Day, Thanksgiving, Wedding Season, The Sunday Table, Weekend Gatherings, The Art of the Table, Certified lead-free pitcher; cadmium-free certification; 100% porcelain, cat:tabletop, cat:new-arrivals, seg:season-opener, seg:the-first-kitchen, seg:the-full-table"
porcelain-bee-coffee-mug-with-floral-design,Porcelain Bee Coffee Mug with Floral Design,28603,Title,Default Title,"Coffee Mug, Multicolor, Porcelain, Organic Modern, Scandinavian, Classic/Heritage, Housewarming, Hostess Gift, Thank-You, Everyday Use, Coffee & Tea, Gifting, Mother's Day, Easter, Wedding Season, Slow Mornings, The Tea Ritual, The Thoughtful Thank-You, Certified lead- and cadmium-free; microwave- and dishwasher-safe, cat:tabletop, cat:new-arrivals, seg:weeknight-ceremony"
porcelain-ladybug-mug,Porcelain Ladybug Mug,28604,Title,Default Title,"Coffee Mug, Multicolor, Porcelain, Classic/Heritage, Scandinavian, Organic Modern, Housewarming, Thank-You, Hostess Gift, Everyday Use, Coffee & Tea, Gifting, Mother's Day, Christmas, Slow Mornings, The Coffee Ritual, The Tea Ritual, Certified lead- and cadmium-free porcelain; microwave- and dishwasher-safe, cat:tabletop, cat:new-arrivals"
duna-5-piece-removable-handle-pan-set-gray,"Duna 5-Piece Removable Handle Pan Set, Gray",28607,Title,Default Title,"Pan Set, Gray, Aluminum, Baquelita, Glass, Silicone, DUNA, Organic Modern, Minimalist, Japandi, Housewarming, Wedding, Self-Gift, Everyday Use, Cooking & Baking, Gifting, Wedding Season, Mother's Day, Cooking Together, The Sunday Table, The Housewarming, Removable Bakelite handle; borosilicate glass lids, cat:kitchen, cat:gifts, cat:new-arrivals, seg:first-dinner-party, seg:the-first-kitchen, seg:weeknight-ceremony"
stainless-steel-frying-pan-with-glass-lid-8-7-in-22-cm,"Stainless Steel Frying Pan with Glass Lid, 8.7 in (22 cm)",28608,Title,Default Title,"Frying Pan, Silver, Glass, Stainless steel, OLLAS ACERO INOXIDABLE, Minimalist, Scandinavian, Organic Modern, Housewarming, Wedding, Self-Gift, Everyday Use, Cooking & Baking, Gifting, Wedding Season, Mother's Day, Father's Day, Cooking Together, Slow Mornings, The Sunday Table, Stainless steel body; borosilicate glass cover; coated cooking surface, cat:kitchen, cat:new-arrivals, seg:the-first-kitchen, seg:weeknight-ceremony"
10-2-in-stainless-steel-frying-pan-with-glass-lid,10.2 in Stainless Steel Frying Pan with Glass Lid,28609,Title,Default Title,"Frying Pan with Lid, Silver, Glass, Stainless steel, OLLAS ACERO INOXIDABLE, Minimalist, Organic Modern, Classic/Heritage, Housewarming, Wedding, Self-Gift, Everyday Use, Cooking & Baking, Gifting, Wedding Season, Christmas, Cooking Together, The Dinner Party, The Housewarming, Borosilicate glass lid; stainless steel construction, cat:kitchen, cat:new-arrivals, seg:the-first-kitchen, seg:weeknight-ceremony"
round-coated-stainless-steel-griddle-pan-9-4-in-24-cm,"Round Coated Stainless Steel Griddle Pan, 9.4 in (24 cm)",28610,Title,Default Title,"Griddle Pan, Silver, Stainless steel, OLLAS ACERO INOXIDABLE, Minimalist, Organic Modern, Housewarming, Wedding, Hostess Gift, Everyday Use, Cooking & Baking, Gifting, Mother's Day, Father's Day, Wedding Season, Slow Mornings, Weekend Brunch, Cooking Together, Compact stainless steel build with a coated cooking surface, cat:kitchen, cat:new-arrivals, seg:the-first-kitchen, seg:weeknight-ceremony"
stainless-steel-braiser-pot-with-glass-lid-3-4-qt,"Stainless Steel Braiser Pot with Glass Lid, 3.4 qt",28611,Title,Default Title,"Braiser Pot, Silver, Glass, Stainless steel, OLLAS ACERO INOXIDABLE, Minimalist, Scandinavian, Organic Modern, Housewarming, Wedding, Self-Gift, Everyday Use, Cooking & Baking, Serving, Wedding Season, Thanksgiving, Christmas, Cooking Together, The Sunday Table, Weekend Gatherings, Stainless steel body; borosilicate glass lid for visible cooking, cat:kitchen, cat:new-arrivals, seg:the-first-kitchen, seg:weeknight-ceremony"
black-aluminum-frying-pan-with-glass-lid-7-1-in-18-cm,"Black Aluminum Frying Pan with Glass Lid, 7.1 in (18 cm)",28612,Title,Default Title,"Frying Pan, Black, Aluminum, Baquelita, Glass, Silicone, ALUMINIO NEGRO, Minimalist, Organic Modern, Japandi, Housewarming, Self-Gift, Hostess Gift, Everyday Use, Cooking & Baking, Gifting, Wedding Season, Cooking Together, A Table for One, The Overnight Guest, Aluminum body with coated cooking surface; borosilicate glass lid, cat:kitchen, cat:new-arrivals, seg:weeknight-ceremony"
black-aluminum-frying-pan-with-lid-8-7-in-22-cm,"Black Aluminum Frying Pan with Lid, 8.7 in (22 cm)",28613,Title,Default Title,"Frying Pan with Lid, Black, Aluminum, Baquelita, Glass, Silicone, ALUMINIO NEGRO, Minimalist, Organic Modern, Japandi, Housewarming, Wedding, Self-Gift, Everyday Use, Cooking & Baking, Gifting, Wedding Season, Slow Mornings, Cooking Together, The Housewarming, Quick-heating aluminum body; clear borosilicate glass lid, cat:kitchen, cat:new-arrivals, seg:weeknight-ceremony"
mahogany-7-9-in-20-cm-aluminum-frying-pan,Mahogany 7.9 in (20 cm) Aluminum Frying Pan,28615,Title,Default Title,"Frying Pan, Beige, Alumino, Baquelita, CAOBA, Organic Modern, Minimalist, Japandi, Housewarming, Wedding, Self-Gift, Everyday Use, Cooking & Baking, Gifting, Wedding Season, A Table for One, Cooking Together, The Housewarming, Coated aluminum body; Bakelite handle., cat:kitchen, cat:new-arrivals, seg:the-first-kitchen"
mahogany-beige-nonstick-fry-pan-9-4-in-24-cm,"Mahogany Beige Nonstick Fry Pan, 9.4 in (24 cm)",28616,Title,Default Title,"Fry Pan, Beige, Alumino, Baquelita, CAOBA, Organic Modern, Minimalist, Scandinavian, Housewarming, Wedding, Self-Gift, Everyday Use, Cooking & Baking, Gifting, Wedding Season, Slow Mornings, Cooking Together, The Overnight Guest, Nonstick coated aluminum; bakelite handle, cat:kitchen, cat:new-arrivals, seg:the-first-kitchen, seg:weeknight-ceremony"
zen-beige-woven-placemat,Zen Beige Woven Placemat,28617,Title,Default Title,"Placemat, Beige, Papel, Polietileno, ZEN, Organic Modern, Japandi, Minimalist, Housewarming, Hostess Gift, Just Because, Everyday Use, Entertaining, Serving, Thanksgiving, Wedding Season, The Sunday Table, Weekend Brunch, The Art of the Table, Wipe-clean care with a soft cloth; 80% paper and 20% polyethylene construction, cat:tabletop, cat:new-arrivals, seg:the-full-table"
zen-green-placemat-woven-table-mat,"Zen Green Placemat, Woven Table Mat",28618,Title,Default Title,"Placemat, Green, Papel, Polietileno, ZEN, Organic Modern, Japandi, Minimalist, Housewarming, Hostess Gift, Wedding, Everyday Use, Entertaining, Gifting, Thanksgiving, Christmas, Wedding Season, The Sunday Table, Weekend Gatherings, The Art of the Table, Wipe-clean surface; textured 80% paper and 20% polyethylene construction, cat:tabletop, cat:new-arrivals"
zen-brown-taupe-woven-placemat,Zen Brown Taupe Woven Placemat,28619,Title,Default Title,"Placemat, Taupe, Papel, Polietileno, ZEN, Organic Modern, Japandi, Minimalist, Housewarming, Hostess Gift, Self-Gift, Everyday Use, Entertaining, Serving, Thanksgiving, Christmas, Wedding Season, The Sunday Table, Weekend Gatherings, Everyday Celebrations, Wipe-clean surface; 80% paper and 20% polyethylene construction, cat:tabletop, cat:new-arrivals"
brown-woven-polyester-placemat,Brown Woven Polyester Placemat,28621,Title,Default Title,"Placemat, Brown, Polyester, LINEA, Organic Modern, Japandi, Minimalist, Housewarming, Hostess Gift, Thank-You, Everyday Use, Entertaining, Serving, Thanksgiving, Christmas, Wedding Season, The Sunday Table, Weekend Gatherings, The Art of the Table, 100% polyester; wipes clean with a soft cloth, cat:tabletop, cat:new-arrivals, seg:the-full-table"
natural-round-corn-husk-placemat,Natural Round Corn Husk Placemat,28622,Title,Default Title,"Placemat, Natural, Hoja, Maiz, Organic Modern, Wabi-Sabi, Coastal, Housewarming, Hostess Gift, Just Because, Everyday Use, Entertaining, Décor & Styling, Thanksgiving, Wedding Season, The Sunday Table, Weekend Gatherings, The Host's Touch, 100% corn husk; cleans with a soft cloth, cat:tabletop, cat:new-arrivals"
versalles-porcelain-dinner-plates-set-of-4-10-6-in,"Versalles Porcelain Dinner Plates, Set of 4, 10.6 in",28643,Title,Default Title,"Dinner Plate, Multicolor, Porcelain, VERSALLES, Classic/Heritage, Mediterranean, Coastal, Housewarming, Wedding, Hostess Gift, Everyday Use, Entertaining, Dinner Party, Thanksgiving, Christmas, Wedding Season, The Sunday Table, The Dinner Party, The Art of the Table, Lead-free porcelain plates; cadmium-free; microwave- and dishwasher-safe., cat:tabletop, cat:gifts, cat:new-arrivals"
brown-lines-10-6-in-dinner-plate,Brown Lines 10.6 in Dinner Plate,28648,Title,Default Title,"Dinner Plate, White, LINEAS, Organic Modern, Minimalist, Mediterranean, Housewarming, Wedding, Hostess Gift, Everyday Use, Entertaining, Dinner Party, Thanksgiving, Christmas, Wedding Season, The Sunday Table, The Dinner Party, The Art of the Table, Graphic brown rim lines; 10.6 in (27 cm) dining surface, cat:tabletop, cat:new-arrivals"
glass-candleholder-sonic-brown,"Glass Candleholder, Sonic Brown",28651,Title,Default Title,"Candle Holder, Brown, Glass, Soda, Lime, Organic Modern, Minimalist, Bauhaus, Housewarming, Hostess Gift, Just Because, Décor & Styling, Entertaining, Gifting, Thanksgiving, Christmas, New Year, Candlelit Dinners, Slow Evenings, The Host's Touch, 100% soda-lime glass; compact sculptural form, cat:decor, cat:new-arrivals"
sonic-gray-glass-candleholder,Sonic Gray Glass Candleholder,28652,Title,Default Title,"Candleholder, Gray, Glass, Soda, Lime, Organic Modern, Minimalist, Wabi-Sabi, Housewarming, Hostess Gift, Just Because, Décor & Styling, Entertaining, Gifting, Christmas, Hanukkah, Thanksgiving, Candlelit Dinners, Slow Evenings, The Host's Touch, 100% soda-lime glass; compact sculptural profile, cat:decor, cat:new-arrivals"
falena-green-glass-decorative-vase,Falena Green Glass Decorative Vase,28653,Title,Default Title,"Decorative Vase, Green, Glass, Soda, Lime, Organic Modern, Mid-Century, Minimalist, Housewarming, Hostess Gift, Thank-You, Décor & Styling, Entertaining, Gifting, Mother's Day, Wedding Season, Flowers on the Table, The Collected Home, Hostess Gifts, 100% soda-lime glass; 79.5 fl oz (2, 350 mL) capacity; indoor decorative use, cat:decor, cat:new-arrivals, seg:someone-in-mind"
armata-gray-glass-vase,Armata Gray Glass Vase,28657,Title,Default Title,"Decorative Vase, Gray, Glass, Soda, Lime, Organic Modern, Minimalist, Coastal, Housewarming, Hostess Gift, Thank-You, Décor & Styling, Everyday Use, Gifting, Wedding Season, Flowers on the Table, The Art of the Table, The Collected Home, 100% soda-lime glass; 84.5 fl oz (2500 mL) capacity., cat:decor, cat:new-arrivals"
rando-small-brown-decorative-glass-vase,Rando Small Brown Decorative Glass Vase,28658,Title,Default Title,"Decorative Vase, Brown, Glass, Soda, Lime, Organic Modern, Wabi-Sabi, Minimalist, Housewarming, Hostess Gift, Thank-You, Décor & Styling, Gifting, Everyday Use, Mother's Day, Wedding Season, Flowers on the Table, The Art of the Table, The Housewarming, 100% soda-lime glass; compact 22.0 fl oz (650 mL) capacity, cat:decor, cat:new-arrivals"
rando-large-brown-glass-vase,Rando Large Brown Glass Vase,28659,Title,Default Title,"Decorative Vase, Brown, Glass, Soda, Lime, Organic Modern, Wabi-Sabi, Minimalist, Housewarming, Hostess Gift, Self-Gift, Décor & Styling, Entertaining, Gifting, Mother's Day, Thanksgiving, Wedding Season, Flowers on the Table, The Art of the Table, The Collected Home, 100% soda-lime glass; generous 37.2 fl oz (1.1 L) capacity, cat:decor, cat:new-arrivals"
small-green-glass-tree-candle-holder,Small Green Glass Tree Candle Holder,28660,Title,Default Title,"Votive Candle Holder, Green, Glass, Soda, Lime, Organic Modern, Scandinavian, Wabi-Sabi, Housewarming, Hostess Gift, Holiday Gift, Décor & Styling, Entertaining, Gifting, Christmas, Thanksgiving, Candlelit Dinners, Holiday Traditions, The Host's Touch, 100% soda-lime glass; compact green tree form for indoor candlelight., cat:decor, cat:new-arrivals, seg:someone-in-mind"
green-tree-glass-candle-holder-large,"Green Tree Glass Candle Holder, Large",28661,Title,Default Title,"Candle Holder, Green, Glass, Soda, Lime, Organic Modern, Scandinavian, Wabi-Sabi, Housewarming, Hostess Gift, Holiday Gift, Décor & Styling, Entertaining, Gifting, Christmas, Thanksgiving, Slow Evenings, Candlelit Dinners, The Host's Touch, 100% soda-lime glass; indoor decorative use; hand wash recommended, cat:decor, cat:new-arrivals"
belina-brown-glass-candle-holder,Belina Brown Glass Candle Holder,28662,Title,Default Title,"Candle Holder, Brown, Glass, Soda, Lime, Organic Modern, Wabi-Sabi, Minimalist, Housewarming, Hostess Gift, Self-Gift, Décor & Styling, Entertaining, Gifting, Thanksgiving, Christmas, Wedding Season, Candlelit Dinners, Slow Evenings, The Host's Touch, 100% soda-lime glass; compact sculptural profile; indoor decorative use, cat:decor, cat:new-arrivals"
belina-gray-glass-candle-holder,Belina Gray Glass Candle Holder,28663,Title,Default Title,"Candle Holder, Gray, Glass, Soda, Lime, Organic Modern, Minimalist, Wabi-Sabi, Housewarming, Hostess Gift, Self-Gift, Everyday Use, Décor & Styling, Gifting, Thanksgiving, Christmas, New Year, Candlelit Dinners, Slow Evenings, The Host's Touch, 100% soda-lime glass; hand wash with cool water and dry immediately, cat:decor, cat:new-arrivals"
destine-brown-glass-candleholder,Destine Brown Glass Candleholder,28664,Title,Default Title,"Candle Holder, Brown, Glass, Soda, Lime, Organic Modern, Minimalist, Wabi-Sabi, Housewarming, Hostess Gift, Thank-You, Décor & Styling, Entertaining, Gifting, Thanksgiving, Christmas, New Year, Candlelit Dinners, The Host's Touch, The Housewarming, 100% soda-lime glass; compact 2.0 in (5 cm) footprint., cat:decor, cat:new-arrivals"
destine-gray-glass-candleholder,Destine Gray Glass Candleholder,28665,Title,Default Title,"Candleholder, Gray, Glass, Soda, Lime, Minimalist, Organic Modern, Housewarming, Hostess Gift, Thank-You, Décor & Styling, Entertaining, Gifting, Christmas, Thanksgiving, New Year, Candlelit Dinners, Slow Evenings, The Host's Touch, 100% soda-lime glass; compact faceted form, cat:decor, cat:new-arrivals"
nonna-brown-glass-candleholder,Nonna Brown Glass Candleholder,28666,Title,Default Title,"Candle Holder, Brown, Glass, Soda, Lime, Organic Modern, Wabi-Sabi, Minimalist, Housewarming, Hostess Gift, Just Because, Décor & Styling, Entertaining, Gifting, Thanksgiving, Christmas, New Year, Candlelit Dinners, The Dinner Party, The Host's Touch, 100% soda-lime glass; compact indoor décor with hand-wash care, cat:decor, cat:new-arrivals, seg:someone-in-mind, seg:the-full-table"
nonna-gray-glass-taper-candle-holder,Nonna Gray Glass Taper Candle Holder,28667,Title,Default Title,"Taper Candle Holder, Gray, Glass, Soda, Lime, Classic/Heritage, Minimalist, Scandinavian, Housewarming, Hostess Gift, Holiday Gift, Décor & Styling, Entertaining, Gifting, Christmas, Thanksgiving, New Year, Candlelit Dinners, The Dinner Party, Holiday Traditions, 100% soda-lime glass; compact single-candle form; hand-wash care., cat:decor, cat:new-arrivals, seg:someone-in-mind, seg:the-full-table"
ovni-crystal-wine-glasses-24-7-fl-oz-730-ml-set-of-2,"Ovni Crystal Wine Glasses, 24.7 fl oz (730 mL), Set of 2",28670,Title,Default Title,"Wine Glass, Clear, Cristal, OVNI, Organic Modern, Minimalist, Classic/Heritage, Housewarming, Wedding, Hostess Gift, Entertaining, Dinner Party, Bar & Barware, New Year, Thanksgiving, Wedding Season, Wine Night, The Dinner Party, The Well-Set Bar, 100% crystal; generous 24.7 fl oz (730 mL) capacity, cat:bar-glassware, cat:gifts, cat:new-arrivals"
vega-crystal-tumbler-set-of-2,Vega Crystal Tumbler Set of 2,28672,Title,Default Title,"Tumbler, Clear, Cristal, VEGA, Minimalist, Classic/Heritage, Organic Modern, Housewarming, Wedding, Hostess Gift, Entertaining, Cocktail Hour, Bar & Barware, Wedding Season, New Year, The Dinner Party, The Well-Set Bar, 100% crystal; generous 17.9 fl oz (530 mL) capacity, cat:bar-glassware, cat:gifts, cat:new-arrivals, seg:first-dinner-party"
avant-crystal-wine-glasses-set-of-2,Avant Crystal Wine Glasses Set of 2,28673,Title,Default Title,"Wine Glass, Clear, Cristal, AVANT, Minimalist, Classic/Heritage, Organic Modern, Housewarming, Wedding, Hostess Gift, Entertaining, Dinner Party, Bar & Barware, New Year, Wedding Season, Wine Night, The Dinner Party, The Well-Set Bar, 100% crystal; clear finish; matched set of 2, cat:bar-glassware, cat:gifts, cat:new-arrivals"
totem-electric-salt-pepper-mill,Totem Electric Salt & Pepper Mill,28689,Title,Default Title,"Electric Salt & Pepper Mill, Natural, Bamboo, Ceramic, Copper, Aluminum, Stainless steel, BAMBU, Organic Modern, Japandi, Minimalist, Housewarming, Hostess Gift, Self-Gift, Everyday Use, Entertaining, Serving, Wedding Season, Christmas, Cooking Together, The Dinner Party, The Host's Touch, Electric operation for reduced hand-twisting; bamboo construction with ceramic grinding component, cat:tabletop, cat:new-arrivals"
natural-bamboo-paper-towel-holder,Natural Bamboo Paper Towel Holder,28690,Title,Default Title,"Paper Towel Holder, Natural, Bamboo, Iron, BAMBU, Organic Modern, Scandinavian, Japandi, Housewarming, Hostess Gift, Self-Gift, Everyday Use, Cooking & Baking, Gifting, Cooking Together, Open-Door Hospitality, The Host's Touch, 98% bamboo with 2% iron; compact freestanding footprint, cat:kitchen, cat:new-arrivals"
acacia-wood-salad-servers-with-ribbon-set-of-2,"Acacia Wood Salad Servers with Ribbon, Set of 2",28691,Title,Default Title,"Salad Servers, Natural, Wood, Acacia, ACACIA, Organic Modern, Japandi, Minimalist, Housewarming, Hostess Gift, Thank-You, Everyday Use, Entertaining, Serving, Thanksgiving, Christmas, Wedding Season, The Sunday Table, Weekend Gatherings, Hostess Gifts, 100% acacia wood; ribbon-tied set of 2, cat:tabletop, cat:gifts, cat:new-arrivals"
tree-shaped-bamboo-skewers-set-of-100,"Tree-Shaped Bamboo Skewers, Set of 100",28692,Title,Default Title,"Appetizer Pick, Natural, Bamboo, Wood, Dura, Organic Modern, Scandinavian, Minimalist, Hostess Gift, Housewarming, Thank-You, Entertaining, Cocktail Hour, Serving, Christmas, Thanksgiving, Weekend Gatherings, The Host's Touch, Natural bamboo and hardwood; 100-piece set; decorative tree-shaped top, cat:tabletop, cat:gifts, cat:new-arrivals"
kioto-7-9-in-20-cm-porcelain-bowl-white,"Kioto 7.9 in (20 cm) Porcelain Bowl, White",28705,Title,Default Title,"Bowl, White, Porcelain, KIOTO, Japandi, Minimalist, Organic Modern, Housewarming, Wedding, Hostess Gift, Everyday Use, Entertaining, Serving, Thanksgiving, Wedding Season, The Sunday Table, The Dinner Party, Open-Door Hospitality, 100% porcelain in white., cat:tabletop, cat:new-arrivals, seg:the-first-kitchen, seg:the-full-table"
cosmos-glass-tumbler-set-11-8-fl-oz-set-of-2,"Cosmos Glass Tumbler Set, 11.8 fl oz, Set of 2",28712,Title,Default Title,"Tumbler Glass, Clear, COSMOS, Classic/Heritage, Minimalist, Bauhaus, Housewarming, Hostess Gift, Thank-You, Bar & Barware, Entertaining, Gifting, Wedding Season, New Year, Cocktail Hour, The Well-Set Bar, Hostess Gifts, Clear glass with gold-dot detail; matched set of 2, cat:bar-glassware, cat:gifts, cat:new-arrivals"
cosmos-gold-dot-wine-glasses-set-of-2-15-oz,"Cosmos Gold Dot Wine Glasses Set of 2, 15 oz",28713,Title,Default Title,"Wine Glass, Clear, COSMOS, Classic/Heritage, Minimalist, Housewarming, Wedding, Hostess Gift, Entertaining, Bar & Barware, Gifting, New Year, Wedding Season, Wine Night, The Dinner Party, The Host's Touch, 15.0 fl oz capacity; clear glass with gold dots, cat:bar-glassware, cat:gifts, cat:new-arrivals"
gray-zebra-acrylic-tumblers-15-6-fl-oz-set-of-2,"Gray Zebra Acrylic Tumblers, 15.6 fl oz, Set of 2",28714,Title,Default Title,"Acrylic Tumbler, Gray, ZEBRA, Organic Modern, Coastal, Minimalist, Housewarming, Hostess Gift, Self-Gift, Outdoor & Patio, Bar & Barware, Entertaining, Fourth of July, Outdoor Living, Poolside, Weekend Gatherings, Break-resistant acrylic; set of 2 with generous 15.6 fl oz (460 mL) capacity, cat:outdoor, cat:gifts, cat:new-arrivals, seg:first-dinner-party, seg:season-opener"
zebra-gray-acrylic-wine-glasses-set-of-2,"Zebra Gray Acrylic Wine Glasses, Set of 2",28715,Title,Default Title,"Wine Glass, Gray, ZEBRA, Organic Modern, Minimalist, Coastal, Housewarming, Hostess Gift, Just Because, Outdoor & Patio, Bar & Barware, Entertaining, Fourth of July, Wedding Season, Cocktail Hour, Outdoor Living, The Well-Set Bar, Acrylic construction for outdoor use; textured smoke-gray bowl, cat:outdoor, cat:gifts, cat:new-arrivals, seg:season-opener, seg:someone-in-mind"
clear-acrylic-lowball-glasses-10-0-fl-oz-295-ml-set-of-2,"Clear Acrylic Lowball Glasses, 10.0 fl oz (295 mL), Set of 2",28716,Title,Default Title,"Rocks Glass, Clear, Minimalist, Coastal, Organic Modern, Housewarming, Hostess Gift, Just Because, Cocktail Hour, Outdoor & Patio, Bar & Barware, Fourth of July, Father's Day, Poolside, The Well-Set Bar, Break-resistant clear acrylic; lightweight outdoor barware; set of 2, cat:outdoor, cat:gifts, cat:new-arrivals, seg:season-opener"
gravur-clear-acrylic-drinking-glasses-set-of-2,"Gravur Clear Acrylic Drinking Glasses, Set of 2",28717,Title,Default Title,"Tumbler, Clear, GRAVUR, Organic Modern, Minimalist, Coastal, Housewarming, Hostess Gift, Self-Gift, Everyday Use, Outdoor & Patio, Entertaining, Fourth of July, Father's Day, Outdoor Living, Poolside, Weekend Gatherings, Shatter-resistant acrylic; clear 15.9 fl oz (470 mL) capacity, cat:outdoor, cat:gifts, cat:new-arrivals, seg:first-dinner-party"
atlantis-acrylic-tumblers-11-8-fl-oz-set-of-2,"Atlantis Acrylic Tumblers, 11.8 fl oz, Set of 2",28718,Title,Default Title,"Acrylic Tumbler, Clear, ATLANTIS, Coastal, Organic Modern, Minimalist, Housewarming, Hostess Gift, Just Because, Outdoor & Patio, Entertaining, Everyday Use, Fourth of July, Poolside, Outdoor Living, Weekend Gatherings, Break-resistant acrylic; outdoor-friendly set of 2, cat:outdoor, cat:gifts, cat:new-arrivals, seg:first-dinner-party, seg:season-opener"
bow-wood-napkin-rings-set-of-4,"Bow Wood Napkin Rings, Set of 4",28719,Title,Default Title,"Napkin Ring, Natural, Wood, Canna, Glauca, Organic Modern, Japandi, Coastal, Housewarming, Hostess Gift, Thank-You, Entertaining, Dinner Party, Gifting, Thanksgiving, Christmas, Wedding Season, The Sunday Table, The Dinner Party, The Host's Touch, 100% Canna glauca wood; set of 4, cat:tabletop, cat:gifts, cat:new-arrivals, seg:first-dinner-party"
holly-napkin-rings-set-of-4-in-zinc-alloy,Holly Napkin Rings Set of 4 in Zinc Alloy,28720,Title,Default Title,"Napkin Ring, Green, Aleacion, Zinc, Classic/Heritage, Organic Modern, Hostess Gift, Holiday Gift, Housewarming, Entertaining, Dinner Party, Décor & Styling, Christmas, Holiday Traditions, The Dinner Party, The Host's Touch, 100% zinc alloy; wipe clean with a soft, dry cloth, cat:tabletop, cat:gifts, cat:new-arrivals, seg:first-dinner-party"
green-tree-napkin-rings-set-of-4,"Green Tree Napkin Rings, Set of 4",28721,Title,Default Title,"Napkin Ring, Green, Aleacion, Zinc, Organic Modern, Classic/Heritage, Minimalist, Housewarming, Hostess Gift, Holiday Gift, Entertaining, Dinner Party, Décor & Styling, Christmas, Thanksgiving, The Sunday Table, Holiday Traditions, The Art of the Table, Zinc alloy construction; set of 4 for coordinated place settings, cat:tabletop, cat:gifts, cat:new-arrivals, seg:the-full-table"
duna-beige-cotton-kitchen-towels-set-of-2,"Duna Beige Cotton Kitchen Towels, Set of 2",28722,Title,Default Title,"Kitchen Towel, Beige, Cotton, Polyester, Organic Modern, Scandinavian, Minimalist, Housewarming, Hostess Gift, Thank-You, Everyday Use, Cooking & Baking, Gifting, Wedding Season, Cooking Together, The Host's Touch, The Housewarming, 90% cotton; Set of 2, cat:kitchen, cat:gifts, cat:new-arrivals"
white-cotton-tablecloth-for-dining-table,White Cotton Tablecloth for Dining Table,28723,Title,Default Title,"Tablecloth, White, Cotton, Classic/Heritage, Minimalist, Scandinavian, Housewarming, Wedding, Hostess Gift, Everyday Use, Entertaining, Gifting, Thanksgiving, Christmas, Wedding Season, The Sunday Table, The Dinner Party, Hostess Gifts, 100% cotton; washable; medium-iron safe, cat:tabletop, cat:new-arrivals"
beige-cotton-rectangular-dining-tablecloth-55-1-x-94-5-in,"Beige Cotton Rectangular Dining Tablecloth, 55.1 x 94.5 in",28724,Title,Default Title,"Tablecloth, Beige, Cotton, Organic Modern, Scandinavian, Minimalist, Housewarming, Wedding, Hostess Gift, Everyday Use, Entertaining, Dinner Party, Thanksgiving, Christmas, Wedding Season, The Sunday Table, The Dinner Party, The Art of the Table, 100% cotton; washable care; neutral beige color, cat:tabletop, cat:new-arrivals"
canon-black-decorative-vase-13-in-33-cm,"Canon Black Decorative Vase, 13 in (33 cm)",28741,Title,Default Title,"Decorative Vase, Black, Minimalist, Organic Modern, Japandi, Housewarming, Hostess Gift, Self-Gift, Décor & Styling, Gifting, Entertaining, Wedding Season, The Host's Touch, Flowers on the Table, The Housewarming, Tall profile; black decorative finish, cat:decor, cat:new-arrivals"
canon-black-decorative-vase,Canon Black Decorative Vase,28742,Title,Default Title,"Decorative Vase, Black, Minimalist, Organic Modern, Japandi, Housewarming, Hostess Gift, Self-Gift, Décor & Styling, Gifting, Entertaining, Mother's Day, Wedding Season, Flowers on the Table, The Collected Home, Hostess Gifts, Black color; 8.3 in (21 cm) tabletop scale, cat:decor, cat:new-arrivals"
adesia-gray-paring-knife-with-cover,Adesia Gray Paring Knife with Cover,28783,Title,Default Title,"Paring Knife, Gray, Plastic, Stainless steel, Minimalist, Scandinavian, Organic Modern, Housewarming, Hostess Gift, Self-Gift, Everyday Use, Cooking & Baking, Gifting, Wedding Season, Cooking Together, The Host's Touch, The Housewarming, Stainless steel blade; fitted blade cover, cat:kitchen, cat:new-arrivals"
black-handle-stainless-steel-utility-knife,Black Handle Stainless Steel Utility Knife,28785,Title,Default Title,"Utility Knife, Silver, Plastic, Stainless steel, Minimalist, Organic Modern, Housewarming, Wedding, Hostess Gift, Everyday Use, Cooking & Baking, Gifting, Wedding Season, Cooking Together, The Sunday Table, The Host's Touch, Stainless steel blade with a steady black handle; compact length for controlled prep., cat:kitchen, cat:new-arrivals, seg:the-first-kitchen"
black-handle-chef-knife-stainless-steel,"Black Handle Chef Knife, Stainless Steel",28786,Title,Default Title,"Chef Knife, Silver, Plastic, Stainless steel, Minimalist, Organic Modern, Scandinavian, Housewarming, Wedding, Self-Gift, Everyday Use, Cooking & Baking, Gifting, Christmas, Wedding Season, Cooking Together, The Sunday Table, The Housewarming, Stainless steel blade with black plastic handle; hand-wash care helps preserve the edge., cat:kitchen, cat:new-arrivals, seg:the-first-kitchen"
black-and-white-marble-slate-coasters-set-of-4,"Black and White Marble & Slate Coasters, Set of 4",28787,Title,Default Title,"Coaster Set, White, Marble, Pizarra, BLANCO Y NEGRO, Organic Modern, Minimalist, Japandi, Housewarming, Hostess Gift, Thank-You, Everyday Use, Entertaining, Bar & Barware, Christmas, Thanksgiving, New Year, Cocktail Hour, The Well-Set Bar, The Housewarming, Natural marble and slate; set of 4, cat:tabletop, cat:gifts, cat:new-arrivals"
black-and-white-marble-slate-picture-frame-8-3-x-6-3-in-21-x-16-cm,"Black-and-White Marble & Slate Picture Frame, 8.3 x 6.3 in (21 x 16 cm)",28788,Title,Default Title,"Picture Frame, White, Marble, Pizarra, BLANCO Y NEGRO, Organic Modern, Minimalist, Classic/Heritage, Housewarming, Wedding, Thank-You, Décor & Styling, Gifting, Everyday Use, Christmas, Mother's Day, Wedding Season, The Collected Home, Objects with Stories, The Housewarming, 50% marble and 50% slate; black-and-white natural stone., cat:decor, cat:new-arrivals"
black-and-white-marble-slate-picture-frame,Black and White Marble & Slate Picture Frame,28789,Title,Default Title,"Picture Frame, White, Marble, Pizarra, BLANCO Y NEGRO, Organic Modern, Minimalist, Wabi-Sabi, Housewarming, Wedding, Thank-You, Décor & Styling, Gifting, Everyday Use, Wedding Season, Mother's Day, Objects with Stories, The Collected Home, Hostess Gifts, Made with 50% marble and 50% slate; crisp black-and-white stone design, cat:decor, cat:new-arrivals"
black-and-white-marble-and-slate-picture-frame-8-3-in-21-cm,"Black and White Marble and Slate Picture Frame, 8.3 in (21 cm)",28790,Title,Default Title,"Picture Frame, White, Marble, Pizarra, BLANCO Y NEGRO, Organic Modern, Minimalist, Wabi-Sabi, Housewarming, Wedding, Hostess Gift, Décor & Styling, Gifting, Everyday Use, Wedding Season, The Collected Home, A Gift with a Story, The Host's Touch, 50% marble and 50% slate; black-and-white line design, cat:decor, cat:new-arrivals"
black-and-white-marble-slate-picture-frame-10-2-in,"Black and White Marble Slate Picture Frame, 10.2 in",28791,Title,Default Title,"Picture Frame, White, Marble, Pizarra, BLANCO Y NEGRO, Organic Modern, Minimalist, Wabi-Sabi, Housewarming, Wedding, Thank-You, Décor & Styling, Gifting, Everyday Use, Wedding Season, Objects with Stories, The Collected Home, The Housewarming, 50% marble and 50% slate; black-and-white line design, cat:decor, cat:new-arrivals"
kora-16-piece-dinnerware-set-service-for-4,"Kora 16-Piece Dinnerware Set, Service for 4",28876,Title,Default Title,"Dinnerware Set, Multicolor, Ceramic, BASICS, Organic Modern, Minimalist, Scandinavian, Housewarming, Wedding, Self-Gift, Everyday Use, Entertaining, Dinner Party, Thanksgiving, Christmas, Wedding Season, The Sunday Table, Weekend Gatherings, Everyday Celebrations, Microwave- and dishwasher-safe; 100% ceramic, cat:tabletop, cat:gifts, cat:new-arrivals, seg:first-dinner-party, seg:the-first-kitchen"
crisalia-porcelain-dinner-plates-set-of-2,Crisalia Porcelain Dinner Plates Set of 2,28877,Title,Default Title,"Dinner Plate, Multicolor, Porcelain, New Bone China, CRISALIA, Classic/Heritage, Organic Modern, Housewarming, Wedding, Hostess Gift, Entertaining, Dinner Party, Serving, Wedding Season, Thanksgiving, Christmas, The Dinner Party, Weekend Gatherings, The Art of the Table, 100% porcelain new bone china; multicolor set of 2, cat:tabletop, cat:gifts, cat:new-arrivals"
crisalia-new-bone-china-salad-plates-set-of-2,Crisalia New Bone China Salad Plates Set of 2,28878,Title,Default Title,"Salad Plate, Multicolor, Porcelain, New Bone China, CRISALIA, Organic Modern, Classic/Heritage, Minimalist, Housewarming, Wedding, Hostess Gift, Everyday Use, Entertaining, Serving, Wedding Season, The Sunday Table, Weekend Gatherings, The Art of the Table, 100% porcelain New Bone China., cat:tabletop, cat:gifts, cat:new-arrivals"
crisalia-porcelain-cup-saucer-set-4-pieces,"Crisalia Porcelain Cup & Saucer Set, 4 Pieces",28879,Title,Default Title,"Cup and Saucer Set, Multicolor, Porcelain, New Bone China, CRISALIA, Classic/Heritage, Organic Modern, Minimalist, Housewarming, Thank-You, Hostess Gift, Coffee & Tea, Entertaining, Gifting, Mother's Day, Wedding Season, Christmas, The Coffee Ritual, The Tea Ritual, The Host's Touch, 100% porcelain new bone china; coordinated 4-piece service for two, cat:tabletop, cat:gifts, cat:new-arrivals"
borosilicate-glass-candle-holder-in-red,Borosilicate Glass Candle Holder in Red,29157,Title,Default Title,"Candle Holder, Red, Glass, Classic/Heritage, Minimalist, Scandinavian, Hostess Gift, Holiday Gift, Housewarming, Décor & Styling, Entertaining, Gifting, Christmas, Valentine's Day, New Year, Candlelit Dinners, Holiday Traditions, The Art of the Table, 100% borosilicate glass; wipe-clean care, cat:decor, cat:new-arrivals"
red-holiday-candle-holder-in-borosilicate-glass-8-4-in,"Red Holiday Candle Holder in Borosilicate Glass, 8.4 in",29158,Title,Default Title,"Candle Holder, Red, Glass, Classic/Heritage, Minimalist, Scandinavian, Hostess Gift, Holiday Gift, Housewarming, Décor & Styling, Entertaining, Gifting, Christmas, Thanksgiving, New Year, Holiday Traditions, Candlelit Dinners, The Host's Touch, 100% borosilicate glass; wipe-clean care with mild soap and a damp cloth, cat:decor, cat:new-arrivals"
multicolor-glass-christmas-tree-taper-candle-holder,Multicolor Glass Christmas Tree Taper Candle Holder,29161,Title,Default Title,"Taper Candle Holder, Multicolor, Glass, Scandinavian, Organic Modern, Minimalist, Hostess Gift, Holiday Gift, Housewarming, Décor & Styling, Entertaining, Gifting, Christmas, Holiday Traditions, Candlelit Dinners, The Host's Touch, 100% borosilicate glass; wipe-clean care, cat:decor, cat:new-arrivals"
multicolor-glass-christmas-tree-candle-holder,Multicolor Glass Christmas Tree Candle Holder,29162,Title,Default Title,"Taper Candle Holder, Multicolor, Glass, Classic/Heritage, Scandinavian, Organic Modern, Holiday Gift, Hostess Gift, Housewarming, Décor & Styling, Entertaining, Special Occasion, Christmas, Thanksgiving, Holiday Traditions, Candlelit Dinners, The Host's Touch, 100% borosilicate glass, cat:decor, cat:new-arrivals"
christmas-tree-wine-glasses-13-5-fl-oz-400-ml-set-of-2,"Christmas Tree Wine Glasses, 13.5 fl oz (400 mL), Set of 2",29167,Title,Default Title,"Wine Glass, Multicolor, Glass, Classic/Heritage, Scandinavian, Hostess Gift, Holiday Gift, Thank-You, Bar & Barware, Entertaining, Gifting, Christmas, New Year, Holiday Traditions, Wine Night, The Well-Set Bar, 100% borosilicate glass; Dishwasher-safe, cat:bar-glassware, cat:gifts, cat:new-arrivals, seg:season-opener"
christmas-village-glass-cutting-board-11-8-in,"Christmas Village Glass Cutting Board, 11.8 in",29169,Title,Default Title,"Glass Cutting Board, Multicolor, Glass, Sodalime, NOCHE BUENA SNOW, Classic/Heritage, Housewarming, Hostess Gift, Holiday Gift, Serving, Décor & Styling, Gifting, Christmas, Holiday Traditions, Seasonal Tables, The Host's Touch, Dishwasher-safe soda-lime glass; nonporous cutting board surface, cat:tabletop, cat:new-arrivals"
wild-christmas-soda-lime-glass-cutting-board,Wild Christmas Soda-Lime Glass Cutting Board,29170,Title,Default Title,"Glass Cutting Board, Multicolor, Glass, Sodalime, NAVIDAD SILVESTRE, Classic/Heritage, Organic Modern, Hostess Gift, Holiday Gift, Housewarming, Serving, Entertaining, Gifting, Christmas, Holiday Traditions, The Host's Touch, Hostess Gifts, Dishwasher-safe; 100% soda-lime glass., cat:tabletop, cat:new-arrivals"
christmas-eve-glass-drinking-straws-set-of-4,"Christmas Eve Glass Drinking Straws, Set of 4",29171,Title,Default Title,"Drinking Straw, Multicolor, Glass, NOCHE BUENA SNOW, Minimalist, Scandinavian, Hostess Gift, Holiday Gift, Housewarming, Bar & Barware, Cocktail Hour, Entertaining, Christmas, Holiday Traditions, The Well-Set Bar, 100% borosilicate glass; dishwasher-safe; reusable, cat:bar-glassware, cat:gifts, cat:new-arrivals"
multicolor-borosilicate-glass-coffee-spoons-set-of-4,"Multicolor Borosilicate Glass Coffee Spoons, Set of 4",29172,Title,Default Title,"Coffee Spoon, Multicolor, Glass, NOCHE BUENA SNOW, Organic Modern, Scandinavian, Minimalist, Housewarming, Hostess Gift, Holiday Gift, Coffee & Tea, Entertaining, Gifting, Christmas, The Coffee Ritual, The Tea Ritual, Holiday Traditions, 100% borosilicate glass; dishwasher-safe., cat:tabletop, cat:gifts, cat:new-arrivals"
bosque-multicolor-glass-tray,Bosque Multicolor Glass Tray,29197,Title,Default Title,"Serving Tray, Multicolor, Glass, Soda-lime, BOSQUE, Organic Modern, Japandi, Minimalist, Housewarming, Hostess Gift, Thank-You, Entertaining, Bar & Barware, Décor & Styling, Christmas, Mother's Day, Wedding Season, Cocktail Hour, The Host's Touch, Hostess Gifts, 100% soda-lime glass; compact narrow footprint, cat:tabletop, cat:new-arrivals"
villa-red-soda-lime-side-plate-8-1-in-20-5-cm,"Villa Red Soda-Lime Side Plate, 8.1 in (20.5 cm)",29198,Title,Default Title,"Side Plate, Multicolor, Glass, Soda-lime, Organic Modern, Minimalist, Classic/Heritage, Housewarming, Hostess Gift, Wedding, Everyday Use, Entertaining, Serving, Wedding Season, The Art of the Table, The Dinner Party, Hostess Gifts, Dishwasher-safe; 100% soda-lime glass, cat:tabletop, cat:new-arrivals, seg:the-full-table"
christmas-tree-glass-side-plate-8-1-in,"Christmas Tree Glass Side Plate, 8.1 in",29199,Title,Default Title,"Side Plate, Multicolor, Glass, Soda-lime, Classic/Heritage, Minimalist, Holiday Gift, Hostess Gift, Housewarming, Entertaining, Dinner Party, Gifting, Christmas, Holiday Traditions, Seasonal Tables, The Host's Touch, Dishwasher-safe soda-lime glass; multicolor Christmas tree motif, cat:tabletop, cat:new-arrivals, seg:someone-in-mind"
green-pineapple-glass-dinner-plate-10-2-in-26-cm,"Green Pineapple Glass Dinner Plate, 10.2 in (26 cm)",29200,Title,Default Title,"Dinner Plate, Multicolor, Glass, Soda-lime, PINAS VERDE, Coastal, Organic Modern, Mediterranean, Housewarming, Hostess Gift, Birthday, Everyday Use, Entertaining, Serving, Wedding Season, The Dinner Party, Weekend Gatherings, The Art of the Table, Dishwasher-safe soda-lime glass, cat:tabletop, cat:new-arrivals"
glass-christmas-tree-serving-tray-9-1-in,"Glass Christmas Tree Serving Tray, 9.1 in",29201,Title,Default Title,"Serving Tray, Multicolor, Glass, Soda-lime, Classic/Heritage, Minimalist, Hostess Gift, Thank-You, Holiday Gift, Serving, Entertaining, Gifting, Christmas, Holiday Traditions, The Host's Touch, Hostess Gifts, 100% soda-lime glass; compact 9.1 in (23 cm) size, cat:tabletop, cat:new-arrivals"
green-pineapples-glass-side-plate-8-1-in-20-5-cm,"Green Pineapples Glass Side Plate, 8.1 in (20.5 cm)",29202,Title,Default Title,"Side Plate, Multicolor, Glass, Soda-lime, PINAS VERDE, Organic Modern, Coastal, Classic/Heritage, Housewarming, Hostess Gift, Thank-You, Everyday Use, Entertaining, Serving, Mother's Day, Wedding Season, Weekend Brunch, The Dinner Party, The Host's Touch, Dishwasher-safe; 100% soda-lime glass, cat:tabletop, cat:new-arrivals"
poinsettia-glass-side-plate-8-3-in,"Poinsettia Glass Side Plate, 8.3 in",29203,Title,Default Title,"Side Plate, Multicolor, Glass, Soda-lime, POINSETTIA VIDRIO, Classic/Heritage, Organic Modern, Housewarming, Hostess Gift, Holiday Gift, Entertaining, Serving, Gifting, Christmas, Thanksgiving, Holiday Traditions, The Sunday Table, Hostess Gifts, Dishwasher-safe; 100% soda-lime glass., cat:tabletop, cat:new-arrivals, seg:someone-in-mind"
poinsettia-glass-dinner-plate-10-2-in,"Poinsettia Glass Dinner Plate, 10.2 in",29204,Title,Default Title,"Dinner Plate, Multicolor, Glass, Soda-lime, POINSETTIA VIDRIO, Classic/Heritage, Organic Modern, Hostess Gift, Holiday Gift, Housewarming, Entertaining, Dinner Party, Serving, Christmas, Holiday Traditions, The Dinner Party, The Art of the Table, Dishwasher-safe; 100% soda-lime glass, cat:tabletop, cat:new-arrivals, seg:someone-in-mind"
poinsettia-glass-charger-plate-12-4-in-31-5-cm,"Poinsettia Glass Charger Plate, 12.4 in (31.5 cm)",29205,Title,Default Title,"Charger Plate, Multicolor, Glass, Soda-lime, POINSETTIA VIDRIO, Classic/Heritage, Organic Modern, Holiday Gift, Hostess Gift, Housewarming, Entertaining, Dinner Party, Décor & Styling, Christmas, Holiday Traditions, Seasonal Tables, The Art of the Table, 100% soda-lime glass; multicolor finish; decorative scale for layered place settings, cat:tabletop, cat:new-arrivals"
christmas-leaves-glass-bowl-16-9-fl-oz,"Christmas Leaves Glass Bowl, 16.9 fl oz",29206,Title,Default Title,"Serving Bowl, Multicolor, Glass, Soda-lime, HOJAS NAVIDAD, Classic/Heritage, Organic Modern, Hostess Gift, Holiday Gift, Housewarming, Entertaining, Serving, Gifting, Christmas, Holiday Traditions, The Host's Touch, A Gift with a Story, 100% soda-lime glass; 16.9 fl oz (500 mL) capacity, cat:tabletop, cat:new-arrivals, seg:someone-in-mind"
christmas-leaves-glass-side-plate-8-3-in-21-cm,"Christmas Leaves Glass Side Plate, 8.3 in (21 cm)",29207,Title,Default Title,"Side Plate, Multicolor, Glass, Soda-lime, HOJAS NAVIDAD, Classic/Heritage, Organic Modern, Hostess Gift, Holiday Gift, Housewarming, Entertaining, Serving, Special Occasion, Christmas, Holiday Traditions, Seasonal Tables, The Host's Touch, Dishwasher-safe; 100% soda-lime glass, cat:tabletop, cat:new-arrivals"
christmas-leaves-glass-charger-plate,Christmas Leaves Glass Charger Plate,29208,Title,Default Title,"Charger Plate, Multicolor, Glass, Soda-lime, HOJAS NAVIDAD, Classic/Heritage, Organic Modern, Hostess Gift, Holiday Gift, Housewarming, Entertaining, Dinner Party, Décor & Styling, Christmas, Holiday Traditions, Seasonal Tables, The Art of the Table, 100% soda-lime glass; reusable decorative base plate, cat:tabletop, cat:new-arrivals"
jungle-animal-gift-wrap-sheets-set-of-250,"Jungle Animal Gift Wrap Sheets, Set of 250",29716,Title,Default Title,"Gift Wrap Paper, Neutral, Organic Modern, Minimalist, Scandinavian, Self-Gift, Holiday Gift, Corporate/Client, Gifting, Everyday Use, Special Occasion, Christmas, The Host's Touch, Everyday Celebrations, Hostess Gifts, 250 pre-cut paper sheets; jungle animal print, cat:gifts, cat:new-arrivals"
